x,y,score,im_path,prompt
0.3469797,0.4650991,0.26065528869628907,train/00000045.jpg,Oil on canvas painting by John Singer Sargent of one billion parrots in flight.
0.32060272,0.6635191,0.23083576202392578,train/00000136.jpg,A Goku Lego in 3D render.
0.5643739,0.25239444,0.2618733978271484,train/00000188.jpg,a woman standing over a kitchen sink preparing food.
0.7537108,0.4879171,0.2915717315673828,train/00000302.jpg,there are many giraffes that are standing by a fence
0.25699955,0.4790786,0.2422677230834961,train/00000364.jpg,A kraken with translucent fangs swims in space eating a planet while the background displays stars and a nebula.
0.47663102,0.6801173,0.27891427993774415,train/00000718.jpg,"A male explorer is portrayed in a highly detailed digital painting illustration by artgerm, Greg Rutkowski, and Alphonse Mucha on ArtStation."
0.8413191,0.34339547,0.2787474060058594,train/00000760.jpg,A man wearing a red arctic coat snow skiing down a snow covered hill.
0.4717077,0.83633,0.2829599952697754,train/00000855.jpg,A psychedelic witch in front of a highly intricate and detailed backdrop.
0.21120492,0.45368496,0.24486679077148438,train/00000971.jpg,An abandoned movie theatre hallway with high-contrast neon lighting showcasing a low-poly Playstation 1 game.
0.27655008,0.49864626,0.2524293327331543,train/00000973.jpg,"A vertical digital painting showcasing an intricate and beautiful abstract design with a grunge style, featuring a dark color scheme of blue, dark red, and dark purple gradient."
0.20251702,0.5228272,0.25670156478881834,train/00001244.jpg,The image is of glass candle grenades.
0.44727057,0.5055931,0.28018358230590823,train/00001339.jpg,A mechanical dinosaur sculpture made from chrome wires and tubes in a black studio.
0.83031005,0.28994715,0.29020864486694337,train/00001342.jpg,A man on a motorcycle dressed in black leather.
0.4405015,0.24105243,0.25986236572265625,train/00001423.jpg,a table with a plant and some fruit on it 
0.67637736,0.29924983,0.30003231048583984,train/00001490.jpg,Two men at a cafe looking at something.
0.73277533,0.36203945,0.2876681137084961,train/00001545.jpg,a man and his dog riding in a green convertible 
0.32577708,0.50115925,0.2662229537963867,train/00001589.jpg,A painted representation of a speculative evolution of a monarch butterfly by Dougal Dixon.
0.2575611,0.48508525,0.2429296875,train/00001616.jpg,"A piece of lace jewelry arranged in a swirling, fractal pattern with sparkling gems."
0.56390387,0.44875225,0.2547795486450195,train/00002232.jpg,"Monkeys in suits sitting around a conference table with microphones, in front of a blue backdrop."
0.6544052,0.13444266,0.2586575126647949,train/00002353.jpg,The church tower has a clock displayed for the people.
0.3888985,0.5371138,0.2480476188659668,train/00002786.jpg,"An old brick house monster stomping menacingly, people are running away in panic screaming."
0.47708493,0.8288376,0.2837385749816895,train/00002869.jpg,"Young female fire angel with white hair and flames, depicted in a highly detailed and intricate digital painting."
0.5988484,0.5556179,0.2717641830444336,train/00003233.jpg,"The image is a portrait of a faun with furry ears and paws, wearing a collar and antlers, alongside a skunk, mummy wraith, and various other surreal elements."
0.5637343,0.26814434,0.2738543701171875,train/00003593.jpg,A little girl cutting up food on a  cutting board.
0.2653097,0.658612,0.2315285873413086,train/00003636.jpg,"Bob Ross painting a Buzz Lightyear toy on canvas, with mountains and trees in the background."
0.42811626,0.75430095,0.256106014251709,train/00003895.jpg,Mona Lisa by Leonardo da Vinci in oil on canvas.
0.8165837,0.3556549,0.2595768928527832,train/00003901.jpg,A man riding skis down the side of a snow covered ski slope.
0.31131178,0.44534352,0.26662311553955076,train/00003914.jpg,A scifi space rocket fires from a launch platform with engine exhaust creating a dynamic landscape.
0.4419232,0.80858475,0.2815766906738281,train/00003946.jpg,"A close-up photorealistic portrait of April, the female character from videogame The Longest Journey."
0.09707685,0.33563554,0.25467071533203123,train/00004075.jpg,A tree in the desert depicted in an airbrush painting by Breyten Breytenbach with a detailed sand pattern.
0.4885415,0.15146294,0.24883686065673827,train/00004169.jpg,"A kitchen area with dove, microwave and dishwasher."
0.47641554,0.8056601,0.27393379211425783,train/00004247.jpg,Wallsize painting of an Amazon warrior goddess.
0.20275478,0.3461259,0.26124324798583987,train/00004306.jpg,"Knights on horseback overlook a walled fort city with deteriorating buildings and a forest backdrop, inspired by the post-apocalyptic aesthetic in oil on canvas."
0.40986222,0.6332164,0.2734773445129395,train/00004350.jpg,Photo of Suki from Avatar: The Last Airbender.
0.5195782,0.86378706,0.28517210006713867,train/00004419.jpg,"White lioness with tribal peacock feather headdress and flowers, in a detailed magical realism painting."
0.46388826,0.5463122,0.2672633171081543,train/00004430.jpg,A detailed giant monster god with a frozen tundra background by several artists.
0.4352995,0.22070442,0.269070987701416,train/00004715.jpg,"A glass of campaign sitting on a table, ready to be served."
0.48970038,0.39152944,0.23599428176879883,train/00004839.jpg,Goro Fujita illustrates an underground rabbit house with interconnected labyrinths.
0.47421643,0.13698708,0.25723426818847656,train/00005081.jpg,A kitchen with orange walls and a sink filled up
0.4300153,0.7216014,0.24093629837036132,train/00005184.jpg,Portrait of Darth Vader in shades of grey and red by Jeremy Mann.
0.9625162,0.4212191,0.2530423927307129,train/00005201.jpg,A plane that is flying high above the power lines.
0.58811295,0.6807515,0.2910549926757813,train/00005343.jpg,A portrait of a crossfit bodybuilder sprinter dressed in a red and black futuristic costume with painted art by various artists.
0.30689442,0.5228756,0.25902584075927737,train/00005414.jpg,A digital painting of an elegant elemental entity with vivid colors and high contrast.
0.932711,0.3820987,0.2854254150390625,train/00005416.jpg,Two small planes parked in an open grassy field.
0.40158585,0.85436064,0.26302331924438477,train/00005442.jpg,"A cyberpunk-style illustration of a young Black woman with a Blade Runner city background, created by Gustav Klimt."
0.6344232,0.41504368,0.2773126602172852,train/00005541.jpg,"A white anthro cat sitting on a light blue couch against a digital art background, posted on r/furry."
0.24682267,0.9734299,0.2694746208190918,train/00005650.jpg,A girl in a suit holds a huge rose flower under her head in a surreal photograph reminiscent of impressionist and digital paintings by Simon Stålenhag on ArtStation.
0.3637261,0.7795157,0.2179827880859375,train/00005736.jpg,"A digital painting of the ""Goddess of Russia"" in a highly detailed and smooth style, featuring concept art by artgerm, Greg Rutkowski, and Edgar Maxence, created using Unreal Engine 5 and posted on ArtStation."
0.1232378,0.3629243,0.2513576126098633,train/00005773.jpg,"A landscape painting by Monet depicting a pine tree forest, a lake with kayaks, a stream, and grassy hills with trees, in dramatic lighting."
0.64400244,0.42970383,0.28463489532470704,train/00005898.jpg,A maincoon cat surrounded by green leaves in the style of Mantegna.
0.6345846,0.7057431,0.27390968322753906,train/00006062.jpg,Undead mage lord sitting on scarab in dramatic lighting.
0.4051037,0.22137001,0.27406131744384765,train/00006133.jpg,A laptop with legs viewed from below.
0.39004672,0.9308036,0.27828254699707033,train/00006199.jpg,"Pin-up model dressed in a post war military uniform standing in front of a park, painted in a watercolor style resembling Gil Elvgren's art."
0.4025747,0.84574294,0.2547361183166504,train/00006241.jpg,Portrait of a pretty face in a post-apocalyptic steampunk setting with a destroyed city background.
0.48700586,0.6645879,0.27892604827880857,train/00006297.jpg,"A highly-detailed digital painting of a lich, a fantasy creature, in a portrait-style, created by multiple artists."
0.3826296,0.63216317,0.25670528411865234,train/00006342.jpg,Elijah Wood in Spykids 3D.
0.5310809,0.26666325,0.2647930908203125,train/00006375.jpg,A man stands in front of a large mirror in the bathroom.
0.4213623,0.04975402,0.27604175567626954,train/00006379.jpg,A bathroom with a freestanding tub and two sinks.
0.59684896,0.8284113,0.28807634353637696,train/00006517.jpg,A damaged female spec ops cyborg is being repaired in a futuristic military medical bay with cables hanging from the ceiling and floor.
0.5977393,0.82727486,0.2824222373962402,train/00006519.jpg,A damaged female spec ops cyborg is being repaired in a futuristic military medical bay with cables hanging from the ceiling and floor.
0.3375983,0.92710423,0.25589174270629883,train/00006540.jpg,An anime-style 3D poster featuring two schoolgirls in maid outfits hugging inside a car in a foggy parking lot.
0.26640955,0.5757094,0.26763715744018557,train/00006718.jpg,"Motherhood depicted by Disney concept artists with distinct borders, following the rule of thirds."
0.09494953,0.7456735,0.26948028564453125,train/00006769.jpg,A volcano made of ivory vines and crimson rocks erupts with demonic eye-shaped smoke.
0.26070407,0.42065108,0.2523698425292969,train/00006957.jpg,The image features a dieselpunk city with vehicles and a monorail.
0.39042622,0.4663138,0.2903388214111328,train/00007042.jpg,A portal machine that leads to Sonic's world.
0.3512781,0.04585224,0.2634516906738281,train/00007102.jpg,A toilet is next to a tan wall in a bathroom. 
0.5280407,0.8403169,0.2763127899169922,train/00007137.jpg,A concept art painting by Hsiao-Ron Cheng featuring a kaleidoscope art deco pattern of blonde faces goddesses and amalgamation flowers.
0.40084153,0.045277324,0.2670741081237793,train/00007162.jpg,An unusual shower and tub combination in a colorful bathroom.
0.43901706,0.88257813,0.2882238960266113,train/00007203.jpg,An oil painting of a sad anime clown girl created with a palette knife and brush strokes.
0.84085923,0.24870282,0.28472620010375976,train/00007223.jpg,Men standing near motorcycles parked outside near a building.
0.22117877,0.9749404,0.24983106613159178,train/00007252.jpg,"A closeup of a giant dahlia flower head with a girl in a suit standing in a street under a blue sky at sunrise, resembling an impressionist painting by Simon Stalenhag."
0.80143607,0.23871714,0.283813419342041,train/00007301.jpg,Several cars are traveling on a city street while a bicyclist waits to cross the street.
0.5563371,0.7845632,0.24603502273559572,train/00007518.jpg,"A damaged cyborg is being repaired in a super advanced military medical bay, in a highly detailed cyberpunk-inspired illustration by Yintion J - Jiang Geping, Artgerm, Greg Rutkowski, and Alphonse Mucha on Artstation."
0.8126421,0.34833726,0.2774456787109375,train/00007583.jpg,A person standing over a snowboard in the snow.
0.07810368,0.32363075,0.2626674270629883,train/00007893.jpg,A wooden haynka stands alone in a pine forest glade in the Carpathian forests of Europe in a detailed watercolor by Lurid.
0.6599572,0.3939357,0.29294267654418943,train/00007922.jpg,"A cat wearing high top sneakers and sunglasses, riding a skateboard."
0.42036137,0.7856355,0.26183095932006833,train/00008037.jpg,"A highly detailed digital painting of an Inuit empress in a fantasy-style portrait, trending on Artstation and created by Artgerm, Greg Rutkowski, and Magali Villeneuve."
0.5531424,0.6999171,0.265233211517334,train/00008044.jpg,A dark robotic fencer wearing a helmet in a science fiction portrait.
0.15351538,0.39688927,0.24603033065795898,train/00008124.jpg,"The image depicts a dark, ominous schoolyard wall with a blue cold sky in the background."
0.6337845,0.7590458,0.2491518020629883,train/00008153.jpg,Jedi Luke Skywalker stands in a crystal cave surrounded by red gemstones with his blue lightsaber in an iconic cinema scene.
0.82456595,0.26898417,0.2899849319458008,train/00008386.jpg,Two people are riding on a motorcycle past a man.
0.26929244,0.5257592,0.2523082733154297,train/00008431.jpg,Patrick Nagel's art featuring The Great Wave off Kanagawa.
0.58849454,0.73998463,0.2699801635742187,train/00008445.jpg,Thorin Oakenshield holding a war axe in a film still concept art.
0.43525404,0.8074342,0.2689458084106445,train/00008514.jpg,"A cute Asian cosplay girl dressed as Hatsune Miku, illustrated by Gil Elvgren and rossdraws."
0.44986,0.142134,0.2751060676574707,train/00008552.jpg,A blue wall and a white stove with a blue and white checker background.
0.43079698,0.80385476,0.2736425971984863,train/00008698.jpg,A female priestess in traditional garbs depicted in highly detailed digital painting.
0.54163355,0.6815268,0.27656015396118167,train/00008731.jpg,"The image depicts an American man wearing assault powered armor in a Square Enix game style, painted by Greg Rutkowski and rendered with Octane Render."
0.36149788,0.41935974,0.27913167953491214,train/00008803.jpg,Person jumping out of a spaceship into a nebula.
0.52567154,0.4747498,0.25233921051025393,train/00008815.jpg,A clipart image featuring African animals.
0.2482065,0.97791535,0.28114831924438477,train/00008969.jpg,Girl with a daisy head veil walking in a flower field at sunrise in a dreamy and colorful digital artwork by Simon Stalenhag.
0.55599296,0.68180025,0.29133056640625,train/00009050.jpg,"A detailed portrait of a pilot in an anti-g flight suit, with an open mouth and terrified expression in a xenomorph medical bay scene."
0.5230563,0.905357,0.2900222206115723,train/00009286.jpg,A portrait of a woman wearing a red dress with a garden background in an American-style pin-up pose.
0.48178798,0.56086844,0.26086055755615234,train/00009552.jpg,A demonic crow wearing a man costume in an exterior desert oasis.
0.47352856,0.34401575,0.2723455810546875,train/00009602.jpg,"An image of Ulthar, a city filled with cats."
0.5448622,0.67191035,0.2906586456298828,train/00009627.jpg,"A close-up portrait of Ed Westwick as a friendly and smiling prince mage, with an abstract sunfire background."
0.8222504,0.29225764,0.2847597885131836,train/00009707.jpg,A man wearing a hat riding a motorcycle.
0.22544783,0.96457434,0.23987682342529296,train/00009720.jpg,"A girl standing on a mountain with a giant dahlia flower as her head, against a backdrop of blue storm clouds, in a surreal impressionist digital painting by Simon Stålenhag."
0.43199012,0.55925745,0.24360689163208007,train/00009808.jpg,The image is a dark and intricate digital painting of a monstrous alien with symmetrical features.
0.21903898,0.5829204,0.24644397735595702,train/00009916.jpg,Illustration on wikiHow demonstrating how to hide the sun.
0.35391748,0.46953008,0.2565496826171875,train/00010019.jpg,"A cosmic worm eating a star, art by Greg Rutkowski."
0.4442684,0.48720372,0.2817118835449219,train/00010139.jpg,An octopus is grabbing a small submarine underwater in an illustration by Greg Rutkowski.
0.97112596,0.4181566,0.25691053390502927,train/00010159.jpg,a plane flys through the grey sky 
0.2680476,0.44245094,0.24829423904418946,train/00010227.jpg,"A hyperrealistic UFO hovering in a dark night sky with star trails, dramatic light, and fluffy clouds."
0.2242406,0.9715656,0.23461490631103515,train/00010300.jpg,"A girl walks under a giant dahlia flower on a mountain, with surreal elements, stars, and storm clouds, in an artwork by Simon Stalenhag on Artstation."
0.47652027,0.69362193,0.2616705894470215,train/00010407.jpg,"A smirking male bard portrait in digital painting style, featuring a D&D fantasy concept with high detail and art by artgerm, greg rutkowski, and alphonse mucha."
0.2927188,0.8576328,0.2111294937133789,train/00010427.jpg,"A girl runs from a giant robot invasion in a deserted junk town, with broken vending machines and bold graffiti in the background."
0.5717791,0.24790141,0.2711447525024414,train/00010472.jpg,A kitchen scene with several people preparing food.
0.41187,0.8240749,0.24814334869384766,train/00010488.jpg,"A digital painting of an elf woman in battle armor, with olive skin and long dark hair."
0.24615583,0.5416741,0.2438261604309082,train/00010509.jpg,The image is a futuristic Soviet propaganda poster featuring a broken giant marble head statue ruins in a surreal vaporwave liminal space at night with the Milky Way in the background.
0.32037258,0.5090902,0.24540746688842774,train/00010600.jpg,A poster for an anime movie about a wizard school.
0.67032975,0.7227094,0.25398805618286135,train/00010642.jpg,"An attractive male android, half robot and half humanoid, posed like a statue with shiny skin and a blank stare, resembling Twitch streamer Ninja Tyler Blevins."
0.34404996,0.8075606,0.22063074111938477,train/00010684.jpg,A lioness portrayed as a beautiful woman with a vivid cloth draped over her.
0.26001513,0.67186165,0.2168935012817383,train/00010796.jpg,A movie poster featuring Pennywise jumping out of a birthday cake.
0.20983694,0.40491384,0.26617408752441407,train/00010903.jpg,"A digital painting of a highly detailed Greek Revival mansion, created as concept art and illustrated by Raphael Lacoste and Greg Rutkowski."
0.35281163,0.6978819,0.2381705856323242,train/00011024.jpg,A skeleton astronaut without his helmet on a colorful alien planet with lime trees.
0.34762588,0.78989893,0.20236972808837891,train/00011056.jpg,"The image is a close-up portrait of a goddess surrounded by various sea creatures and intricate artwork by Tooth Wu, wlop, and Beeple, rendered in high detail using Octane and trending on ArtStation."
0.6300805,0.35436526,0.28220298767089846,train/00011393.jpg,A black and white cat sits in a white sink.
0.21656677,0.5172627,0.24204986572265624,train/00011460.jpg,A normal map for a 3D colorful recycled plastic texture.
0.64468396,0.29731515,0.27086544036865234,train/00011501.jpg,A couple of beautiful women talking to an older man.
0.4391554,0.8528996,0.2779087066650391,train/00011609.jpg,"Portrait of a girl soldier wearing a Gundam mobile suit with a glass helmet, by Kai Yi."
0.4269299,0.83280903,0.2556888198852539,train/00011651.jpg,".

A green witch walks through a garden of magical plant creatures in the style of 1992 X-Men: The Animated Series."
0.47881326,0.1547863,0.26325082778930664,train/00011672.jpg,"A small white kitchen with a stove, refrigerator, table, and dishwasher."
0.3882603,0.81721836,0.25048988342285156,train/00011715.jpg,"A blue ink, one-line female portrait with abstract faces printed on a fashion poster."
0.9311836,0.3962037,0.25870519638061523,train/00011903.jpg,A picture of a plane in a runway.
0.22410631,0.57516503,0.2553693389892578,train/00011920.jpg,An image of two complementary forces representing all aspects and phenomena of life by Raymond Briggs.
0.31536362,0.97038394,0.27110111236572265,train/00012049.jpg,Image of a woman with a paper bag over her head holding a sword in a rubble-filled environment.
0.44339818,0.80368924,0.276643123626709,train/00012071.jpg,A highly detailed digital painting of an Aztec empress in a fantasy setting with sharp focus and created by a team of artists.
0.41213676,0.53162867,0.2704000473022461,train/00012137.jpg,A photorealistic closeup of Bob Ross painting Iron Man and trees on canvas.
0.482751,0.69199955,0.27074527740478516,train/00012321.jpg,"A portrait of actor Lee Byung-hun in a black suit, created as a highly detailed digital painting by artists Artgerm and Greg Rutkowski for Artstation as concept art."
0.080471605,0.34372556,0.2364622688293457,train/00012385.jpg,An enchanted forest with a swamp in Hearthstone.
0.21857768,0.46028575,0.24308382034301756,train/00012403.jpg,The image is a highly detailed miniature architecture model represented on a satellite image used as a game map for the casual game Anno 1602.
0.6252881,0.39111492,0.2644963264465332,train/00012483.jpg,"Image of a dog on a sofa staring at its food dish under a window in a living room, illustrated by Goro Fujita."
0.5303656,0.26943442,0.27753162384033203,train/00012603.jpg,A black man is taking a mirror selfie
0.8605857,0.19050643,0.31607999801635744,train/00012652.jpg,Blue motorcycle parked outside on the side of the road.
0.6623625,0.51437354,0.30331212997436524,train/00012659.jpg,A cartoon wolf in a hot dog costume and sunglasses holds a slice of pizza in its mouth.
0.39988098,0.95026374,0.28772146224975587,train/00012661.jpg,"A bunnygirl stands on a Tokyo street surrounded by a glowing forest and mushrooms, with machines in the background, beneath a starry sky."
0.6898335,0.5467232,0.2865239334106445,train/00012671.jpg,The image is of an anthropomorphic orange walking on a sidewalk.
0.42051354,0.054077625,0.2656415939331055,train/00012799.jpg,Interior of bathroom with tub and sliding glass divider and dark tile.
0.5723019,0.81145227,0.2646666145324707,train/00012910.jpg,"The image depicts Joshua Middleton's comic art featuring the beautiful, evil Eva Green as the Indigo Magician, wearing leather clothing and boots with long red hair, a symmetrical face, and a sneering expression, showcasing the Indigo occult pattern."
0.7214033,0.17072622,0.2768617248535156,train/00013017.jpg,The driver's side mirror of a bus riding on a ferry.
0.3807031,0.062801525,0.2597963523864746,train/00013038.jpg,THERE IS A TUB AND TOILET IN THE BATHROOM
0.3740579,0.8675155,0.26447343826293945,train/00013138.jpg,A woman crying as her city is destroyed in an illustration on DeviantArt.
0.59547395,0.9007254,0.26092041015625,train/00013212.jpg,A hot lemon female character is building a sandcastle on the beach at sunset with a hat while waves crash behind her.
0.67665946,0.37821466,0.289366340637207,train/00013282.jpg,A brown dog laying down in a room next to a desk.
0.6827538,0.38218573,0.27791193008422854,train/00013548.jpg,a small dog is sitting in front of the tv
0.614415,0.48865512,0.2706790542602539,train/00013638.jpg,A raccoon riding an oversized fox through a forest in a furry art anime still.
0.838483,0.25652313,0.30717321395874025,train/00013669.jpg,A group of people riding motorcycles down a street.
0.6715597,0.70349365,0.2830917167663574,train/00013686.jpg,"A half-robot, half-humanoid male android named Sebastian Yatra posing like a statue with shiny skin and a blank stare."
0.6697093,0.69633496,0.2977462387084961,train/00013687.jpg,"A half-robot, half-humanoid male android named Sebastian Yatra posing like a statue with shiny skin and a blank stare."
0.6708105,0.7214222,0.2608804130554199,train/00013700.jpg,"Realistic photo of a male android bodybuilder Chris Redfield, with shiny skin, posing robotically and a blank stare."
0.4744756,0.8129034,0.28474620819091795,train/00013726.jpg,An image of a goddess protecting the earth with intricate details and realistic lighting effects.
0.54678434,0.84133375,0.2779616165161133,train/00013898.jpg,A female figure made of steak.
0.5186832,0.47003186,0.25069459915161135,train/00013980.jpg,Digital oil painting of a unicorn by Greg Rutkowski.
0.42981553,0.8427346,0.27150110244750975,train/00014126.jpg,Anime sketch of Maria Ramboeu.
0.24770513,0.553942,0.2530767250061035,train/00014338.jpg,"The image has a cinematic and filmic quality, resembling a 35mm film with the use of AI."
0.5719835,0.546154,0.28303215026855466,train/00014437.jpg,A white dragon with blue eyes against an epic background.
0.6876752,0.16294202,0.2670859146118164,train/00014504.jpg,"A dark, foggy night scene shows the length of a street with stop lights cutting into the gloom and culminating with a church at the far end. "
0.36415824,0.019876841,0.2918577766418457,train/00014579.jpg,A red helmet is on a yellow toilet in the dirt.
0.44812524,0.14536592,0.2804785346984863,train/00014628.jpg,A kitchen with grey countertops and red tile.
0.40922087,0.89105654,0.2732374954223633,train/00014845.jpg,"A young female warrior stands in light armor on a battlefield with a haunted forest in the background, inspired by the artwork of Luis Royo."
0.47384286,0.15286495,0.26117408752441407,train/00014905.jpg,Light shines in a kitchen with white cabinets and a stove.
0.3848951,0.6410533,0.23712440490722655,train/00014992.jpg,"A portrait of Vincent van Gogh drinking cola, in the style of The Starry Night, with a surprised expression and detailed features."
0.45557934,0.6780632,0.2690257453918457,train/00015066.jpg,"Portrait of Ryan McPartlin in intricate, detailed digital painting by Artgerm, Greg Rutkowski, and Alphonse Mucha on ArtStation."
0.28489378,0.39858717,0.26984193801879885,train/00015103.jpg,"A stairway filled with orange juice, creating a scene of horror."
0.55113107,0.6833088,0.2753191566467285,train/00015164.jpg,A fantasy portrait of a purple-skinned character with a Thanos-inspired appearance and a handmade black snake skin eye patch with buckle.
0.17599888,0.41084427,0.25220664978027346,train/00015258.jpg,"""Oil on canvas painting of El Balneario on Pedregalejo beach in Málaga."""
0.4261706,0.62105036,0.26373374938964844,train/00015289.jpg,An illustration of Luffy in Pixar style as a concept art with high detail.
0.32660484,0.035847228,0.27258810043334963,train/00015525.jpg,A toilet with a roll of toilet paper is shown next to it.
0.9510869,0.40175235,0.2632859039306641,train/00015529.jpg,Pontoon propeller airplane taking off near a docked cruise ship.
0.4172255,0.79757243,0.2611665153503418,train/00015581.jpg,A portrait of a lioness queen depicted as a beautiful woman in D&D concept art.
0.46106607,0.5609742,0.26707628250122073,train/00015667.jpg,"An illustration of Iron Maiden's mascot, Eddie, exploding into pieces done by Derek Riggs."
0.61740476,0.4618781,0.25996980667114256,train/00015744.jpg,A bear balances on a high-wire with a large cake in its paws.
0.9737178,0.406408,0.2670192337036133,train/00015800.jpg,"A red, white, and blue airplane is flying in the sky."
0.6689161,0.12030277,0.28395774841308596,train/00015854.jpg,a clock in the wall of a building above a doorway
0.12252124,0.6208528,0.2102730941772461,train/00015920.jpg,"The image depicts bone and teeth intertwined with futuristic circuitry, a ghostly figure, skulls morphing, and strange alien planets in a surreal landscape."
0.8300179,0.2660612,0.27584251403808596,train/00015960.jpg,Two people on a motorcycle in front of a white house.
0.50410575,0.7943598,0.25895225524902343,train/00016173.jpg,Vintage horror illustration of an old lady staring down a dark stairwell with candlelight illumination.
0.1822257,0.6001691,0.21619443893432616,train/00016288.jpg,"A powerful Pokemon card featuring impressive attacks, stats, and art."
0.21691571,0.3809902,0.261904239654541,train/00016381.jpg,"A city floating in clouds during a pink sunset, depicted as an oil painting with dramatic lighting."
0.46939084,0.82311046,0.27798561096191404,train/00016494.jpg,An attractive female fire angel with long white hair and wearing flames in an intricate and highly detailed digital painting.
0.46739748,0.6984276,0.2579326629638672,train/00016550.jpg,"A young man wearing 16th century clothes in a D&D fantasy portrait, digitally painted with highly detailed illustration by artgerm, greg rutkowski, and alphonse mucha."
0.8422013,0.298331,0.2931753349304199,train/00016752.jpg,A man in yellow jacket on black motorcycle with a tan teddy bear.
0.7041217,0.17678891,0.25115379333496096,train/00016792.jpg,A city street filled with traffic at night.
0.18717887,0.4439758,0.2295609474182129,train/00016812.jpg,Moon shattering over Manhattan in new disaster movie at night.
0.19551794,0.42581084,0.24081924438476562,train/00017120.jpg,"A cyberpunk digital art depicting a Victorian-era street with volumetric lighting, thick smog, steam, and orange street lamps."
0.5381717,0.50328296,0.26196792602539065,train/00017138.jpg,"The image depicts a sticker art of the Pokemon Jumpluff as a cute mascot named Miss Cotovol, designed by artist Beeple and used as a game icon by Cronobreaker."
0.17500654,0.37307897,0.2601111602783203,train/00017218.jpg,"A spooky village with dense fog and an eerie atmosphere features one house, creating a sense of fear in a horror game."
0.25485215,0.38834897,0.29380767822265624,train/00017274.jpg,A colorful digital painting featuring a store filled with fantasy-themed merchandise.
0.3852398,0.6293837,0.25378631591796874,train/00017295.jpg,Soulja Boy character in Red Dead Redemption 2 game.
0.3057564,0.5576237,0.26678062438964845,train/00017393.jpg,"Album cover of ""Ephemeral Mage and Warrior"" by Akihiko Yoshida."
0.43065938,0.82013124,0.2620400810241699,train/00017530.jpg,"Daisy Ridley as the Sith Empress in a black satin robe and metal belt with a neutral expression, detailed eyes, and make-up that portrays a crying and sweaty look."
0.4428338,0.95164925,0.27419036865234375,train/00017862.jpg,Sleeping woman with mushrooms as camouflage.
0.75801456,0.16862425,0.28890491485595704,train/00017906.jpg,A silver Nissan truck is parked on the side of a road.
0.33226484,0.036089346,0.28169832229614256,train/00017911.jpg,A toilet with buttons or a remote control.
0.3726784,0.8321413,0.24491287231445313,train/00018004.jpg,"An oil painting depicts Tracer from Overwatch in a field with a large black leather choker around her neck, styled in the expressive and detailed fashion of Mark Arian."
0.17655984,0.39868057,0.25356058120727537,train/00018035.jpg,"The image is a highly detailed digital painting of mountains under a paisley-filled sky filled with stars, featuring intricate concept art created by Michael Whelan and Charles Williams."
0.64600945,0.55116576,0.3030666160583496,train/00018049.jpg,"Barbie doll holding a chicken, oil painting from the 1980s."
0.38291422,0.057104167,0.26485374450683596,train/00018071.jpg,A bathroom is shown with a sink and toilet.
0.34796047,0.4754093,0.27355321884155276,train/00018247.jpg,Undressed women creating a detailed human tower resembling a giant sculpture from ancient Rome.
0.07470126,0.34902442,0.2491803741455078,train/00018269.jpg,Enchanted forest by Guillaume Seignac.
0.34721607,0.93709725,0.26209535598754885,train/00018349.jpg,A young maid dressed in a black SS military uniform with blond hair and blue eyes looks apathetic.
0.19149925,0.46191382,0.23064876556396485,train/00018692.jpg,An illustration of an anthill's underground labyrinth viewed from inside.
0.42636636,0.06259913,0.2667677307128906,train/00018804.jpg,A white sink and mirror in a room.
0.54132366,0.7510099,0.24913066864013672,train/00018920.jpg,A soldier with angel wings stands victorious on a pile of skulls with a blue and yellow flag.
0.36863348,0.042770684,0.2687622261047363,train/00018928.jpg,A toilet set inside of a bath tub.
0.42460954,0.72369593,0.2437455940246582,train/00019100.jpg,A digital illustration of Aragorn wearing medieval armor with a red cross on a yellow flag in the background.
0.5961436,0.6787679,0.2920801544189453,train/00019147.jpg,A man with red glowing eyes.
0.3353646,0.044549152,0.27093542098999024,train/00019511.jpg,a toilet that has a big deep hole in it
0.49648634,0.47504175,0.25057449340820315,train/00019640.jpg,A painting depicting unusual birds in cloaks gathering for a mystical summoning ceremony with an exotic owl wizardry present.
0.4996437,0.5962053,0.2721090316772461,train/00019842.jpg,Realistic detailed image of an ultra wrathful rainbow diamond nightmare scientist mega god of chaos in a gothic style art by Yoshitaka Amano.
0.41394043,0.7920009,0.25936433792114255,train/00019876.jpg,"The image is a portrait of a woman named Sarah in a Pixar-style, created by three artists."
0.46059382,0.52768934,0.26557571411132813,train/00019946.jpg,"A tennis ball monster depicted in digital art with a fantasy and magic theme, presented as a professional illustration by Basil Gogos."
0.3980343,0.8638176,0.2546575164794922,train/00020004.jpg,"A digital illustration featuring a beautiful woman with short pink hair wearing a black beret and surrounded by dark, intricate, highly detailed Marvel Comics art."
0.5469243,0.5801615,0.28691688537597654,train/00020117.jpg,A humanoid golem is locked up in a synagogue attic.
0.6073633,0.5697812,0.28985721588134766,train/00020194.jpg,"A miniature egg figure with human arms, legs, and goggles."
0.4589986,0.7460929,0.25402069091796875,train/00020250.jpg,"The image is a surrealistic painting of the three fates by Agostino Arrivabene, depicted with intricate and beautiful faces."
0.40281472,0.4791091,0.284521312713623,train/00020386.jpg,An Escher drawing of an arthropod.
0.28030834,0.47633868,0.24919607162475585,train/00020397.jpg,Watercolor artwork featuring frosted glacial scarves and a confirmed orb in an astral setting.
0.9444099,0.37766922,0.28794040679931643,train/00020412.jpg,A OLD CAR AND AIR PLANE IS SIDE BY SIDE
0.51075655,0.14170854,0.19969795227050782,train/00020431.jpg,Renovated kitchen with deep sink and formica counters
0.50792956,0.8832679,0.27976566314697265,train/00020517.jpg,"A mad demon girl with horns and blood, standing in front of a burning graveyard with a thunderstorm in the background."
0.575531,0.27103344,0.27889266967773435,train/00020557.jpg,A lively woman smiles and holds her hands up next to two men while seated in a kitchen.
0.3798929,0.6776607,0.23591741561889648,train/00020589.jpg,The image is a full body portrait of a low poly character designed in a 1970s art style and with a film grain effect.
0.692712,0.29480463,0.2684647750854492,train/00020724.jpg,Spherical clay people eating at a restaurant.
0.83344835,0.19655043,0.28672943115234373,train/00020762.jpg,Motorcycle parked along the street next to a building.
0.3763841,0.7244084,0.24405965805053711,train/00020840.jpg,"Barbie doll portrayed as Liberty leading the people, based on Eugène Delacroix's painting."
0.37540925,0.65876937,0.24944490432739258,train/00020843.jpg,"Barbie doll portrayed as Liberty leading the people, based on Eugène Delacroix's painting."
0.39999485,0.6365835,0.2663822555541992,train/00020922.jpg,Jurgen Klopp representing Liverpool Football Club in an image with Kawase Hasui's detailed background.
0.46065843,0.68377733,0.2666973114013672,train/00021034.jpg,"The image is a highly detailed portrait of a steel Deadpool character from GTA V, created using the Unreal Engine, and featuring fantasy art by various artists such as Greg Rutkowski, Loish, Rhads, Ferdinand Knab, Makoto Shinkai, Lois van Baarle, Ilya Kuvshinov, RossDraws, and Tom Bagshaw, with a radiant light and intricate environment."
0.17000191,0.48193952,0.21544307708740235,train/00021240.jpg,There is a huge explosion in the form of cotton plants in Red Square Kremlin with beautiful dynamic lighting.
0.9655294,0.4129611,0.2647592163085937,train/00021436.jpg,A view of an airplane in the air from below. 
0.2647131,0.509431,0.2550638008117676,train/00021521.jpg,"Abstract painting with lines, forms, and shapes in the style of Rene Magritte."
0.9447959,0.40187463,0.2668901062011719,train/00021633.jpg,A airplane in the sky with a bear on the wing.
0.79579145,0.34358314,0.2777412033081055,train/00021742.jpg,A man is seated on an airplane watching a tv.
0.6221985,0.2509823,0.2672618865966797,train/00021881.jpg,Laptops sitting on both sides of a table with people working at them.
0.20710021,0.43321967,0.23408504486083984,train/00021944.jpg,Cyberpunk skyline with monolithic megastructures and beams of light.
0.45696557,0.47471428,0.2899406242370606,train/00022245.jpg,A close up painting of a steampunk turtle with clock armor in a coral reef surrounded by jewel fishes and jellyfish.
0.66236633,0.7712123,0.2678146743774414,train/00022425.jpg,A woman with a bat hitting televisions that say Comcast Doesnt Care.
0.32633463,0.44096807,0.260932559967041,train/00022834.jpg,An oscilloscope machine inspired by Red Dead Redemption 2.
0.36977318,0.7495222,0.21349634170532228,train/00022852.jpg,"A digital painting of Medusa with symmetrical features in the style of God of War, featuring intricate and highly detailed illustrations by Artgerm, Greg Rutkowski, and Alphonse Mucha."
0.28786883,0.5468681,0.2642097473144531,train/00022877.jpg,A zen brush drawing with a pointing gesture towards a higher reality.
0.82835007,0.29410693,0.28775638580322266,train/00022889.jpg,A man attending to several bundles of banana's as a motorcycle rides by.
0.8181675,0.26512718,0.2715279197692871,train/00022896.jpg,two people riding a motorcycle along the road.
0.738166,0.7753318,0.2755669403076172,train/00022934.jpg,An astronaut sits on a whale's back observing eerie mammatus clouds in the sky.
0.3299207,0.04081058,0.2733225440979004,train/00022948.jpg,An old area with a toddler toilet is sitting idly. 
0.4106056,0.8962702,0.26884735107421875,train/00022985.jpg,Anime girl with short white hair and eyepatch wearing a patterned suit in Yoshitaka Amano style portrait against abstract black and white background with film grain and oil painting details.
0.5115719,0.6539666,0.28490968704223635,train/00023147.jpg,A full portrait photo of a person dressed as Genos.
0.47491089,0.17628583,0.269289608001709,train/00023414.jpg,A pan that is sitting on the stove.
0.35915637,0.6932239,0.23513805389404296,train/00023464.jpg,"A full body portrait of a mysterious character wearing a long yellow hooded cloak and a golden crown, with tentacles emerging from the ground."
0.5210539,0.59875864,0.28619167327880857,train/00023542.jpg,A painting of a black African mask by Jean-Michel Basquiat.
0.36365125,0.37695453,0.2932762718200684,train/00023685.jpg,A comic book style painting of flowers in space surrounded by hummingbirds and a solar eclipse.
0.361329,0.9312158,0.2637787818908691,train/00023732.jpg,A young female angel wearing a white dress and with long blonde hair.
0.3740974,0.943562,0.27178550720214845,train/00023733.jpg,A young female angel wearing a white dress and with long blonde hair.
0.45198554,0.44850865,0.26333013534545896,train/00023763.jpg,A 3D robot appears to be emerging from a curved screen in a town square with volumetric lighting and bokeh.
0.8966542,0.3734254,0.26494173049926756,train/00023821.jpg,A group of men float in the sky as seen from behind.
0.2574929,0.47189167,0.2647365951538086,train/00023890.jpg,The image depicts people living in a simulated world featured in a sci-fi movie filmed in IMAX.
0.44937554,0.6891361,0.2486952018737793,train/00024015.jpg,"The image is a palette knife painting of a Yanomami indigenous person, created with acrylic paint and displaying vibrant, raw, and expressive portraits."
0.39309314,0.8007651,0.2374853515625,train/00024059.jpg,"A character design of a female wizard in fantasy style clothing, illustrated by wlop."
0.53121907,0.24933454,0.2618461799621582,train/00024072.jpg,A person standing next to a metal urinal in a bathroom.
0.5770723,0.23683053,0.26869974136352537,train/00024112.jpg,A man sanding next to a brick oven filled with fire.
0.29783997,0.4799106,0.26943323135375974,train/00024179.jpg,"A digital illustration depicting the Flaming Eye of the Universe, with intricate details and a foreboding feeling."
0.49241284,0.15873945,0.259864444732666,train/00024184.jpg,"A refrigerator, oven and microwave sitting in a kitchen."
0.96160537,0.40620548,0.2700374984741211,train/00024192.jpg,The green and white airplane is preparing to land.
0.5483802,0.6149583,0.2753909492492676,train/00024262.jpg,"The image is of a robot ninja warrior wearing a detailed mask and training suit in a pose similar to Solid Snake, with influences from various artists."
0.39515907,0.062288772,0.25409088134765623,train/00024499.jpg,a bath room with a toilet a sink and a mirror
0.10375173,0.5594658,0.20384164810180663,train/00024684.jpg,"The image features a warlock architect for a cyberpunk building with hexagonal design elements, reminiscent of David LaChapelle's art style."
0.24987102,0.66500497,0.21686506271362305,train/00024728.jpg,A still image from The Simpsons movie.
0.36002192,0.8078471,0.23680034637451172,train/00024860.jpg,A soldier wearing armor and carrying a plasma rifle runs through a spacecraft corridor.
0.589527,0.4584024,0.2511413955688477,train/00024936.jpg,"The image depicts a modern-style fox with a fluffy tail, depicted in anthropomorphic form and created by artist Kawacy as digital fantasy art, popular on both Furaffinity and Artstation."
0.6323385,0.41600588,0.2767918395996094,train/00025037.jpg,A cat painted in Japanese flag motif by various artists.
0.33913556,0.53075457,0.28072681427001955,train/00025122.jpg,"A painting of ""Ryver"" by Van Gogh."
0.44620398,0.41546917,0.2807645416259766,train/00025159.jpg,"Disco-themed painting of Teemo in a jungle setting by artist Makoto Shinkai, winner of a contest award."
0.5680017,0.7617352,0.2549866485595703,train/00025265.jpg,"A full shot of a beautiful venus monster astronaut wearing a dark samurai armor and a Japanese crow kitsune mask, with symmetrical facial features and intricate bio luminescent biomechanics."
0.37990624,0.5808574,0.2552917861938477,train/00025372.jpg,An image of a heavenly scene featuring several angels.
0.92286956,0.39805713,0.267269401550293,train/00025394.jpg,An airplane is full of service men heading to their next destination.
0.4837653,0.69094056,0.26596120834350584,train/00025557.jpg,"A digital painting of David Bowie portrayed as a warrior with highly detailed and realistic shading, resembling a character from the video game ""Dark Souls."""
0.50873166,0.7225157,0.2667116737365723,train/00025847.jpg,"Spike Spiegel depicted as the grim reaper with a large scythe in an elaborate, elegant digital painting by Artgerm, Greg Rutkowski, and Alphonse Mucha."
0.41398773,0.45074183,0.27557977676391604,train/00025857.jpg,Seven budgies representing the seven deadly sins.
0.25459412,0.6646448,0.22704038619995118,train/00025880.jpg,"Four characters including a tiefling sorcerer, ginger bard, ginger dwarf warrior, and a goblin druid in a matte painting by Greg Rutkowski on ArtStation."
0.16657695,0.56900847,0.24205425262451172,train/00026100.jpg,A painting of a jean jacket from the movie Nope.
0.59654313,0.5210121,0.2728369903564453,train/00026143.jpg,A hyperrealistic portrait of a Hindu dragon dog god in colorful kawaii style.
0.37661088,0.7769965,0.23123811721801757,train/00026156.jpg,"Disney princesses in Atom punk and cyberpunk attire, depicted in a highly detailed and hyperrealistic style by artists Gil Elvgren, Olivia de Berardinis, and Fritz Willis."
0.3077688,0.5921461,0.25201589584350587,train/00026277.jpg,"A creepy silhouette is captured on a surveillance camera, evoking feelings of horror and macabre reminiscent of a classic creepypasta."
0.2894551,0.9425828,0.2566256523132324,train/00026370.jpg,A woman stands on a forest path surrounded by bioluminescent foliage.
0.49223626,0.17393987,0.24757177352905274,train/00026485.jpg,Smoke is rising from a pan on the back of the stove top.
0.8472388,0.29438475,0.3079295539855957,train/00026544.jpg,A man sits on top of a motorbike.
0.38496467,0.6244489,0.2499881935119629,train/00026897.jpg,A screenshot of Billie Joe Armstrong in Family Guy.
0.4470243,0.78773785,0.26047935485839846,train/00027068.jpg,"The image is a portrait of Harley Quinn wearing futuristic armor, with a very detailed and photorealistic face, created by several artists and showcasing intricate details."
0.6749755,0.6541212,0.27914464950561524,train/00027109.jpg,Colin Farrell as Batman overlooking a city from a rooftop.
0.40148905,0.82744884,0.24641054153442382,train/00027188.jpg,"Portrait of a gothic cyborg anime maiden with detailed features, including a pretty face, created by Ilya Kuvshinov."
0.6771736,0.13024122,0.2824098205566406,train/00027223.jpg,"A clock tower at the end of a road
"
0.59195495,0.7616473,0.2558464050292969,train/00027270.jpg,"The image features a neo wearing medieval armor and red and blue houppelande, against a silver lion blazon flag background, created as a digital illustration by Ruan Jia, Mandy Jurgens, and Rutkowski."
0.91558045,0.40210754,0.2485276985168457,train/00027367.jpg,An airplane having maintenance done on the tarmac.
0.47101042,0.79191077,0.2766216468811035,train/00027390.jpg,A still from a movie featuring Lara Croft resembling Megan Fox.
0.3526109,0.93015707,0.26071388244628907,train/00027417.jpg,The image is a full body portrait of a young maid in a black ceremonial commander uniform with flowing blonde hair and blue eyes.
0.65485907,0.5094837,0.28756204605102537,train/00027437.jpg,An anthropomorphic rabbit plays the lute.
0.90312713,0.41752222,0.23810062408447266,train/00027693.jpg,A large kite flying over a desert-like setting.
0.92755896,0.40526956,0.2700181579589844,train/00027694.jpg,A large kite flying over a desert-like setting.
0.42680475,0.06591492,0.2658497619628906,train/00027702.jpg,"bathroom with stand alone sink, mirror, and wall lights"
0.64369726,0.78161275,0.25361066818237304,train/00027729.jpg,"A blood mage walks through a white stone cyberpunk city, with a wide angle shot revealing the gorgeous clouds and god rays in the sky."
0.24919304,0.41566592,0.2620396041870117,train/00027781.jpg,An empire in the clouds with beautiful sun light and holographic iridescence.
0.27807167,0.57052636,0.2563423538208008,train/00027902.jpg,"Album cover of ""Morpheus Sandman"" designed by Akihiko Yoshida."
0.4902419,0.14352402,0.2578578948974609,train/00028068.jpg,A kitchen that has a wooden cabinets with a wine holder.
0.9605356,0.39827913,0.2769184684753418,train/00028275.jpg,There is an airplane flying low over a beach. 
0.38516796,0.44301656,0.28899494171142576,train/00028435.jpg,A brain is floating in a cup of coffee in a still life painting by Michael Sowa.
0.70154047,0.5247069,0.28034507751464843,train/00028496.jpg,A robot is riding a white horse in the sky.
0.9361376,0.37165546,0.28633338928222657,train/00028539.jpg,a group of people on a plane watching an airplane fly overhead on a beach
0.42264783,0.72217643,0.24431903839111327,train/00028636.jpg,"A digital artwork depicting a grotesque and frightening portrait of the Olsen twins, inspired by Victorian and Lovecraftian horror themes."
0.71702164,0.30668363,0.29453887939453127,train/00028779.jpg,Adults looking at mobile phone while sitting on bench.
0.25842324,0.7036958,0.20911544799804688,train/00028820.jpg,"Image of Bruce Campbell holding puppets resembling Bert and Ernie from The Muppets, representing a movie concept merging Evil Dead with Muppet characters."
0.24327922,0.59051985,0.2402857780456543,train/00028853.jpg,The image showcases art by Bastien Lecouffe Deharme.
0.10574147,0.35468832,0.23778600692749025,train/00028884.jpg,"A night carnival around a magical tree cavity with fantastic creatures, fireworks, and iridescent water next to a lake."
0.43031403,0.068731315,0.26962095260620117,train/00028916.jpg,The bathroom sink below the cabinet has two toothbrushes on it.
0.4976454,0.15121996,0.23656778335571288,train/00028955.jpg,"A kitchen with a refrigerator, microwave, dishwasher and sink."
0.31096545,0.5305023,0.26181745529174805,train/00028978.jpg,"Album cover art for ""Cyberpunk Fuzzball Retro 3000"" by Akihiko Yoshida."
0.5004331,0.6988946,0.26500343322753905,train/00029002.jpg,"A portrait of a muscular male monk, created digitally, in the style of fantasy concept art."
0.42836872,0.063020244,0.26630023956298826,train/00029121.jpg,A bathroom with two sinks and a mirror.
0.2017059,0.5530817,0.23249935150146483,train/00029204.jpg,A tarot card featuring Cthulu looming over a dark city in a thunderstorm with intricate details.
0.8222182,0.24830553,0.2839434051513672,train/00029287.jpg,A group of police men standing by their motorcycles.
0.5870365,0.5490983,0.2887140846252441,train/00029329.jpg,A painting of a lion with the head and wings of an eagle in a magical forest.
0.48519033,0.48646763,0.24316293716430665,train/00029348.jpg,"A creature with a fish head, snake body and clawed legs is depicted in a realistic nature shot."
0.14442699,0.33530447,0.2742036819458008,train/00029474.jpg,An intricately detailed fairytale hut in the forest.
0.39805207,0.8233654,0.25556224822998047,train/00029558.jpg,"Portrait of Shaman Queen in neon forest, digital art from Andreas Rocha, Greg Rutkowski, and Peter Mohrbacher."
0.42724234,0.069138214,0.2671028709411621,train/00029695.jpg,There are two bowl sinks in a bathroom.
0.65302116,0.62511194,0.3093631362915039,train/00029923.jpg,"A human with a T-rex head dressed in black ninja cloths stands on top of a building in New York, watching over the city."
0.9585873,0.4134415,0.2658543014526367,train/00030054.jpg,a bunch of birds following an airplane around
0.37727362,0.57633364,0.24090904235839844,train/00030600.jpg,"An anthropomorphic cowboy snake oil salesman mascot with big eyes, twirly mustache and bull horns on the piston pumps of an oil rig."
0.43957764,0.5412278,0.2622043418884277,train/00030655.jpg,A creepy digital art piece featuring a Link from Zelda game with flesh worms and horror saw teeth.
0.532362,0.6753277,0.2837874221801758,train/00030714.jpg,A Japanese samurai with military gear and a detailed face portrayed as a character portrait.
0.46367577,0.4647158,0.22822473526000978,train/00030856.jpg,A transparent dragon.
0.2811022,0.3997839,0.2682371711730957,train/00030948.jpg,Zeppelins fighting in the sky above a field of sunflowers in an oil painting.
0.2505481,0.9434193,0.23387435913085938,train/00030964.jpg,A young woman swimming in a turbulent river at sunset with Acacia trees and lightning strikes in the background.
0.97006685,0.39969704,0.28457740783691404,train/00031032.jpg,A prop airplane flying on a cloudless day.
0.4258547,0.6799824,0.24950590133666992,train/00031133.jpg,Cyberpunk farmer character concept art by Artgerm for Gears of War.
0.4744817,0.81971174,0.2655667304992676,train/00031260.jpg,A beautiful woman in a white dress with a red scarf and mischievous expression looks at the camera in a detailed digital painting with Art Nouveau influences.
0.4726999,0.8303529,0.27946752548217774,train/00031397.jpg,A portrait of a cyberpunk geisha with red LED lights and a stunningly proportioned face.
0.6933345,0.4495246,0.2504288291931152,train/00031528.jpg,Pikachu skateboarding in a skatepark.
0.50115496,0.15063633,0.2394918441772461,train/00031574.jpg,A kitchen with a standard stove top and wooden cabinets
0.35678226,0.032008134,0.28326236724853515,train/00031761.jpg,A white toilet and towel in a room.
0.1320006,0.34196764,0.2709037971496582,train/00031909.jpg,A highly detailed fantasy tree in GTA V viewed from a specific point of view.
0.62163615,0.84357375,0.26491905212402345,train/00031926.jpg,"Three friends working in a magic laboratory, one a young man with black hair and round glasses, another a beautiful young woman with brunette hair, and the third a cute goth girl with red hair, while soft lighting illuminates the scene."
0.8184933,0.2520119,0.2875333786010742,train/00032057.jpg,A group of dirt bike racers in a  row
0.24909809,0.5129572,0.250703182220459,train/00032094.jpg,"The image features a metal cover art emphasizing intricate details and expertly crafted digital painting by Alex Ross, Greg Rutkowski, and Alphonse Mucha, showcased on Artstation and created with Unreal Engine 5 technology."
0.5308266,0.63157827,0.2806967544555664,train/00032234.jpg,"A painting in a museum featuring a boy alien holding a camera, created by artgerm."
0.44028273,0.7850406,0.263673152923584,train/00032297.jpg,The Queen of England surrounded by her court- painting by Le Nain.
0.41590002,0.78844774,0.2571153259277344,train/00032386.jpg,"A painting of a woman by Rafal Olbinski, winner of a Behance contest, with pop surrealism and airbrush art."
0.6011923,0.6650154,0.2726542282104492,train/00032477.jpg,"The image depicts a stunning organic white ceramic robot samurai in a beautiful space star planet, inspired by alphosne mucha adolf hiremy hirschl's contemporary art."
0.43866953,0.8447,0.27786338806152344,train/00032611.jpg,"The image is a stone statue of an anime girl with beautiful lineart, stylized features, and a regal isekai theme, created by multiple companies and ranked on platforms such as Pixiv and Artstation."
0.26282626,0.5042775,0.2493203353881836,train/00032729.jpg,Clean cel shaded vector art of a tragic supernova.
0.19468044,0.4224032,0.24728790283203125,train/00032837.jpg,An autumn scene on Ganymede depicted in digital painting style with various artistic influences.
0.5512329,0.5322982,0.27369482040405274,train/00033251.jpg,"A Blue Jay bird with intricate detail in a soft light, depicted in ornate and dynamic conceptual art by artgerm."
0.23219147,0.5878541,0.2390519142150879,train/00033267.jpg,A painting of a plumbus on canvas.
0.23482952,0.41455486,0.2633499526977539,train/00033397.jpg,A photorealistic heavenly palace with powerful imagery and psychedelic overtones.
0.4678346,0.49041605,0.2488983154296875,train/00033411.jpg,"The image features a stegoceras in an epic pose, with mouse-like features such as teeth and ears."
0.7462242,0.39441574,0.29113609313964844,train/00033471.jpg,A child holding a flowered umbrella and petting a yak.
0.5545457,0.7082474,0.26486682891845703,train/00033628.jpg,A soul surrounded by angels.
0.7678196,0.42956662,0.24169588088989258,train/00033836.jpg,a herd of  adult sheep grazing on farm land.
0.3559733,0.777271,0.2290852928161621,train/00034016.jpg,"A digital painting of a burgundy snake goddess, depicted in a highly detailed and stylized manner."
0.49126464,0.6984805,0.26247041702270507,train/00034030.jpg,"A young man in 16th century attire with a cunning expression, depicted in a highly detailed digital painting and categorized as fantasy concept art."
0.3402723,0.050736766,0.25429841995239255,train/00034111.jpg,A small white toilet sitting in a bathroom in a restroom.
0.8219054,0.27878353,0.29364501953125,train/00034174.jpg,A person riding a blue motorcycle on the road
0.51483154,0.8148459,0.2818934059143066,train/00034405.jpg,"A retro future advertising poster featuring a cyborg girl surrounded by cables, illustrated by H.R. Giger and Gaston Bussiere."
0.5847667,0.20099208,0.2860197448730469,train/00034485.jpg,A tasty looking treat hanging on a car antenna.
0.5171804,0.71589404,0.2606029510498047,train/00034562.jpg,"A male half-elf artificer is portrayed in a highly-detailed digital painting with a red, white, and gold color scheme, as part of fantasy concept art on Artstation."
0.6877419,0.15052594,0.2754524612426758,train/00034590.jpg,this is a sign in front of a large cathedral
0.25056598,0.4430615,0.26193645477294925,train/00034605.jpg,Moebius illustrations of temple.
0.46500322,0.69341046,0.2535382843017578,train/00034724.jpg,"A digital art depiction of a traitor whose eyes flash with biohazard signs and is biting their lips, with an art style influenced by Klimt, Nixeu, Ian Sprigger, Wlop, and Krenz Cushart."
0.07245085,0.45577067,0.21965892791748046,train/00034776.jpg,A vodka bottle designed like a propane cylinder pictured amidst a forest fire with dramatic lighting.
0.147021,0.36631417,0.2563829040527344,train/00034849.jpg,"A landscape painting by Monet featuring a lake, stream, trees, and hills in dramatic lighting."
0.27778983,0.50011945,0.2676560974121094,train/00034931.jpg,"The image is a digital painting of the famous print ""The Great Wave off Kanagawa"" with elements of vaporwave and is highly detailed and elegant."
0.48174822,0.15738225,0.2666934394836426,train/00035010.jpg,A kitchen with tiles counters and a stove.
0.30901542,0.4899377,0.27323829650878906,train/00035029.jpg,Voroni diagram of a milky way galaxy as a postage stamp.
0.7188895,0.3048981,0.29468938827514646,train/00035149.jpg,"a couple of people in public during a rainy day
"
0.5639868,0.55219805,0.2742489814758301,train/00035173.jpg,A masterful painting of an exotic bird wearing a bugaku tiger mask and gold chains swinging holy censors with thick smoke.
0.578797,0.5178749,0.2546239471435547,train/00035179.jpg,Ril Mayer wearing purple snakeskin cowhide motif and oversized cowboy hat promotes Uncle Aloysius brand bottled bull run stimulant tonic SNAKE OIL.
0.5329682,0.67306155,0.2844753646850586,train/00035322.jpg,"A mixed media collage of a skull held in hands with a detailed beautiful face, featuring contemporary and punk art styles with various textures."
0.56959534,0.54884046,0.27060110092163087,train/00035417.jpg,"The image is a highly detailed, symmetrical painting of a golden astral owl with powerful glowing eyes, surrounded by spiritual abstract forms and magic symbols in a cosmic nebula."
0.9301711,0.40171587,0.2531483840942383,train/00035429.jpg,A huge airplane looks small against a wide open concrete area.
0.56058955,0.70511883,0.2854560661315918,train/00035525.jpg,"Portrait of a man with long blond hair tied up wearing black robes, rendered in intricate line drawings by various artists."
0.7552704,0.4795057,0.27781904220581055,train/00035556.jpg,The rear end of a giraffe with a bird sitting on it 
0.8217909,0.18457265,0.28959537506103517,train/00035605.jpg,Bicycle parked on grassy area near waterway on clear day.
0.39147568,0.084403634,0.22433237075805665,train/00035611.jpg,A bathroom that has recently been tiled and grouted
0.24266422,0.58347434,0.26780712127685546,train/00035790.jpg,A plumbus.
0.49819037,0.5023714,0.25863357543945314,train/00035830.jpg,"A cute mandrake sprite in Greg Rutkowski style, rendered in 3D with cinematic quality using Unreal Engine 5 and Nvidia ray tracing."
0.3197561,0.05458122,0.2665376091003418,train/00035863.jpg,Two messy toilet stalls with toilets where one lid is raised. 
0.80550414,0.28935137,0.28352664947509765,train/00035986.jpg,A statue of a man riding a horse next to a very tall building.
0.31777737,0.5576251,0.24469560623168946,train/00035999.jpg,Gary Baseman's artwork.
0.25644103,0.5781534,0.23928367614746093,train/00036111.jpg,God creating a boulder he cannot lift.
0.4329482,0.8525515,0.274719295501709,train/00036122.jpg,"A colorful manga geisha is depicted in the foreground, with a detailed and thickly painted scenery artwork and luminescent background, featuring godrays."
0.23572506,0.4996584,0.23692745208740235,train/00036173.jpg,"An image depicting a peaceful apocalypse with Dr Seuss, Jim Henson, and Studio Ghibli influences."
0.30349094,0.6004152,0.2389107894897461,train/00036213.jpg,Cthulhu silhouette in a lunar landscape with a backlit horizon.
0.12703966,0.5435513,0.20814735412597657,train/00036476.jpg,The image depicts a scene from Skypiea in the One Piece anime.
0.34056538,0.65405375,0.24455326080322265,train/00036500.jpg,Particles forming a human face.
0.1897298,0.41337886,0.2402536964416504,train/00036532.jpg,A purple crystal floats in the sky above grassy plains in an artwork inspired by the styles of several artists.
0.70225024,0.513206,0.284930534362793,train/00036702.jpg,Image of a deer with feathers.
0.16172665,0.3939552,0.24472982406616212,train/00036816.jpg,"Cell shaded fantasy castle on green hills with forest in background, digital illustration by Tony Sart."
0.4197327,0.69521576,0.24174537658691406,train/00037068.jpg,"A digital portrait of Bob Byerley with a simple smile, painted in detailed style on Artstation."
0.8299457,0.19121912,0.2983039093017578,train/00037118.jpg,There is a motorcycle parked against a wall.
0.5922021,0.8254213,0.2715773010253906,train/00037190.jpg,"A dress made of dead wood, covered in lichen and mushrooms, displayed on a mannequin."
0.47230878,0.6811462,0.2625760650634766,train/00037345.jpg,"The image is a digital painting featuring a surrealist depiction of a mayor wearing intricate, fashionable clothing, with sweat drops and Fibonacci elements."
0.48793003,0.69641936,0.27113956451416016,train/00037374.jpg,A knight with long hair depicted in highly detailed art by James Jean and Wayne Barlowe.
0.47891352,0.7562434,0.25015151977539063,train/00037415.jpg,"The image features a character named Miracle 5 Ympho x Nightcore, focusing on their upper body."
0.2231992,0.9634478,0.23188386917114256,train/00037776.jpg,"A woman runs on the beach with a giant rose head in a surreal, impressionist, digital painting by Simon Stalenhag."
0.4273205,0.057257067,0.27201435089111325,train/00037812.jpg,A bathroom that has raised sinks with a black counter top.
0.4403762,0.20348154,0.25986709594726565,train/00037908.jpg,A couple of old fashioned oak wood dining tables.
0.45669743,0.927006,0.2838479614257812,train/00037922.jpg,"An African girl in a Pikachu costume, depicted as a stylized minimalist face icon."
0.7015159,0.25171176,0.2581980895996094,train/00038140.jpg,A row of wooden benches line a street next to trees.
0.8523235,0.20947102,0.29672210693359374,train/00038222.jpg,Several motorbikes parked on a sidewalk near a building.
0.41427833,0.057231084,0.2642392730712891,train/00038590.jpg,The bathroom has a large tub next to the windows.
0.09816056,0.3636227,0.21811431884765625,train/00038748.jpg,A tribal village in a forest of giant mushrooms.
0.13406576,0.33379057,0.2521806335449219,train/00038753.jpg,A barn in Iowa with broken barndoors caused by Baba Yaga's hut.
0.9537717,0.42843473,0.22984262466430663,train/00038983.jpg,a jet is flying across a very cloudy sky
0.729294,0.5924867,0.2981133460998535,train/00039033.jpg,Closeup of a metal skull buried in sand.
0.56677943,0.24270622,0.26153274536132814,train/00039323.jpg,A lady wearing an apron in a kitchen.
0.56887275,0.6646493,0.28387006759643557,train/00039454.jpg,"A close-up portrait of a slug man wearing an autumn leaves headdress, melting wax, and surrounded by mycelia, painted in intricate and detailed color using fluid oil paint and acrylic."
0.4717782,0.15241769,0.2624173164367676,train/00039475.jpg,A white stove and counter in a room.
0.3674167,0.84704405,0.24216646194458008,train/00039800.jpg,"Close-up of a young Japanese-Filipino girl's face, created as a digital painting with large brush strokes and a cinematic dramatic atmosphere."
0.1475391,0.4825306,0.22039234161376953,train/00039840.jpg,A retro travel poster depicting Thailand created by Chris Moore.
0.69106245,0.24808782,0.25984323501586915,train/00039883.jpg,A wooden bench sitting next to an entrance.
0.37707055,0.83591145,0.25448673248291015,train/00039964.jpg,A girl dancer in a burgundy bodysuit entwined with a python snake in a detailed digital painting.
0.45909446,0.84091026,0.26708608627319336,train/00040049.jpg,"A vintage sci-fi drawing of a symmetrical antagonist girl, with exotic ornaments around and on the background, in a spaceship interior, resembling Sigourney Weaver from Alien."
0.80629396,0.20594616,0.2701156234741211,train/00040140.jpg,A CUSTOM MOTORCYCLE IS ON DISPLAY IN A PUBLIC PLACE
0.46273106,0.13611141,0.2652757263183594,train/00040198.jpg,In the kitchen sink are some fresh cut flowers.
0.28150493,0.39738825,0.2588433647155762,train/00040285.jpg,"A steampunk lighthouse in a glass jar buried in sand, with a hot air balloon and intricate hourglass detail, illuminated by volumetric lighting and a blue moon ray tracing."
0.2753281,0.49990466,0.24722831726074218,train/00040327.jpg,A surrealistic building at the kingdom of Julius Caesar featuring 25 giant women body sculptures shaping as colums and sculptures.
0.85213447,0.29190466,0.30068078994750974,train/00040592.jpg,A man poses with his motorcycle outside a garage.
0.65222615,0.36767888,0.291808032989502,train/00040802.jpg,A black and white cat is in a black bag.
0.7508282,0.48915184,0.2772761535644531,train/00040940.jpg,One young and older giraffe standing near green tropical trees.
0.36935088,0.5251232,0.27166271209716797,train/00041147.jpg,A politically-themed chess board with notable figures being portrayed as specific pieces.
0.9671802,0.41608253,0.26292604446411133,train/00041180.jpg,An airplane flying through a blue sky next to a helicopter.
0.5639076,0.25143832,0.2567158317565918,train/00041211.jpg,a person sharpening a knife by hand in a kitchen
0.8177379,0.33543524,0.29943788528442383,train/00041295.jpg,A man in a wetsuit riding a surfboard.
0.22952943,0.39109963,0.2623785972595215,train/00041414.jpg,1979 magazine cover showing a traditional Japanese village artwork in the style of Moebius.
0.8105466,0.28749785,0.2848493957519531,train/00041429.jpg,A man is riding a motorbike in a thick forest. 
0.72641855,0.27165565,0.2826272583007812,train/00041557.jpg,a person standing in a train near the doors 
0.43199834,0.074544564,0.2535545539855957,train/00041624.jpg,A large bathroom mirror over a sink in a restroom.
0.10127821,0.32550964,0.2723103713989258,train/00041770.jpg,A magical forest from One Piece.
0.45744082,0.63103265,0.2689497375488281,train/00041787.jpg,A bearded white man in the Day of the Tentacle video game.
0.42572838,0.70966005,0.23835908889770507,train/00041892.jpg,A portrait of Ruth Bader Ginsburg as The Emperor of All Mankind in Warhammer 40k official concept art.
0.6703341,0.5259833,0.31755355834960936,train/00041914.jpg,A watercolor portrait of a raccoon with a crown of flowers.
0.44683668,0.63621664,0.26477458953857425,train/00041982.jpg,A painting of a strong black African man by Jean-Michel Basquiat.
0.62774825,0.44107276,0.2765102958679199,train/00041991.jpg,There is an image of a kitten knight wandering through a windy field in an epic fantasy setting.
0.5165643,0.7426139,0.2566554260253906,train/00042020.jpg,"The image is a concept art of a full body portrait of king sorcerers in ornate blue and silver armor and robes, with highly detailed features and dramatic lighting, created using Unreal Engine."
0.09482312,0.6290159,0.21426914215087892,train/00042024.jpg,Toy Story film featuring beers and a Polaroid camera.
0.27238002,0.5862525,0.2507404899597168,train/00042061.jpg,Front of a Blizzard-designed card with empty statistics.
0.21307915,0.9725732,0.2350568389892578,train/00042260.jpg,A girl floats in a flower field with colorful clouds and a dramatic sunrise in the background in surreal photographic art by Simon Stalenhag.
0.50324506,0.5024595,0.2687209892272949,train/00042597.jpg,Giant rats and anthropomorphic rat families buy weapons in a Lovecraftian Hobby Lobby reminiscent of H.R. Giger's style.
0.18359387,0.4990499,0.23644622802734375,train/00042676.jpg,Concept art of bacterial dental caries under a microscope.
0.2417088,0.9786168,0.26755758285522463,train/00042694.jpg,A girl walks on a mountain wearing a giant dahlia flower crown as storm clouds gather overhead in a surreal scene reminiscent of impressionist or digital painting.
0.22812812,0.54657227,0.24573575973510742,train/00042758.jpg,""" Hukyoka 9"" by Vladimir Kush is an art piece with surrealist elements."
0.25771573,0.70351785,0.21992849349975585,train/00042892.jpg,A yellow-robed cultist revealing green tentacles underneath.
0.39376748,0.78793675,0.24283367156982422,train/00043076.jpg,Portrait of a woman by John Singer Sargent and Jenny Saville.
0.38067922,0.19783764,0.25646045684814456,train/00043136.jpg,"The image is of an artist's studio with a mason jar full of brushes on the table, an easel with a painting by the window, and a cluttered and grimy environment."
0.20919083,0.40628028,0.2532002067565918,train/00043271.jpg,"The image is of an ancient temple, featuring pillars, an altar, and traps, reminiscent of adventure games like Tomb Raider and Indiana Jones, based on Deathtrap Dungeon by Joe Dever and painted by Greg Rutkowski."
0.68058944,0.57631326,0.2770976448059082,train/00043394.jpg,"A Pixar figurine of Warwick Davis sits on a wooden table with a blurry, melancholy background."
0.34689915,0.79433167,0.23189342498779297,train/00043564.jpg,"The image is of a wide shot Joshua Middleton comic art featuring a beautiful and elegant Eva Green as a spy donning a kabuki mask and leather clothing with a beautiful evil sneer, symmetrical face and eyes, and long straight green black hair, set against a Midnight pattern background."
0.9233566,0.39093792,0.26506385803222654,train/00043599.jpg,A bunch of airplanes are parked on the runway. 
0.8063145,0.23912083,0.2635651206970215,train/00043804.jpg,Police on a motorcycle drive down a city street.
0.462667,0.54022443,0.2701336097717285,train/00043933.jpg,Concept art of a Silent Hill monster on a white background.
0.4336239,0.8012836,0.26735023498535154,train/00043939.jpg,A digital painting of a highly detailed female steampunk dwarf.
0.44588757,0.6948602,0.25369232177734374,train/00043996.jpg,"Portrait of adeptus mechanicus, cyborg, prist from Warhammer illustrated by Gustav Klimt on Artstation."
0.53929126,0.6688772,0.2668589973449707,train/00044149.jpg,An ornate and intricate image of Superman with surrounding cinematic light.
0.53150964,0.8593637,0.2840334129333496,train/00044326.jpg,"Anime character with orange gradient hair, black and orange coat, and orange pupils in a backroom background."
0.2175435,0.43104616,0.23913162231445312,train/00044564.jpg,A digital artwork of a sci-fi landscape with retro-futuristic elements.
0.22139494,0.4263524,0.2502753829956055,train/00044567.jpg,A digital artwork of a sci-fi landscape with retro-futuristic elements.
0.4860763,0.63831204,0.27326393127441406,train/00044574.jpg,Portrait of a man screaming and melting in an art style influenced by Josan Gonzales and Salvador Dali.
0.22637308,0.9752523,0.2472618865966797,train/00044696.jpg,"In the image, a girl in a suit stands next to a giant rose flower head during sunrise under a blue sky, with dramatic lighting, creating a surreal and impressionist-like digital painting."
0.22039948,0.41663924,0.2588199996948242,train/00044785.jpg,An alien cave with swirling rock formations depicted in 3D matte painting.
0.20790207,0.41004962,0.24134061813354493,train/00044800.jpg,A city in the style of Piltover from Arcane with blimps and blue skies.
0.43320274,0.6613063,0.26184585571289065,train/00045063.jpg,A selfie taken in a post-apocalyptic world.
0.43974444,0.70621425,0.2360404396057129,train/00045284.jpg,Portrait of a Cyborg.
0.38461605,0.04640755,0.2710143661499023,train/00045297.jpg,"A bathroom with tub and toilet, tiled in white tiling."
0.531781,0.6772665,0.27357357025146484,train/00045351.jpg,"A portrait of a space pirate warrior amidst spaceship wreckage and celestial bodies, illustrated with highly detailed, smooth precision by artist Juan Giménez."
0.5210818,0.58029634,0.26710742950439453,train/00045463.jpg,"The image features Yoda holding a pizza with the exclamation ""Jesus Christ!"" displayed beside him."
0.24391004,0.5105934,0.25022178649902344,train/00045464.jpg,"Portrait painting of jellyfish shark moon star in a science fiction style by artists Edward Hopper and James Gilleard, inspired by Zzislaw Beksinski's highly detailed works."
0.24329518,0.9793316,0.2715696716308594,train/00045698.jpg,"A girl floats in a colorful flower field with a large flower head in the background, reminiscent of an impressionist painting."
0.45160267,0.7992532,0.2670515251159668,train/00045751.jpg,"Side portrait of Gaia with multiple masks inside a mask, in the style of Octavio Ocampo."
0.22438729,0.5744827,0.24562671661376953,train/00045845.jpg,An image depicting two complementary forces in life by Brian Froud.
0.36940286,0.9369706,0.27869405746459963,train/00046191.jpg,"The image features a young female crusader maid in a black military uniform with long, straight platinum blonde hair and blue eyes, painted in a baroque oil painting style with delicate features and a directed gaze."
0.6575489,0.8249226,0.26216691970825196,train/00046342.jpg,"A portrait photo with a blueberry backdrop featuring explosions, rockets, and sparkling effects, reminiscent of 1910s style and inspired by Georges Melies' ""Arcane's Jinx"" and Britt Marling."
0.82595384,0.19291654,0.28562345504760744,train/00046375.jpg,A black and silver motorcycle lies on the ground
0.41670477,0.22676852,0.259888801574707,train/00046384.jpg,a sofa sits in front of a flat screen television 
0.49803746,0.77463454,0.2636130714416504,train/00046419.jpg,"A detailed character portrait of a thin, androgynous adventurer with a rucksack, smirking in a brightly-colored, magical atmosphere."
0.48605546,0.6865922,0.2755411529541016,train/00046815.jpg,The image is a highly detailed VFX portrait of an Oriental mage in a detailed and intricate environment.
0.41686827,0.06985995,0.255117301940918,train/00047173.jpg,A sink and faucet are inside of a bathroom.
0.37491348,0.050627418,0.26201534271240234,train/00047232.jpg,"A bathroom with a white toilet, tub, and tile floor."
0.36631802,0.67272484,0.23445869445800782,train/00047328.jpg,The image depicts a face of a wise old Hassid made from trees in a camouflage style.
0.37801734,0.20758879,0.283541259765625,train/00047358.jpg,An office with a leather couch surrounded by books.
0.40751806,0.07417753,0.2497931480407715,train/00047393.jpg,A bathroom with a vanity cabinet on the wrong wall
0.6320649,0.36927062,0.28089466094970705,train/00047637.jpg,A dog is putting his head in the toilet.
0.35950637,0.023431968,0.2894011688232422,train/00047826.jpg,A white bathroom has a black toilet cover.
0.5954637,0.55605555,0.2903415298461914,train/00047857.jpg,A realist painting of a feathered bird wearing a tiger mask and gold chains.
0.82564986,0.28881922,0.29135904312133787,train/00047888.jpg,A man is riding a small motorcycle through the parking lot
0.39633903,0.93218404,0.28033960342407227,train/00047998.jpg,Anime key visual of Tanya Degurechaff aiming down a bolt action rifle.
0.81853473,0.28602085,0.2840544509887695,train/00048011.jpg,Man studying motorcycle very closely in parking lot
0.6313727,0.35293373,0.28311288833618165,train/00048145.jpg,Rust and white cat curled up in a toilet bowl.
0.34812415,0.061783087,0.257696533203125,train/00048189.jpg,There is an image of a toilet in the bathroom
0.38500932,0.8013814,0.24584548950195312,train/00048276.jpg,A gothic princess crying tears of blood in a highly detailed painting by Ruan Jia.
0.3377027,0.5248142,0.27712240219116213,train/00048423.jpg,"A diagram of a hand holding a red fruit cut in half, with visible seeds, in a limited neutral palette, by multiple artists in a painterly design reminiscent of 1970s propaganda poster art."
0.3971258,0.9209065,0.2816793060302734,train/00048571.jpg,Anime girl walking through snowy forest.
0.42228633,0.7185516,0.23472307205200196,train/00048768.jpg,"A dwarf cleric holding a shield, depicted in a detailed, realistic digital painting by Justin Gerard and Greg Rutkowski, with a focus on character design for Dungeons and Dragons."
0.26939335,0.48127013,0.2541938781738281,train/00048830.jpg,Futuristic portal game design.
0.4511877,0.9133025,0.27958547592163085,train/00048891.jpg,"The image depicts a resolute girl holding a realistic magic apple in a mystical dark forest, with vivid colors and a touch of magic realism."
0.5517892,0.25182936,0.2722005844116211,train/00048912.jpg,A fan sitting in the middle of a room next to a sink.
0.09254089,0.74507666,0.25932907104492187,train/00048939.jpg,"A volcano made of ivory vines and crimson rocks erupts, spewing smoke in the shape of a demonic eye."
0.48656473,0.62438685,0.2873089599609375,train/00049182.jpg,The image depicts Satoshi Nakamoto portrayed as Jesus.
0.5666192,0.6911899,0.2567863464355469,train/00049243.jpg,The image depicts a lion-headed warrior wearing ancient armor.
0.45162645,0.60479563,0.26478178024291993,train/00049295.jpg,Saul Goodman in a courtroom defending the minions.
0.25623244,0.45368853,0.25711055755615236,train/00049471.jpg,The image depicts flooded neoclassic halls filled with statues and sculptures in a state of disrepair and abandonment.
0.39492697,0.05163301,0.25157747268676756,train/00049695.jpg,A bathroom is decorated in shades of white.
0.4535503,0.51797926,0.2697202491760254,train/00049782.jpg,Anthropomorphic squid in garage.
0.18035477,0.31753886,0.2701682472229004,train/00049787.jpg,"A portrait photo featuring a backdrop of explosive rockets, bombs, and a rifle in a forest with a snowy haze and fog."
0.24495734,0.4136144,0.2615152359008789,train/00049869.jpg,A hazy metal factory with molten metal and glowing emissive volumetric lighting.
0.43986318,0.56865364,0.2583060836791992,train/00049877.jpg,Iron golem with a four-sided dice head in Mork Borg's dark fantasy concept art.
0.24843815,0.52349395,0.24878137588500976,train/00049901.jpg,The image depicts Lovecraftian themes through its abstract and eerie nature.
0.7747311,0.20902921,0.2644585418701172,train/00049906.jpg,The birthday cake has a road with motorcylces in the design.
0.92883396,0.3931498,0.26231491088867187,train/00049957.jpg,A very big commercial plane parked on the tarmac.
0.7215988,0.28959042,0.28593433380126954,train/00049988.jpg,"A person on a bench, and one on a wheelchair sitting by a seawall looking out toward the ocean"
0.42089957,0.7606091,0.25083824157714846,train/00049994.jpg,"The image is a full body portrait of the Slavic goddess Marzanna, depicted with six arms and associated with seasonal rites based on the idea of death and rebirth of nature, in concept art by Zdzisław Beksiński."
0.115122996,0.3152478,0.27339685440063477,train/00050209.jpg,"You are trapped in a dingy, abandoned cellar surrounded by vines, moss, and mushrooms."
0.18797737,0.4641267,0.23292675018310546,train/00050392.jpg,"A steampunk-themed hot air balloon is shown inside a glass jar filled with sand, with swirling mist and a blue moon creating a sense of awe."
0.71595085,0.45423636,0.2786776351928711,train/00050401.jpg,A small bird standing on a tree branch.
0.93940496,0.41153133,0.25081041336059573,train/00050632.jpg,The plane is taking off the runway into the air
0.52637005,0.4326441,0.21154701232910156,train/00050964.jpg,"A capybara holding a ""hi"" sign."
0.40368524,0.051853437,0.2739483642578125,train/00051050.jpg,A white bathroom sink sitting next to a walk in shower.
0.47657165,0.1603396,0.2623161315917969,train/00051054.jpg,There are different appliances in the middle of a kitchen.
0.36899263,0.6742873,0.23573394775390624,train/00051144.jpg,A portrait of Huggy Wuggy from Poppy Playtime video game by Yuumei and Yanjun Cheng.
0.25154424,0.30952537,0.2750808525085449,train/00051224.jpg,"Unicorns, fruits, pixies, and goblins playing in an autumnal landscape with a river, waterfalls, and tormented sky in the background."
0.8898077,0.37533757,0.2682224464416504,train/00051481.jpg,A group of people boarding a passenger jet up stairs.
0.56306154,0.7401568,0.26389604568481445,train/00051570.jpg,"The image is a half body concept art of a human-demon hybrid in a black coat and demon hunter hat, with an evil look and black smoke aura."
0.5507527,0.6132776,0.26564821243286135,train/00051618.jpg,A robot ninja warrior wearing a mask helmet and training suit strikes a pose in official fanart featuring influences from various artists.
0.19037719,0.41196403,0.24870304107666016,train/00051670.jpg,A painting by Kenton Nelson depicting a dreamy summer night.
0.32761347,0.41232577,0.2711756134033203,train/00051746.jpg,Sunlight shining through a red healing potion.
0.6071185,0.43801978,0.261682300567627,train/00052109.jpg,"Disney's Bambi Cat, a highly detailed digital painting in Pixar style."
0.42496926,0.06896348,0.26853290557861326,train/00052510.jpg,a mirror with a brown frame and a white closet and door
0.31987172,0.5030666,0.26464445114135743,train/00052613.jpg,Digital pen sketch of a lotus by Metzen.
0.20256074,0.65623295,0.23608966827392577,train/00052999.jpg,"An ink painting featuring the characters for ""zen"" and ""rain."""
0.16163355,0.42033565,0.22928800582885742,train/00053084.jpg,"A digital painting of a paisley filled sky with mountains and stars depicted in intricate, highly detailed concept art by Roger Dean and Simon Stalenhag on Artstation."
0.4391064,0.8451025,0.2775154113769531,train/00053129.jpg,A girl wearing biomechanic scale armor and surrounded by neon light in a portrait by Igor Morski.
0.4711023,0.5176326,0.275789794921875,train/00053210.jpg,An aggressive mutated octopus with glowing white eyes attacks in an abandoned shopping mall amidst bloody carnage.
0.65264815,0.17978108,0.25780794143676755,train/00053233.jpg,"A late night, long-exposure picture of a city street."
0.23865029,0.3712609,0.27336559295654295,train/00053383.jpg,"Digital art of a chubby cotton candy indoor casino with one staircase, featuring curly plants, smoke, and neon lights."
0.4024809,0.82624334,0.2619607734680176,train/00053765.jpg,A portrait in regency era style featuring a woman in a beautiful Georgian dress with impressive fabric.
0.45889616,0.7532078,0.27107915878295896,train/00053780.jpg,Oil painting of the Mona Lisa by Grant Wood.
0.56769705,0.7942769,0.24491144180297852,train/00053828.jpg,A damaged female spec ops cyborg is being repaired in a futuristic medical bay with cables surrounding her.
0.8312152,0.2941633,0.29916385650634764,train/00053857.jpg,A man sitting on a motorcycle smiling for the camera 
0.4039823,0.056522433,0.26953468322753904,train/00053888.jpg,A bathroom has a corner glass shower stall.
0.26614916,0.5363848,0.2588148498535156,train/00053930.jpg,"A runic symbol in the style of Zeen Chin, portrayed in a hyper-realistic and hyper-detailed manner with subtle shadows and studio lighting."
0.823783,0.26633522,0.28664096832275393,train/00053993.jpg,Two people on a motorcycle ride towards the road. 
0.496126,0.84356457,0.2604356384277344,train/00054125.jpg,The poster features a girl bard in a blood dress depicted with medium shot illustration by multiple artists.
0.61001873,0.39654395,0.2579178237915039,train/00054373.jpg,Cats appearing as liquid.
0.38525927,0.7217286,0.24725372314453126,train/00054508.jpg,A green 3D-printed Biblically accurate angel.
0.40352362,0.80234325,0.2570787048339844,train/00054578.jpg,Yennefer from The Witcher Game models an exotic outfit during Paris Fashion Week.
0.2682717,0.41527614,0.2618618392944336,train/00054847.jpg,"The Millennium Falcon flies over Amsterdam in a dreamy, psychedelic illustration by Hayao Miyazaki."
0.6720952,0.69621986,0.3000297546386719,train/00054895.jpg,"The image is of F1 driver Kevin Magnussen, a male android with a half robot half humanoid appearance, standing still with a blank stare."
0.4023158,0.046609197,0.27100229263305664,train/00054934.jpg,This bathroom has a vibrant blue shower curtain in it.
0.28819594,0.44451773,0.26205270767211913,train/00055087.jpg,A bioluminescent flower blooming at twilight depicted in digital art.
0.7469056,0.20449007,0.29173036575317385,train/00055140.jpg,A crowd of people walking down a street next to a traffic light.
0.7476243,0.20428182,0.2926114845275879,train/00055142.jpg,A crowd of people walking down a street next to a traffic light.
0.46460378,0.5044859,0.2881060791015625,train/00055286.jpg,A hammerhead shark with orange legs depicted in oil on canvas with a dramatic pose.
0.14848745,0.38869748,0.2477420997619629,train/00055424.jpg,A painting of mountains in the foreground and sea in the background at dawn.
0.5707421,0.2591455,0.28698301315307617,train/00055613.jpg,A group of people doing different things in a kitchen. 
0.32092896,0.5873917,0.2467112922668457,train/00055706.jpg,A walrus leviathan created by Kentaro Miura.
0.60283315,0.7603119,0.2620820426940918,train/00055748.jpg,A full-body portrait of Lloth in Drow form surrounded by spiders.
0.48694426,0.80796623,0.26520915985107424,train/00055887.jpg,A symmetrical goddess of the forest with striking eyes and incredible detail.
0.3231112,0.98566246,0.2799855422973633,train/00055977.jpg,A woman wearing a translucent bomber jacket made from a plastic bag and clothed in paper bags stands with a paper bag over her head at a store display.
0.7553924,0.33150667,0.280695743560791,train/00056007.jpg,A man driving a car is passing a horse and cart.
0.13766871,0.39973393,0.23974157333374024,train/00056010.jpg,Mountain landscape at night with a teal color scheme by artist Arkhip Kuindzhi.
0.14945401,0.38370872,0.25708967208862304,train/00056011.jpg,Mountain landscape at night with a teal color scheme by artist Arkhip Kuindzhi.
0.46680403,0.14530078,0.27035200119018554,train/00056052.jpg,a silver and black stove and microwave a sink and cabinets
0.62668145,0.48010248,0.27568397521972654,train/00056064.jpg,"3D render of a corgi Furby toy, depicting a cute and happy furry creature."
0.58865905,0.4623262,0.2538596153259277,train/00056085.jpg,Oil painting by Edward Hicks featuring the Peaceable Kingdom with Corgis.
0.68885005,0.26333013,0.2893719291687012,train/00056130.jpg,A group of people that are packing up some luggage.
0.30256125,0.57261544,0.2563764953613281,train/00056311.jpg,A movie poster for Studio Ghibli's Love and Hate.
0.625182,0.58952403,0.30793142318725586,train/00056321.jpg,Cartoon occult sculpture toy display.
0.5723248,0.26019585,0.27327484130859375,train/00056372.jpg,A lady working in the sink of a kitchen with pans on the stove.
0.40655556,0.856618,0.2596965980529785,train/00056484.jpg,Baroque oil painting of a wealthy anime girl with a brutalist and dark fantasy aesthetic.
0.42999882,0.23193729,0.26679744720458987,train/00056491.jpg,"A computer desk holding a computer monitor, a keyboard and a cup of coffee."
0.0769401,0.7397882,0.2195844268798828,train/00056519.jpg,A volcano made of ivory vines and crimson rocks erupts and produces a smoke resembling a demonic eye.
0.44002864,0.7762095,0.24771903991699218,train/00056531.jpg,Portrait of a futuristic angel with colorful xray melting colors.
0.81968194,0.21192913,0.26707088470458984,train/00056612.jpg,"A store that says ""Ray's Tavern"" and a group of motorcycles parked outside the store. "
0.23143911,0.44421858,0.2611385345458984,train/00056701.jpg,"A post-apocalyptic virtual world with no money or fear, depicted in a painting by William Higginson, Kopera, and Anton Fedeev."
0.42687428,0.77311486,0.2630125617980957,train/00056723.jpg,An image of the goddess Bastet featured in intricate concept art by Einar Jonsson and Bouguereau.
0.57041967,0.5631004,0.27700828552246093,train/00056803.jpg,A ceramic miniature of a robot scientist monster surrounded by flying parts.
0.113068335,0.34303275,0.26674667358398435,train/00056898.jpg,An enchanted forest painting by Ivan Aïvazovski.
0.59614515,0.26167008,0.2698701858520508,train/00056968.jpg,A young man working multi-tasks at a computer.
0.316253,0.4262206,0.27047718048095704,train/00056995.jpg,"A giant sci-fi space rocket blasts off into space with smoke and blue fire, surrounded by a beautiful landscape."
0.59375197,0.55610055,0.28849279403686523,train/00057002.jpg,"Illustration of a rooster dressed in medieval armor, designed by artist wlop with a dark and dramatic mood."
0.48921812,0.6836889,0.24894132614135742,train/00057093.jpg,Marvel's Thor waits in a long DMV line.
0.6698944,0.71472096,0.2741894340515137,train/00057194.jpg,"The image depicts a male android, half robot and half humanoid, with shiny skin and a blank stare, posing like a statue in a gaming room."
0.6431022,0.53294855,0.3028706932067871,train/00057309.jpg,"An owl wearing mechanical sunglasses and a leather jacket, in an anime style."
0.40530476,0.8585224,0.26674428939819333,train/00057366.jpg,"An oil painting of an elegantly dressed anime girl with detailed features, including heterochromia, by Range Murata."
0.42283043,0.061608277,0.2604354667663574,train/00057382.jpg,An empty bathroom with one ceramic sink and a mirror
0.20600839,0.43722165,0.2497488784790039,train/00057477.jpg,A digital oil painting of a desert by Greg Rutkowski.
0.3829611,0.71739167,0.22145233154296876,train/00057488.jpg,A vampire doctor in a lab coat depicted in clean cel shaded vector art.
0.19906914,0.46759897,0.2345786476135254,train/00057797.jpg,A Minecraft game with a Paper Mario-style graphics in an SMP world.
0.69033957,0.5173648,0.2823536109924316,train/00057902.jpg,A panda wearing sunglasses and a red shirt plays guitar in a garden.
0.3939642,0.36830416,0.2700090980529785,train/00057943.jpg,"The image depicts a library with bookshelves, wooden furniture, a mosaic stone floor, and a rat wizard wearing a hat and robe, illuminated by candles and lanterns."
0.5563017,0.8272956,0.26658618927001954,train/00058049.jpg,"A side portrait of skinny anime Link with watercolor, elegant and delicate lines, in lime and gold hue."
0.60874027,0.47337505,0.2735592460632324,train/00058077.jpg,"A digital artwork of a fox fursona in a cyberpunk style with backlighting, created by Kawacy and popular on ArtStation."
0.13773966,0.41536924,0.21869895935058595,train/00058248.jpg,A river leads into a sunset in a watercolor style digital painting with intricate details and elegant composition.
0.40603083,0.41389453,0.2709419441223144,train/00058333.jpg,A bird's eye view photo of a dragon skull covered in vegetation in a jungle valley.
0.25980997,0.5058972,0.24520694732666015,train/00058487.jpg,"Splatoon fan art with a retro-futuristic style, popular on Art Station."
0.59386504,0.7085836,0.26963134765625,train/00058494.jpg,"A man with cybernetic enhancements in a laboratory, half robot and half human."
0.5883472,0.72152007,0.26264835357666017,train/00058495.jpg,"A man with cybernetic enhancements in a laboratory, half robot and half human."
0.5554854,0.45533118,0.24296674728393555,train/00058588.jpg,A donkey playing poker.
0.42087814,0.66826355,0.25251220703125,train/00058850.jpg,A dark and smooth character design inspired by Venice carnival with a concept art style.
0.8029796,0.30964932,0.2998935317993164,train/00059108.jpg,A man is sitting on a bench near a bike looking at the water.
0.26199785,0.400771,0.2474766731262207,train/00059193.jpg,A hospital surrounded by blood.
0.21937655,0.5743965,0.23579328536987304,train/00059286.jpg,The image depicts two opposing forces that constitute all aspects of life.
0.9722986,0.41169524,0.2698887634277344,train/00059362.jpg,A jet flies overhead in the intensely blue sky.
0.41745028,0.08065148,0.2485504150390625,train/00059464.jpg,"An apartment's sleek bathroom, white sink in focus"
0.50166786,0.4452752,0.2456061553955078,train/00059724.jpg,An anime-style drawing of an orangutan in an empty 90s office building with brown carpet and yellow wallpaper.
0.58012104,0.56055653,0.28057035446166995,train/00059802.jpg,"An anthropomorphic carnivorous plant character, holding a human skull, with big eyes and algae feet."
0.8148745,0.28813824,0.28233123779296876,train/00059829.jpg,A man is riding their motorcycle down the road. 
0.24461323,0.57255155,0.24562990188598632,train/00059909.jpg,The image is the logo of Agroo Store designed by Rob Janoff.
0.56782895,0.5286796,0.2799229049682617,train/00060225.jpg,The Lone Ranger depicted as an owl in a screenshot from a 1990s animated show.
0.5356853,0.5871342,0.27570650100708005,train/00060283.jpg,George Washington controlling a personal attack mech in a colorful and exciting illustration.
0.8404128,0.19184633,0.2973436737060547,train/00060448.jpg,A dark blue motorcycle is parked on the drive.
0.3077478,0.85297656,0.23276538848876954,train/00060488.jpg,A warrior woman in azure armor stands among crimson clouds and iridescent glass cracks slicing through a hellish landscape with a mountain in the background.
0.8058561,0.3593129,0.2739166259765625,train/00060569.jpg,A man throwing a frisbee in a park 
0.2110242,0.6092445,0.22454811096191407,train/00060588.jpg,The image is a piece of art created by Peter Mohrbacher.
0.3709066,0.56640303,0.252684440612793,train/00060629.jpg,A hand is shown making a benediction gesture in a baroque painting.
0.64253014,0.39707485,0.29435836791992187,train/00060642.jpg,A painting on a door of a cat going through a cat door.
0.2263492,0.3793952,0.2679130172729492,train/00060705.jpg,"An animation key shot of a library in a cavern with large windows, flanked by stalagtites and stalagmites, created by Studio Ghibli."
0.38340992,0.5827787,0.25688541412353516,train/00060720.jpg,"A colorful and eclectic portrait art featuring various pop culture figures, created by Lisa Frank and Yayoi Kusama."
0.27387065,0.7062164,0.21207254409790038,train/00060764.jpg,A man inserts a mind control chip into a cyborg football player.
0.82184255,0.2091453,0.2805787086486816,train/00060840.jpg,a couple of motorcycles are parked together outside
0.36693394,0.64335924,0.2443385124206543,train/00060858.jpg,"A character named Serre appears in the manga ""Chainsaw Man."""
0.7045887,0.1584203,0.2692388916015625,train/00061006.jpg,A street sign that is next to a red light.
0.5886159,0.52533114,0.27911842346191407,train/00061049.jpg,A 3D model of a fat penguin created in a stylized manner.
0.34259883,0.472643,0.27253055572509766,train/00061078.jpg,Two speakers with a psychedelic texture.
0.5856368,0.7342208,0.26525413513183593,train/00061208.jpg,"Portrait of a stern and confident man wearing a golden crown, red coat, and stubble, with a stained glass art background by Alphonse Mucha."
0.83598566,0.26830998,0.2941044044494629,train/00061458.jpg,Two people riding together on a motorcycle down the road.
0.46614087,0.5410371,0.2743266296386719,train/00061490.jpg,A highly detailed video game art depicting a demonic Giant Satanic Angler-Fish Demon in the darkness of the Marianas Trench abyss.
0.21362327,0.5272043,0.23565988540649413,train/00061548.jpg,A glitch art masterpiece with a detailed composition following the rule of thirds.
0.39348555,0.6312459,0.2512650489807129,train/00061556.jpg,"A painting of a Power Rangers helmet by Raffaello Sanzi, featuring a LUCHADORA hero and tribal designs."
0.11927208,0.65034926,0.21116584777832031,train/00061560.jpg,"The image is of a Japanese-style lightsaber hilt with acid-etched aluminum, a leather grip, and a wooden pommel."
0.84544706,0.29054907,0.29891416549682615,train/00061755.jpg,A person in helmet leaning on a motorcycle with a fence next to it.
0.3949862,0.45284995,0.27267175674438476,train/00061819.jpg,"Illustration of dragon and zombie battle in a jungle environment by Gret Rutkowski, Studio Ghibli, and Pablo Picasso."
0.4526059,0.63335353,0.2664914512634277,train/00061887.jpg,Jeffrey Dean Morgan as Flashpoint Batman in DC art by Greg Rutkowski.
0.802899,0.17051215,0.28275691986083984,train/00061931.jpg,A grey-scale photograph of a rear bicycle tire lifted for repair. 
0.50864875,0.688443,0.27091724395751954,train/00061946.jpg,Portrait of Antonio Banderas as a holy paladin in fantasy armor.
0.16809598,0.38545677,0.2561069679260254,train/00061977.jpg,Painting of old Kyoto in the fog by Caspar David Friedrich.
0.6317236,0.3666315,0.26734893798828124,train/00062158.jpg,The cats are eating and getting a drink of water. 
0.68738216,0.6548244,0.23411514282226562,train/00062231.jpg,"A menacing, snake-like creature with glowing green eyes wraps around a broken tree while a small figure with a sword stands in the foreground."
0.55550665,0.85998064,0.26728099822998047,train/00062331.jpg,"A kurdish woman on a white horse in the mountains, depicted in rich detail by artist Martin Ansin."
0.4138614,0.026505718,0.28022491455078125,train/00062350.jpg,A bathroom with a striped shower curtain and black rug.
0.39025483,0.54710495,0.26183223724365234,train/00062355.jpg,"An image of a technical blueprint of a cyborg cowboy, a telepathic intravenous drip body augmentation, a humanoid cowboy snake man machine, and a performance enhanced salesman anatomy with a biological locomotive fusion engine."
0.14948183,0.43252864,0.19937025070190428,train/00062496.jpg,""": A surreal digital art piece by Zdzislaw Belkinski depicting an overgrown city with a horror vibe."""
0.48134205,0.62506807,0.29032125473022463,train/00062565.jpg,The image depicts the character Mr. Bean.
0.5952759,0.37842438,0.28674257278442383,train/00062591.jpg,A surgeon performing an operation on a jigsaw puzzle.
0.4877432,0.15755454,0.259439697265625,train/00062675.jpg,A kitchen with a window above a bunch of clutter.
0.7509824,0.48800722,0.29018402099609375,train/00062851.jpg,A giraffe standing on top of a dirt field near trees.
0.35143173,0.7477904,0.21717565536499023,train/00062980.jpg,Character design inspired by Venice carnival and nun outfit.
0.38467783,0.6451819,0.24481367111206054,train/00063089.jpg,Fan art of Saul Goodman marrying Kim Wexler as Walter White's ghost looks on.
0.41261598,0.8301329,0.27270084381103515,train/00063100.jpg,Portrait of young Asian gothic maiden by Gustav Klimt.
0.40477923,0.7623681,0.24163436889648438,train/00063168.jpg,"The image depicts the Goddess of Art inspired by the styles of Octavia Ocampo, Mucha, and Kandinsky."
0.45781064,0.7269702,0.2515628433227539,train/00063307.jpg,"An underwater portrait of Shrek depicted as a mermaid in an art style inspired by Klimt, Nixeu, Ian Sprigger, Wlop, and Krenz Cushart."
0.360632,0.04851967,0.26439384460449217,train/00063322.jpg,A white toilet sitting under a window near a sink.
0.19875225,0.40224963,0.25824785232543945,train/00063454.jpg,"The image depicts a landscape in a lost valley with a cinematic feel, featuring highly detailed concept art with dynamic lighting and rule of thirds composition."
0.70459044,0.5369034,0.2799198532104492,train/00063485.jpg,"An electric guitar, beer can, and astronaut sit together on the moon surface."
0.40411833,0.5198423,0.24107477188110352,train/00063645.jpg,A die cut sticker featuring a cartoon French fry and ketchup bottle who are best friends and in love.
0.344916,0.43576294,0.26421213150024414,train/00063806.jpg,"A close-up sketch of a wine glass in a realistic style, created with a black ink liner pen."
0.4811997,0.25847223,0.2564278793334961,train/00063918.jpg,A pale and thin child stokes a scullery fire inside while dark turned fields and darker woods are visible outside.
0.5308121,0.4890352,0.2569985771179199,train/00064021.jpg,Animatronic penguin concept art.
0.43612963,0.541789,0.2581131362915039,train/00064099.jpg,Anthropomorphic creature poster art created by Lucasfilm and Weta Studio for a movie.
0.57298666,0.76918495,0.2799726104736328,train/00064190.jpg,"An illustration of a damaged cyborg being repaired in an abandoned military research center, with intricate details and a cyberpunk aesthetic."
0.5780062,0.27635998,0.29015933990478515,train/00064281.jpg,A man uses a tablet computer while sitting in a kitchen.
0.51543516,0.6900487,0.2771103668212891,train/00064366.jpg,"The image is a highly-detailed digital painting of King Richard the Lionheart in armor, with reddish hair, depicted in a fantasy setting as a portrait."
0.5590524,0.57525057,0.27036548614501954,train/00064483.jpg,"A tarot-style portrait of Pikachu in the art nouveau style, with a skull and manga/anime influences."
0.19998795,0.42054805,0.23882017135620118,train/00064564.jpg,Pixel art city at night.
0.38844943,0.92176867,0.27921714782714846,train/00064665.jpg,A 3D portrait of two anime schoolgirls with ultra-pretty faces in a subway station.
0.54818916,0.8761674,0.27844551086425784,train/00064717.jpg,"A frightened young woman with blood splotches on her face, curled in a castle corridor, wearing an emerald necklace and green ball gown."
0.22357339,0.43687972,0.23887174606323242,train/00064851.jpg,"An abstract, ornate cathedral interior depicting an evolution of evil with giger textures and infinitely complex detail, created by Antoine Wiertz and Noah Bradley, set in an occult city's booming underground nightlife."
0.370645,0.50184107,0.26601972579956057,train/00064935.jpg,Renaissance painting portrait of a Gouda cheese wheel.
0.6407453,0.84151626,0.27882745742797854,train/00064987.jpg,Concept art of two AI androids facing each other with closed eyes.
0.5640016,0.48972332,0.2647198486328125,train/00065015.jpg,Clipart of various animals standing together.
0.9612784,0.4038814,0.2691299247741699,train/00065161.jpg,Eight old-fashioned planes are flying in a group.
0.2796542,0.4830571,0.26850341796875,train/00065262.jpg,"Two abstract and intricate artworks created by Kilian Eng and Dan McPharlin, featuring various paths converging into one central point."
0.29100278,0.41156298,0.26251708984375,train/00065449.jpg,"The image features a street scene with retro futuristic concept cars, low profile tires, and lavish chrome trim."
0.86426884,0.28658575,0.3088377952575684,train/00065526.jpg,A man sitting on top of a red and white motorcycle.
0.6614531,0.61530566,0.2857429313659668,train/00065555.jpg,Johnny Cash as purple ranger riding on a musical cowboy snake bull zord in a digital illustration.
0.5186865,0.7169025,0.26992618560791015,train/00065717.jpg,"The image is a close-up portrait of a young albino Greek god with long curly white hair, created in the romanticism style by Edward Hopper with vibrant colors and highly detailed features."
0.3810042,0.82850933,0.24305767059326172,train/00065792.jpg,"A scientist girl in a lab coat with an anime/magical girl aesthetic depicted by Greg Rutkowski on Pixiv, credited under the name Artgerm."
0.35524598,0.80523986,0.22945426940917968,train/00066204.jpg,"A full body image of Zoe Castillo from the videogame Dreamfall Chapters on a white background, with exceptional photorealism and highly detailed rendering."
0.46110243,0.826327,0.2610933494567871,train/00066206.jpg,"A full body image of Zoe Castillo from the videogame Dreamfall Chapters on a white background, with exceptional photorealism and highly detailed rendering."
0.4043639,0.053705074,0.262209415435791,train/00066579.jpg,A bathroom shower with towel hanging from the door.
0.9157057,0.37986457,0.27595111846923825,train/00066914.jpg,Several people standing behind a fence near a plane.
0.24404997,0.4085475,0.26399179458618166,train/00067228.jpg,A painting of an abandoned government science lab built to research superpowers in the Great Basin Desert.
0.5194486,0.73548216,0.260863208770752,train/00067237.jpg,"A digital portrait of a human hunter holding a revolver in a western era style, inspired by Greg Rutkowski's work, depicting the horror-themed game ""Hunt: Showdown,"" set in Louisiana with a striking backlight effect."
0.29912075,0.41200408,0.2635531997680664,train/00067328.jpg,A woodcut of a sailing vessel battling a stormy sea on a moonlit night.
0.5632917,0.5238055,0.2784573745727539,train/00067357.jpg,A hyper realistic astronaut shibu inu exploring the galaxy in a painting by multiple artists.
0.9225829,0.40559432,0.2517362594604492,train/00067613.jpg,there is a very large plane that is stopped at the airport 
0.38130075,0.387191,0.23646896362304687,train/00067628.jpg,Nintendo 64 concept art of a penguin house.
0.3920901,0.8761646,0.26702695846557617,train/00067653.jpg,Close-up portrait of two Asian girls with make-up looking at each other in an iconography style.
0.5346188,0.6375957,0.28084808349609375,train/00067682.jpg,The image is a realistic painting by Raffaello Sanzi of a LUCHADORA hero wearing a Power Rangers helmet mask and tribal-inspired suit.
0.7482581,0.17842433,0.2783370590209961,train/00067791.jpg,A public bus is driving down the road past a rounded building.
0.23745948,0.40900138,0.26525110244750977,train/00067821.jpg,An art deco cyberpunk city with highly detailed design created by multiple artists on ArtStation.
0.5183499,0.6140912,0.2657701873779297,train/00067981.jpg,Stephen Hawking wearing a robot suit.
0.8135913,0.2841165,0.2858147239685059,train/00068072.jpg,A person is working on a motorcycle in a garage.
0.5391526,0.5604974,0.24920177459716797,train/00068256.jpg,Cartoon hippy sculpture toy on display.
0.44689846,0.7832942,0.27792762756347655,train/00068281.jpg,A highly detailed digital painting of Kristen Bell as a goddess of nature in sharp focus.
0.4644604,0.18507779,0.27254581451416016,train/00068315.jpg,Some cooking utensils are sitting in a pitcher.
0.5215207,0.51295,0.28631996154785155,train/00068318.jpg,A giant sun with eyes in a black and white background.
0.20420471,0.5038649,0.25909570693969725,train/00068388.jpg,"Image of spherical glass people dining at a restaurant, shattered into pieces."
0.63858235,0.3630783,0.28668636322021485,train/00068424.jpg,Lazy cat on a workstation shelf above a computer monitor.
0.81416386,0.29344824,0.28010934829711914,train/00068485.jpg,A man doing a wheelie on a motorcyle
0.80384433,0.2928453,0.2757957267761231,train/00068487.jpg,A man doing a wheelie on a motorcyle
0.61635506,0.51104933,0.2765862655639648,train/00068549.jpg,A photo of a document with the character Tigger on it.
0.127319,0.5639019,0.22225021362304687,train/00068568.jpg,"A highly detailed digital painting of Pluto depicting a surreal landscape, featuring three characters standing on a hill, created by artists Artgerm, Greg Rutkowski, and Edgar Maxence on ArtStation utilizing Unreal Engine 5."
0.13637571,0.48990133,0.2051707077026367,train/00068688.jpg,"The image depicts a stunning tornado made up of flowers, rendered in intricate detail by Greg Rutkowski and shared by Rhads."
0.5371933,0.6757931,0.28564559936523437,train/00068906.jpg,"A half-masked laboratory engineer with cybernetic enhancements in a dystopian scifi outfit, viewed from a distance."
0.56225204,0.60815954,0.28194395065307615,train/00069015.jpg,"A painting of a saracen horseman, with intricate details and a digital medium."
0.597141,0.53626865,0.27536243438720703,train/00069075.jpg,A group of caricature cosmonauts lounging on a crescent moon amidst stars and planets in outer space.
0.18508057,0.6455893,0.2386619758605957,train/00069168.jpg,A skeleton submerged in milk in a foggy early morning setting.
0.23276691,0.49438706,0.24299148559570313,train/00069188.jpg,An abstract triangle filled with rainbow colors.
0.8254221,0.29430452,0.29318037033081057,train/00069498.jpg,a man on a scooter at the top of some steps
0.6161854,0.554585,0.29596513748168946,train/00069609.jpg,A painting of a trophy with an owl on top in an intricate Art Nouveau style.
0.60278124,0.41818964,0.2550419044494629,train/00069688.jpg,An oil painting of a cat wearing a party hat.
0.34173766,0.047735576,0.2652920150756836,train/00069764.jpg,A simple bathroom with a toilet and two rolls of toilet paper. 
0.42804253,0.80092233,0.2696904182434082,train/00069857.jpg,"Portrait of Bettie Page in a glamor pose, depicted with intricate elegance in a highly detailed digital painting with glowing lights, created as a concept art illustration by Frank Frazetta, William Mortensen, and Arny Freytag."
0.44501936,0.80770427,0.28097259521484375,train/00069859.jpg,"Portrait of Bettie Page in a glamor pose, depicted with intricate elegance in a highly detailed digital painting with glowing lights, created as a concept art illustration by Frank Frazetta, William Mortensen, and Arny Freytag."
0.63455784,0.16057916,0.24883102416992187,train/00070111.jpg,"A close shot of a sign that says ""Church Avenue"". "
0.4291777,0.06273185,0.25919357299804685,train/00070163.jpg,A view of a very large bathroom with mirrored walls.
0.30038366,0.060893744,0.26180938720703123,train/00070224.jpg,Four extremely dirty and nasty urinals in bathroom
0.821519,0.26745138,0.28002649307250976,train/00070465.jpg,Four people on a sand dune with a BMX bike and an ATV.
0.5896791,0.582587,0.27567529678344727,train/00070506.jpg,A wooden cyberpunk robot sculpture with graffiti in a contemporary art gallery.
0.9610373,0.40081117,0.28398101806640624,train/00070616.jpg,A drawn airplane figure is in the sky with a real airplane. 
0.38988316,0.7974671,0.23698945999145507,train/00070640.jpg,"An image of a fantasy maiden inspired by Dungeons and Dragons, created by multiple artists including Edgar Maxence and Ross Tran, depicted in Gustav Dore style."
0.4898497,0.8578716,0.2577574920654297,train/00070744.jpg,The image features a futuristic girl robot with a gold exoskeleton and tan transparent skin against a grey background.
0.430008,0.77667516,0.2615274238586426,train/00070759.jpg,"The image features a digital painting of Alison Hannigan, with intricate details and elegant bone structure, created by artist Artgerm and shared on Artstation."
0.45899257,0.6869324,0.25730409622192385,train/00070834.jpg,A polaroid painting portrait of an African tribal warrior by Zdzislaw Beksinski.
0.44412002,0.5814076,0.25391382217407227,train/00070947.jpg,"A digital art depiction of a horrifying god-machine, with highly detailed features and evocative lighting."
0.35168967,0.7004042,0.2176602554321289,train/00070992.jpg,A portrait of Vanilla Ice made out of vanilla and ice as concept art.
0.46177727,0.690372,0.265799560546875,train/00071066.jpg,"An acrylic on canvas portrait painting of Cristiano Ronaldo as an alien priestess by Greg Rutkowski, Artgerm and Beksinski."
0.47929975,0.6288244,0.2747768783569336,train/00071345.jpg,"The image depicts Dolph Lundgren as Carnage from Marvel Comics, in a highly detailed portrait."
0.4085293,0.60274327,0.24585071563720703,train/00071349.jpg,A muffin man portrayed in the surrealistic and biomechanical style of Swiss artist H.R. Giger.
0.5369711,0.69356364,0.26642053604125976,train/00071377.jpg,A cyberpunk male with a machine face and Chinese opera motifs.
0.48855534,0.15121524,0.2576412010192871,train/00071481.jpg,Cluttered kitchen with light colored cabinets island and fridge.
0.6281429,0.4643774,0.27373992919921875,train/00071615.jpg,A cute Guinea Pig Field Medic with a red cross.
0.44024366,0.65635926,0.2634758949279785,train/00071755.jpg,"Digital portrait of a Ghost in the machine by francois Schuiten, cyberpunk."
0.445405,0.7631141,0.2589234161376953,train/00071806.jpg,Oil painting of an angel by Peter Mohrbacher.
0.29488713,0.49186018,0.2686570358276367,train/00071945.jpg,"The image depicts a device in hand creating a rip in spacetime, suggesting the possibility of opening a portal to another dimension or reality within a digital art."
0.48281884,0.57508606,0.2576344680786133,train/00072031.jpg,Armored knight mech built by Tony Stark.
0.42400858,0.6514811,0.2618623352050781,train/00072033.jpg,A self-portrait of Jung Jaehyun in the art style of Junji Ito.
0.24424618,0.35918266,0.262125129699707,train/00072114.jpg,Blue creatures flying through floating islands with unique cloud formations and interesting lighting.
0.16858031,0.5141988,0.23033756256103516,train/00072116.jpg,"A parade of disconnected images including interiors, astronomical diagrams, a painting by Giorgio De Chirico, and a list of unpopular anagrams."
0.39778286,0.67355955,0.24789894104003907,train/00072160.jpg,"Two muscular acrobatic dancing angels standing in front of gates of hell, draped with bones."
0.64396465,0.2548213,0.26694961547851564,train/00072353.jpg,A woman sits on a table and portrays a time gone by. 
0.8330787,0.2963379,0.3028377342224121,train/00072456.jpg,A man on a motorcycle with a very large teddy bear.
0.6073866,0.5257649,0.284211483001709,train/00072475.jpg,"A baby chick dressed like a prisoner, in the style of Tom Chambers."
0.3009848,0.5092064,0.2633723831176758,train/00072481.jpg,A painting by Leonardo da Vinci depicting an ice cube in a medieval/renaissance style.
0.16744497,0.35689422,0.2745781326293945,train/00072539.jpg,"A multi-level house built on top of Devil's Tower, Wyoming with volumetric sunset light and colorful concrete, glass, and translucent materials."
0.51422536,0.91683686,0.28576786041259766,train/00072687.jpg,"A school girl sitting on the tiles in the school bathroom, depicted in a dramatic cozy poster by wlop and okuda genso with an anime aesthetic."
0.5595554,0.6636104,0.2716529655456543,train/00073037.jpg,"Realistic painting of complete astronaut suit with exposed diamond 3D fractal lace, iridescent bubble 3D skin, and plasma spear, in a retro futuristic style with rich, moody colors."
0.38299546,0.1736254,0.2633143424987793,train/00073184.jpg,A bed with a bunch of white drapes on it.
0.38283682,0.17590246,0.27852041244506837,train/00073185.jpg,A bed with a bunch of white drapes on it.
0.849818,0.2891768,0.3074469566345215,train/00073240.jpg,Racing motorcycle with man in blue rounds a curve
0.77274305,0.43119287,0.24055307388305663,train/00073258.jpg,"Lambs and goats mill about inside a white picket fence, possibly waiting for the load of hay in the white pick-up truck to be delivered to them for munching."
0.43677098,0.7959228,0.2813655090332031,train/00073299.jpg,"Portrait of Alexandra Daddario in Cyberpunk Warhammer style, illustrated by Gustav Klimt on Artstation."
0.6098104,0.5131838,0.2744920349121094,train/00073322.jpg,"A barn owl in a black suit is drawn by Hayao Miyazaki in an anime style, inspired by My Neighbor Totoro."
0.46057224,0.65215164,0.2649162483215332,train/00073402.jpg,"Dwayne Johnson depicted as a character from the anime/manga series ""One Piece"" in a highly detailed sketch."
0.6852905,0.6484897,0.27652698516845703,train/00073657.jpg,Italian man dressed as Mario hugging a red mushroom with white spots in a forest and crying tears of joy.
0.3875277,0.56508803,0.2557077407836914,train/00073690.jpg,The Emperor is in control of numerous levers.
0.40990618,0.5670582,0.27037092208862307,train/00073706.jpg,"The image is a highly detailed, surreal depiction of a Hellraiser Cenobite, created by artist Greg Rutkowski and showcased on the online platform Artstation."
0.48965618,0.35445237,0.2658719635009766,train/00073759.jpg,The image is a Flying Swan Boat with intricate flower designs on it.
0.41378915,0.5315398,0.23677360534667968,train/00073775.jpg,A tyrannosaurus rex or T-Rex.
0.17523551,0.3484628,0.27393978118896484,train/00073776.jpg,"A digital illustration depicting strange glowing creatures in a forest cabin, reminiscent of the styles of Hieronymus Bosch, Salvador Dali, and Magic the Gathering."
0.49243337,0.8579076,0.29588851928710935,train/00073941.jpg,"A portrait of a beautiful woman wearing a futuristic headdress with daisies, puffballs, mushrooms, and other organic shapes."
0.43293002,0.84060144,0.27376306533813477,train/00074110.jpg,"A detailed portrait of a neon operator woman in a cyberpunk futuristic scene, wearing a reflective puffy coat with traditional Japanese ornaments, illustrated by various artists and featuring a realistic shaded face."
0.19614305,0.4934554,0.22169185638427735,train/00074140.jpg,A highly detailed dieselpunk perpetual motion machine created using raytracing and global illumination in Unreal Engine 5.
0.7533577,0.45280153,0.27282636642456054,train/00074166.jpg,A herd of elephants grazing on a lush green field.
0.39995894,0.9473198,0.2835571479797363,train/00074201.jpg,Two anime girls standing in front of a vending machine in a narrow Tokyo alleyway.
0.25752544,0.4068207,0.2635794639587402,train/00074277.jpg,A cyberpunk city on a computer motherboard with cinematic lighting.
0.5654845,0.78687185,0.2554164505004883,train/00074493.jpg,Two lovers channeling third eye energy in the living room while others look on sinisterly in a vibrant screen print by Martine Johanna and Chris Mars.
0.4562109,0.8803005,0.25760183334350584,train/00074858.jpg,"The image is a wide-angle photograph of a female wooden art doll, asleep and depicted with a sad expression."
0.49782962,0.91074246,0.28767770767211914,train/00074894.jpg,A digital painting of Nyotengu from DOA6 in her high school uniform sitting on a chair with wide open wings.
0.19233769,0.6873964,0.22039545059204102,train/00074944.jpg,"Three individuals engaged in mud-wrestling, inspired by the ""Where's Waldo?"" book series and painted in the style of Francis Bacon."
0.540287,0.665206,0.2819185638427734,train/00074967.jpg,A psychonautist is depicted within a crystal sphere in a digital painting featuring volumetric lighting.
0.36974376,0.5053511,0.2641619682312012,train/00075036.jpg,"The image depicts a digital painting of a biohazard broccoli with arcane magic, featuring various hero champions in a mage, fighter, and assassin style."
0.96594286,0.40983415,0.2726168251037598,train/00075253.jpg,a large plane is flying through the sky 
0.6219193,0.48985642,0.28255098342895507,train/00075327.jpg,A lemur is shown eating a grape with a nebula in the background in an intricate and highly detailed digital painting.
0.3064414,0.9358507,0.260280647277832,train/00075346.jpg,A woman is depicted crying and covered in yellow and blue clouds in a shamanistic artwork by Kim Keever.
0.45005226,0.49336913,0.25664260864257815,train/00075801.jpg,A monstrous creature by Aaron Sims is seen on a residential street with atmospheric lighting.
0.6338961,0.29752165,0.28351846694946287,train/00075878.jpg,A man sits at a laptop computer at a table.
0.51702243,0.79720503,0.27403017044067385,train/00075947.jpg,"A photo of Monalisa in Bali, rendered in infared and Octane, with a film-like quality and high level of detail."
0.9280846,0.39096525,0.2694824981689453,train/00076013.jpg,An airplane sitting on the water parked at the docks
0.44547594,0.74345595,0.263912353515625,train/00076194.jpg,"The image depicts a biomechanical landscape featuring the human female form with influences of Giger and Zawadzki, showcasing hyperrealism and futurism."
0.6398634,0.84824246,0.29176456451416016,train/00076351.jpg,A father and his toddler daughter in a digital illustration resembling the style of Don Bluth.
0.2649632,0.5531445,0.23427974700927734,train/00076567.jpg,"A kraken with sharp fangs swimming in space, art by Maciej Kuciara and Jason Chan, ominous cosmic horror."
0.45312077,0.9118278,0.2767068099975586,train/00076738.jpg,"Katie McGrath in a black leather superheroine costume with gold details, standing in the Batcave."
0.69000643,0.37906787,0.2959890365600586,train/00076780.jpg,A dog watching a television that is displaying a picture of a dog.
0.39912397,0.8231386,0.24538854598999024,train/00076944.jpg,A shaolin warrior monk stands at a crowded nightclub bar surrounded by neon lights and a blue cloud pattern laser show.
0.76939374,0.37841544,0.28394184112548826,train/00077174.jpg,A young girl walking through a flower garden.
0.27455777,0.43931115,0.2627231407165527,train/00077310.jpg,A sci-fi painting by John Harris featuring a low earth orbit space city under war with a Saturn ring in the background.
0.21133149,0.96607083,0.22397439956665038,train/00077488.jpg,A girl floats in a surreal flower field with a colorful sunrise backdrop.
0.26345617,0.41531992,0.26626106262207033,train/00077539.jpg,"An oil painting depicting an anime rail cannon firing over castle walls in a grimdark steampunk fantasy battlefield, with brush strokes and reminiscent of artists Makoto Shinkai, Greg Rutkowski, and Studio Ghibli."
0.50466675,0.9172782,0.27620468139648435,train/00077713.jpg,Two cyberpunk females on motorcycles in a futuristic city.
0.36944675,0.76615804,0.22924018859863282,train/00077796.jpg,A depiction of Aerith Gainsborough wearing a different outfit drawn by multiple artists on ArtStation.
0.45622402,0.7804843,0.27327569961547854,train/00077797.jpg,A depiction of Aerith Gainsborough wearing a different outfit drawn by multiple artists on ArtStation.
0.62615275,0.40505862,0.2732388114929199,train/00077825.jpg,A cute Asian cat.
0.31950793,0.5049325,0.2763136672973633,train/00077970.jpg,A photo from a popular sci-fi movie generated by artificial intelligence with highly detailed characters.
0.427724,0.69598186,0.2462141227722168,train/00078452.jpg,"A wood-engraved portrait of a vampire named Dio Brando from Jules Verne's Stardust Crusaders, with detailed art by Édouard Riou Jules Férat and Henri de Montaut."
0.36714995,0.90353656,0.2659324645996094,train/00078566.jpg,"Anime key visual of a girl with green outfit, hair and eyes, captivated by a green paradise in ""The Rising of the Shield Hero""."
0.8287959,0.28310964,0.2807012176513672,train/00078701.jpg,A WOMAN RIDING ON A RED FLAMED MOTORCYCLE WEARING CHAPS.
0.9765956,0.41433468,0.26344459533691406,train/00078834.jpg,An airplane flying through the gray sky with smoke pouring out it's back.
0.7014985,0.3969596,0.28678810119628906,train/00078938.jpg,A dog in a bandana and Harley Davidson gear.
0.7463344,0.4914295,0.3002195358276367,train/00079063.jpg,Several giraffes trotting and standing in a grassy fenced area.
0.38437527,0.5596206,0.24275367736816406,train/00079104.jpg,A highly-detailed digital art depicting the monster under a bed.
0.21090442,0.3892344,0.26793441772460935,train/00079162.jpg,"A vibrant, retro-futuristic landscape depicting a jungle settting with lush vegetation and bright neon lights, presenting a sci-fi concept art based on a DNA bio experiment by Studio Ghibli and Syd Mead."
0.42486387,0.07239705,0.25342750549316406,train/00079289.jpg,The bathroom has double sinks and there is a television mounted.
0.679901,0.4622644,0.2964791297912598,train/00079319.jpg,A small baby bird on a piece of metal.
0.5201516,0.6893288,0.2670225715637207,train/00079531.jpg,"Portrait of a grotesque alien with intricate, elegant, and highly detailed sci-fi design, featuring glowing lights and dark lighting creating a dark mood."
0.22620352,0.97097236,0.2540593147277832,train/00079548.jpg,A girl is walking in a flower field while holding a daisy with a daisy for a face in a surreal photography-style image.
0.29286698,0.55452055,0.2546199607849121,train/00079621.jpg,"A risograph painting depicting Boards of Canada's ""Music Has the Right to Children"" album cover by Moebius, Dirk Dzimirsky, and Satisho Kon in a close-up, wide portrait."
0.40838656,0.21382314,0.27863609313964843,train/00079654.jpg,A bunch of electronics and writing utensils displayed on a bedroom floor. 
0.44618362,0.6356973,0.25636335372924807,train/00079678.jpg,Portrait of a toast dressed as Indiana Jones.
0.22596137,0.5774906,0.2350516700744629,train/00080016.jpg,The image is a peace sign.
0.5434815,0.6326535,0.29348915100097656,train/00080157.jpg,An art portrait of a person with arachnophobia.
0.47352096,0.14797196,0.26346454620361326,train/00080288.jpg,A long galley kitchen with cabinets on both sides
0.5170199,0.4588007,0.24385980606079102,train/00080300.jpg,A royal wolf depicted in an adventure-time cartoon style by artists Michael Divine and Amanda Sage.
0.42179242,0.48973253,0.2644232749938965,train/00080321.jpg,"A bottle of gin with fantasy creatures inside depicted in a symmetrical artwork, illustrated by Greg Rutkowski."
0.16836421,0.5064928,0.22107719421386718,train/00080456.jpg,"A centered and highly detailed psychedelic concept art of red and green tones with a depth effect, drawn by James R. Eads."
0.28925586,0.5004913,0.2651001739501953,train/00080459.jpg,"A centered and highly detailed psychedelic concept art of red and green tones with a depth effect, drawn by James R. Eads."
0.76239395,0.29341885,0.29514312744140625,train/00080537.jpg,a person holding a stop sign with a young child near by
0.538527,0.7846367,0.24848539352416993,train/00080589.jpg,A full body portrait of a Fallout Brotherhood member in power armor wearing a wedding dress with intricate abstract upper body artwork and holding roses.
0.40427634,0.069541834,0.2550188064575195,train/00080609.jpg,A hotel room with a separate bathroom area containing a bathtub
0.3645415,0.9205481,0.2664169120788574,train/00080627.jpg,Aerith takes a selfie on top of the Eiffel Tower in a Final Fantasy 7 inspired image by Square Enix.
0.40807512,0.7700254,0.2533820915222168,train/00080771.jpg,"A female tiefling character study in chalk style by artgerm, greg rutkowski, and Alphonse Mucha."
0.43037105,0.43982524,0.2603974723815918,train/00081137.jpg,"A butterfly fused with a jet fighter, rendered with remarkable detail."
0.49942905,0.8329405,0.2760654640197754,train/00081162.jpg,"A black and white ink drawing of a vampire woman lawyer from NYC, portrayed as a character portrait in concept art by Tim Bradstreet."
0.46830752,0.80652916,0.2687201499938965,train/00081288.jpg,A mixed media collage featuring a beautiful face with intricate oil details and broken glass elements.
0.26656893,0.5636623,0.2547942733764648,train/00081308.jpg,"The image is a digital painting of a dumbbell with highly detailed artwork featuring the styles of Artgerm, Greg Rutkowski, and Alphonse Mucha."
0.6761889,0.53070474,0.2718032646179199,train/00081342.jpg,A watercolor painting of a catboy with fennec fox ears wearing a white sweater.
0.6670048,0.78928185,0.2691129493713379,train/00081406.jpg,"A man silhouetted on a couch watching the news in a messy, cyberpunk-themed room with artwork by various artists."
0.3738511,0.8545524,0.24592294692993164,train/00081696.jpg,Nathalie Emmanuel as a happy witch in a cozy library with a green hat.
0.82423335,0.26289764,0.28878173828125,train/00081729.jpg,The men are riding their bikes threw the city shirtless.
0.26055694,0.40148413,0.2623490333557129,train/00081853.jpg,"An upside-down cyberpunk city illuminated by neon lights with an astronaut floating in its midst, inspired by Moebius."
0.3046834,0.47056302,0.2610999298095703,train/00081906.jpg,"A glass vial containing a red potion with magical properties, depicted in concept art by Greg Rutkowski on ArtStation."
0.32236648,0.46352836,0.26390480041503905,train/00081999.jpg,"A black, futuristic and organic audio design concept on a gray studio background, created by James Dyson and Jonathan Ive."
0.33287525,0.06399405,0.2530085182189941,train/00082036.jpg,A urinal in the middle of a tile bath room
0.5440185,0.4824723,0.2636182975769043,train/00082382.jpg,Seven hens wearing Andy Warhol-inspired dresses.
0.30215886,0.8078758,0.21038684844970704,train/00082488.jpg,"A Dutch milkmaid costume with cowbell choker, exposed midriff, prosthetic udders, cloven hoof high-heeled boots, puff sleeves, ruched bodice, and choker necklace."
0.46162847,0.57267606,0.26379167556762695,train/00082503.jpg,A YanSculpts-style siren.
0.38128716,0.44316757,0.27563671112060545,train/00082705.jpg,"The first version of Toy Story film with items such as beers, a Polaroid camera, and other photography-related items in the background."
0.45328343,0.23421273,0.2773052406311035,train/00082712.jpg,Four bowls of different kinds of foods are shown. 
0.50907856,0.80525947,0.27258399963378904,train/00082786.jpg,Portrait of a punk woman with a red face - Norman Rockwell painting.
0.25654957,0.6892528,0.22355064392089843,train/00083052.jpg,"A transparent glass cube containing the perfectly preserved and lifelike body of a king dressed in casual regal garments, illuminated in the darkness of the catacombs."
0.58080465,0.28622016,0.3040800094604492,train/00083108.jpg,People with white hats working in a stainless steel kitchen.
0.5203024,0.71116525,0.2620408248901367,train/00083374.jpg,Black queen in the shape of Mickey Mouse with beautiful symmetrical hands in a photo by Tom Bagshaw for Gucci.
0.8387036,0.21158092,0.2955170631408691,train/00083378.jpg,A few blue motorcycles are parked in a lot.
0.74575883,0.42130342,0.2766015243530273,train/00083434.jpg,A horse riding another horse.
0.22124515,0.9694489,0.24777523040771485,train/00083484.jpg,"A girl walking in a flower field with a giant white daisy flower as her head, in a surreal sunrise scene with colorful clouds, resembling an impressionist digital painting by artist Simon Stalenhag on ArtStation."
0.48233244,0.6860315,0.2713884162902832,train/00083698.jpg,"A male bactrian warrior depicted in a highly-detailed digital painting, shown in a headshot portrait as fantasy concept art by artgerm, Greg Rutkowski, and Magali Villeneuve."
0.48558012,0.6569095,0.28118789672851563,train/00083849.jpg,A portrait of an anthropomorphic Arnold Schwarzenegger portrayed as a D&D character in a matte fantasy style.
0.83209866,0.29181862,0.2927721405029297,train/00083963.jpg,a man is riding a blue motorcycle outside
0.4292159,0.512386,0.25995519638061526,train/00084018.jpg,Matte painting of a boy observing a traffic jam in cyberpunk New York by Greg Rutkowski.
0.24848805,0.55984443,0.25999065399169924,train/00084034.jpg,Artwork by Mr. Cartoon.
0.42338336,0.057657417,0.2639879608154297,train/00084038.jpg,A towel hangs beneath a sink in a bathroom.
0.667554,0.1363615,0.27028736114501956,train/00084197.jpg,A heritage building with big windows and next to a clock tower.
0.4313564,0.6575717,0.26275083541870115,train/00084255.jpg,A portrait painting of Isaiah Froeber.
0.23478287,0.40766054,0.2837992286682129,train/00084378.jpg,Landscape painting by Vincent van Gogh.
0.46278995,0.5300839,0.27058088302612304,train/00084418.jpg,An old Pacific Rim Jaeger stands in a Japanese yard in Hikone.
0.4367227,0.23015176,0.274177188873291,train/00084493.jpg,A table topped with dessert next to a window.
0.813549,0.36597207,0.2848235321044922,train/00084684.jpg,Two children attempting to catch a frisbeen on a stretch of grass.
0.42671454,0.882797,0.2796442413330078,train/00084885.jpg,A colored sketch of an attractive girl with short black hair and glasses drawn in an anime manga style by artist WLOP.
0.37257218,0.83244026,0.24239345550537109,train/00085165.jpg,Portrait of an Asian girl in the style of Andrei Rublev's iconography.
0.24577653,0.97755724,0.2727339553833008,train/00085175.jpg,A girl stands in a flower field with a blooming flower for a head in Simon Stalenhag's surreal photography.
0.8040137,0.26545057,0.2812298583984375,train/00085449.jpg,a group of buses driving around at the airport
0.30264607,0.5575475,0.2527115631103516,train/00085741.jpg,"An image featuring an ascendant plane with an eyeless watcher, art by Paul Lehr and Dorothea Tanning, depicted in high detail with a cinematic style."
0.2626047,0.59899235,0.25028186798095703,train/00085743.jpg,"An image featuring an ascendant plane with an eyeless watcher, art by Paul Lehr and Dorothea Tanning, depicted in high detail with a cinematic style."
0.2833003,0.4002346,0.26043426513671875,train/00085811.jpg,A car driving down a street next to tall buildings in a cyberpunk-inspired artwork.
0.38432258,0.68528664,0.23527286529541017,train/00086044.jpg,"An image of Arnold Schwarzenegger appearing to suffocate on Mars with perfect symmetry, dim lighting, and intricate composition."
0.5505549,0.43505374,0.2157418441772461,train/00086092.jpg,Portrait of a cyborg cat assembled from metal parts by Artgerm.
0.2295817,0.38926286,0.26340728759765625,train/00086161.jpg,Exploration of a dark cave revealing giant amethyst and opal crystals with a vast underground lake.
0.20641735,0.4448454,0.22822486877441406,train/00086248.jpg,"A digital painting depicting an intricate and dreamy neon world, with sweat drops and a cinematic atmosphere, created by artists such as Artgerm and Laura Sava."
0.6701433,0.46210825,0.27491992950439453,train/00086326.jpg,Dog in ninja costume throwing a Chinese star.
0.45406875,0.84044427,0.26348377227783204,train/00086340.jpg,"Portrait of a black woman wearing a flower crown, face gems, and cinematic make up inspired by Natalie Shau and Anna Dittmann."
0.42907682,0.07406989,0.26227590560913083,train/00086355.jpg,Two bathroom sinks that rise above the counter top.
0.46375212,0.68350136,0.24896299362182617,train/00086442.jpg,Griffith holding Behelit during the eclipse in Berserk.
0.4391702,0.5481458,0.2571247482299805,train/00086553.jpg,Elmo character featured in a cyberpunk night city digital art wallpaper.
0.19804086,0.42822284,0.2519939231872559,train/00086637.jpg,"A fanart digital illustration of an environment in ""The Last of Us Part 2"" created by multiple artists and shared on ArtStation."
0.35403875,0.8361408,0.24399555206298829,train/00086709.jpg,A poster of a cute nurse in nurse uniform standing in a hospital ward with windows and sunrise lighting.
0.5439169,0.456715,0.2419813346862793,train/00086816.jpg,A photo of a frog wearing sunglasses and a leather jacket drinking from a juicebox.
0.4278858,0.66564196,0.24316854476928712,train/00086823.jpg,"Digital portrait of lieutenant Columbo by Enki Bilal, Moebius and Francois Schuiten."
0.6434885,0.30918354,0.27993696212768554,train/00087270.jpg,Gordon Ramsay eating paper.
0.30636954,0.057645015,0.270750732421875,train/00087316.jpg,a row of urinals in a public bathroom.
0.57921165,0.84944195,0.28928461074829104,train/00087601.jpg,An anime soldier stands in front of a cyborg repair shop as a military helicopter flies overhead in a rainy futuristic Tokyo street.
0.82377464,0.27943775,0.28651243209838867,train/00087673.jpg,A pair of young men sit on a case beside a motorcycle.
0.21122533,0.3573618,0.2818484878540039,train/00087690.jpg,"A Jurassic landscape with plants, rain forests, flying pterodactyls, and grazing herds of dinosaurs depicted in oil on canvas."
0.6251127,0.7112467,0.27700727462768554,train/00087823.jpg,"Portrait of Ronaldo holding a soccer ball while wearing the yellow Brazil soccer shirt, with a shaved head, painted by Rembrandt."
0.2459846,0.64075625,0.2238490867614746,train/00087852.jpg,"A massive underwater kaiju creature with glowing blue eyes jumps out of the ocean on an alien planet, surrounded by heavy clouds and rain in a detailed digital painting by various artists."
0.618343,0.61377585,0.3024601364135742,train/00087882.jpg,A purple and green cowboy snake oil salesman with big eyes and twirly mustache stands in front of an oil rig with bull horns.
0.9120263,0.3849757,0.2712028121948242,train/00087885.jpg,People are standing outside of a plane with luggage.
0.48301858,0.81489354,0.27801340103149413,train/00087971.jpg,"A digital concept art of the Borg Queen, featuring a symmetrical full-body portrait of a sentient parasitic AI floating in a powerful zen state, wearing a combination of mecha and bodysuit made of wires and fractal ceramic, with machinery enveloping nature in the background."
0.20959395,0.4157969,0.2682676315307617,train/00088170.jpg,"A digital painting of the Ural Mountains with intricate, detailed and beautiful abstract art style."
0.5287208,0.5444336,0.2869698143005371,train/00088214.jpg,Spongebob/Cthulhu creature with fangs eating a fish.
0.14301598,0.375628,0.2439857864379883,train/00088367.jpg,"The image depicts a crystal forest with prismatic shine, created by artists Jordan Grimmer and Noah Bradley."
0.3825605,0.8723923,0.2473762321472168,train/00088496.jpg,A girl in anime style similar to popular anime titles.
0.53037304,0.7897302,0.2723835945129395,train/00088559.jpg,"An image of a cyberpunk-style, biomechanical Venus monster astronaut wearing a Japanese crow kitsune mask and kimono, surrounded by depictions of a betta fish, jellyfish, and phoenix."
0.3813131,0.6439636,0.25865209579467774,train/00088602.jpg,A Renaissance noble at peace.
0.548262,0.55350935,0.2804825592041016,train/00088625.jpg,Minions are robbing a bank.
0.6952832,0.26095286,0.27321922302246093,train/00088758.jpg,Two benches surrounded by leaves near the pond.
0.5024658,0.5481222,0.27781497955322265,train/00088763.jpg,"The image is a fanart of a transformer-like robot boss with a tank engine aesthetic, in a chrome reflexion glow style."
0.51127404,0.44756025,0.23554624557495119,train/00088764.jpg,Bird skull with black beak in Victorian style.
0.4101757,0.07017856,0.2596465301513672,train/00088819.jpg,A clean store bathroom set of hand washing sinks. 
0.13640821,0.53866106,0.23193056106567383,train/00088944.jpg,"The image is a stylized health potion painting on a wooden table with a scratched vial, featuring a high contrast crimson color palette, illustrated by Greg Rutkowski as an RPG item."
0.71736103,0.30644178,0.29712242126464844,train/00089126.jpg,"a man sitting on a bench by the grass and trees 
"
0.5271319,0.6176581,0.2694026184082031,train/00089401.jpg,A matte painting of a disk jockey on the moon.
0.22164135,0.45962757,0.2456695556640625,train/00089536.jpg,"An urban scene with grungy diesel smoke and jazz influences, featuring various artists and online platforms."
0.38634133,0.7782831,0.2490524673461914,train/00089618.jpg,The image depicts an Irish woman illustrated by Georges Lepape.
0.2714267,0.47795272,0.2624868965148926,train/00089726.jpg,"A highly detailed digital painting of a sci-fi/fantasy illustration from the ""Ender's Game"" game, displaying intricate and elegant details in a smooth and sharp focus."
0.7955003,0.37152013,0.2832793617248535,train/00089865.jpg,person in traditional clothing holding a bow and arrow.
0.18461375,0.61225533,0.22961776733398437,train/00090140.jpg,A Hindu silk ornament featured in the main menu loading screen background for a Russian MMORPG with artwork reminiscent of Hearthstone.
0.7536709,0.48588583,0.2802210998535156,train/00090217.jpg,Two giraffes stand freely in the open field.
0.16349903,0.60472375,0.23357421875,train/00090258.jpg,"Black electronic melodica musical instrument on studio gray background, with intricate details and designed to be wearable."
0.820543,0.28007492,0.285935173034668,train/00090334.jpg,A motorcyclist stopped at an intersection of a city street
0.6802132,0.39089036,0.2797344970703125,train/00090521.jpg,A gigantic crab attacks a bus on a summer evening.
0.39022163,0.81519395,0.23774429321289062,train/00090588.jpg,"The image is a detailed digital portrait of a blonde fairy in combat attire during the Venetian era of dark fantasy, created by Rossdraws and influenced by Frank Frazetta."
0.69047487,0.2513379,0.2635199165344238,train/00090612.jpg,A wooden bench sitting in a park surrounded by trees.
0.67714643,0.17457227,0.26244464874267576,train/00090625.jpg,An evening city scene with blurred images of cars driving by
0.57228047,0.77935797,0.2724998092651367,train/00090635.jpg,A person with long hair and flowing robes standing in a baroque room with cinematic lighting.
0.34232587,0.768053,0.21622777938842774,train/00090652.jpg,A steampunk angel.
0.37671816,0.7815024,0.23996427536010742,train/00090656.jpg,A female doctor is conversing with a nurse in a hospital ward in an anime-style scenery.
0.932223,0.39824837,0.25957170486450193,train/00090763.jpg,A large military plane parked in the landing area.
0.61855894,0.49254364,0.27727502822875977,train/00091087.jpg,A minimalist heart and dagger icon is surrounded by snowflakes and a snake.
0.50342745,0.8414171,0.2871576499938965,train/00091091.jpg,"A side profile painted portrait of Elisha Cuthbert as a golden fairy with wings, in an art nouveau style with vibrant color lines, created by multiple artists."
0.48895127,0.52700704,0.26467662811279297,train/00091339.jpg,"Photograph of a Bender Bending Rodríguez-inspired dish, creative food art, designed for children, created by Manami Sasaki."
0.54894876,0.4990042,0.29599199295043943,train/00091389.jpg,A hut perched on top of two chicken legs in a distinctive style reminiscent of art nouveau.
0.3081571,0.4825273,0.2815568161010742,train/00091461.jpg,"Sunset explosion depicted in a colorful, highly-detailed drawing or oil painting by various artists."
0.16914035,0.36603713,0.2589785766601562,train/00091508.jpg,A house made of flowers in a surreal flower garden with artistic elements by Gediminas Pranckevicius and Malevich on display.
0.4192258,0.86833596,0.2641560363769531,train/00091613.jpg,"A semi-realistic digital painting of a geisha flying over a colorful city, with dramatic and vivid colors."
0.82018757,0.197713,0.27397928237915037,train/00091791.jpg,Motorcycle parked on the curb of an empty road.
0.53382695,0.44207412,0.233154296875,train/00091908.jpg,A Golden Goat with neon orange tones exuding beauty and summer vibes is trending on ArtStation.
0.4624554,0.8799608,0.2824898910522461,train/00092075.jpg,A young woman with glasses in an ink drawing by Tim Bradstreet.
0.690522,0.15448606,0.2724368667602539,train/00092202.jpg,The building in the city has a lot of signs on it. 
0.34115946,0.6924623,0.21377403259277344,train/00092304.jpg,A realistic image of Eric Cartman featuring rich deep colors and influences such as Neo-Gothic and Beksinski painting.
0.63249326,0.62512434,0.29706937789916993,train/00092535.jpg,"A mysterious character with a long yellow cloak, a crown floating above their head, and tentacles emerging from the ground."
0.36605304,0.40233377,0.27865913391113284,train/00092554.jpg,"A mountain landscape with a young couple sitting in the foreground, anime style, under a starry sky with galaxies in the background."
0.65441954,0.86681634,0.2901449203491211,train/00092597.jpg,Digital artwork depicting a grandfather taking a photo of a blue-eyed baby girl.
0.33050597,0.9553901,0.26673242568969724,train/00092601.jpg,"A young woman sits covered in nature amidst golden firefly lights, depicted through a hyper-realistic, ultra-fine portrait by various artists."
0.5178409,0.5654144,0.2819961929321289,train/00092610.jpg,"A highly-detailed painting of a smiling spaghetti monster with atmospheric lighting, created by artgerm."
0.6287249,0.48496345,0.28408931732177733,train/00092630.jpg,A detailed furry raccoon character designed by Kawacy.
0.803184,0.26932624,0.2679273986816406,train/00092647.jpg,a person sitting on a parked motorcycle near a building
0.8021802,0.2437902,0.26333066940307615,train/00092827.jpg,A gang of bikers driving down a rural country road.
0.41555762,0.38367265,0.2821626091003418,train/00092831.jpg,A 3D render of Pepe driving a Cadillac through downtown Los Angeles.
0.42311248,0.036604322,0.28201622009277344,train/00092989.jpg,A bathroom with a large white bathtub and a large window next to it looking out onto the water.
0.6575356,0.23651583,0.25801897048950195,train/00093112.jpg,A woman boarding a bus in a Chinese city.
0.4621754,0.6923379,0.25811553955078126,train/00093205.jpg,"The image is a digital painting of a highly detailed warrior portrait, featuring actor Joe Taslim, inspired by D&D and fantasy, created as concept art by artists Artgerm, Greg Rutkowski, and Magali Villeneuve and currently trending on Artstation."
0.12186533,0.39880604,0.22282913208007812,train/00093268.jpg,"A painting of a destroyed AT-AT in a forest from Star Wars by Greg Rutkowski with heavy atmosphere, fire and smoke."
0.3442438,0.2778564,0.25897438049316407,train/00093345.jpg,"Translation: We have been building our own black wooden boat for a long time, but had to buy some parts due to difficulty in finding materials. 

Succinct description:  Building a black wooden boat with purchased parts due to material scarcity."
0.72942847,0.16335528,0.27961694717407226,train/00093377.jpg,A stop sign at a street corner with another sign.
0.45294508,0.8111119,0.28524299621582033,train/00093450.jpg,"The image is a digital art of a viking woman, with a highly detailed and realistic face, wearing viking attire, and has an ethereal and ominous presence."
0.749005,0.17928183,0.2829136848449707,train/00093476.jpg,A number of cars lined up near a ferry.
0.3087475,0.43611336,0.27140378952026367,train/00093545.jpg,"An artistic render of a grey cube with dramatic lighting, inspired by Studio Ghibli."
0.68572575,0.6033241,0.2747665023803711,train/00093571.jpg,A warlock and his pet imp under the northern lights with a magical aura.
0.37068123,0.70457417,0.234183349609375,train/00093612.jpg,"A damaged cyborg is being repaired in a military medical bay in an intricate, elegant, and highly-detailed digital painting by artgerm, Greg Rutkowski, and Alphonse Mucha."
0.5790648,0.55185187,0.2984586715698242,train/00093702.jpg,"A purple fluffy monster stands in the middle of the picture, cute and adorable."
0.5641971,0.28933236,0.2899114418029785,train/00093708.jpg,A man smiling near the seat of a toilet. 
0.29877555,0.971936,0.27769094467163086,train/00093855.jpg,A woman wearing a paper bag on her head is holding a portable oxygen tank.
0.25814298,0.47533265,0.2531019401550293,train/00093882.jpg,"The image is a highly detailed digital painting of a neon-themed League of Legends scene with intricate illustration and sweat depicted, created by artists Artgerm, Greg Rutkowski, and Alphonse Mucha and displayed on Artstation."
0.40926307,0.94131345,0.28825927734375,train/00094055.jpg,A portrait of an anime cat girl in a bikini.
0.5340119,0.51996946,0.27126724243164063,train/00094119.jpg,A lizard dressed as a wizard sitting in a hotspring at Yellowstone National Park.
0.4259389,0.66168404,0.26001161575317383,train/00094131.jpg,Self-portrait of Jung Jaehyun in the art style of Junji Ito with color restoration.
0.20546126,0.56937796,0.2291179084777832,train/00094415.jpg,The image portrays the concept of Yin and Yang as the complementary forces of life.
0.49347654,0.6888751,0.26073631286621096,train/00094424.jpg,"A highly detailed, digital, three-quarter portrait of a male steampunk dwarf."
0.7550174,0.38211903,0.27114429473876955,train/00094443.jpg,A red car driving down a mountain road next to a herd of sheep.
0.7634117,0.4164529,0.2652772331237793,train/00094547.jpg,A herder dog rounds up sheep as a crowd watches. 
0.19033769,0.3662892,0.2572768592834473,train/00094633.jpg,A landscape of floating rocks with ominous clouds and rising mist.
0.45397034,0.7886142,0.2872176742553711,train/00094653.jpg,"A cyborg siren with biomechanical parts, depicted in a portrait style, created by Artgerm."
0.5762331,0.5486021,0.2852549934387207,train/00094874.jpg,An animated image of Pepe the Frog exploding with a surprised expression.
0.4721241,0.16006629,0.2612993049621582,train/00094937.jpg,A view of a very dark lit kitchen from the other side of the room.
0.36313644,0.6522099,0.25538995742797854,train/00095060.jpg,Morty as a teenage boy wearing a lab coat like his grandpa Rick.
0.27542844,0.44193128,0.26342138290405276,train/00095073.jpg,Professional digital art of a painted pipe organ with atmospheric lighting and intricate details.
0.40594965,0.36407658,0.27276220321655276,train/00095077.jpg,"The image is a lone upright sword surrounded by cannabis, a lily flower, and hyperdetailed feathers, with crystal accents, designed in a Final Fantasy style by Krenz Cushart and Huang Guangjian."
0.41301444,0.08698473,0.2563252067565918,train/00095120.jpg,Three old cast iron bathtubs in a brick room.
0.296433,0.5882158,0.2535312843322754,train/00095258.jpg,"An image featuring various popular characters, illustrated by different artists including Jesper Ejsing and Lois Van Baarle."
0.19013393,0.533852,0.23021921157836914,train/00095281.jpg,"The image depicts the DataUnion Protocol - TOGETHER network, featuring DataNFTs, Value Share Contracts, and the TOGETHER token for positive data collaborations."
0.7472786,0.490115,0.2943377876281738,train/00095317.jpg,A group of giraffes in a grassy area next to various trees.
0.18435486,0.37386614,0.2647365379333496,train/00095569.jpg,A Sims 4 medieval-style home with lush lighting and a beautiful atmosphere.
0.47973055,0.16284494,0.26433921813964845,train/00095927.jpg,A picture of a stove top with a tea kettle and a pot on the burners.
0.39373598,0.9337327,0.27110904693603516,train/00096010.jpg,An anime girl with white hair wears a tuxedo against a black and white battle background from Earthbound.
0.7336986,0.18020254,0.28645307540893555,train/00096121.jpg,some cars buildings lights signs and people on a street 
0.58698636,0.6335904,0.27998870849609375,train/00096289.jpg,A combat android prototype with a gun for a head and swords for arms captured in a photograph.
0.6071292,0.27981246,0.282716007232666,train/00096453.jpg,A couple of people sitting at a dining room table.
0.22695844,0.526332,0.2393362808227539,train/00096533.jpg,"The image depicts the DataUnion Protocol - TOGETHER network, featuring DataNFTs, Value Share Contracts, and the TOGETHER token, created by escher and popular on Artstation."
0.25527656,0.51947176,0.25203594207763674,train/00096594.jpg,"An image of a meditating entity of light absorbing Ki from the universe, featuring Vladimir Kush and Greg Rutkowski's style."
0.46337485,0.7781974,0.26868803024291993,train/00096601.jpg,"The image features Zoe Kravitz with sweaty skin and flawless hands, created by a team of artists for Legends of Runeterra."
0.7381658,0.33258742,0.27759578704833987,train/00096612.jpg,an image of polka dot umbrella being held
0.6523794,0.3674857,0.28508520126342773,train/00096649.jpg,A cat looking out of a vehicle window during rain.
0.35310176,0.038946684,0.27192283630371095,train/00096671.jpg,"A small bathroom with a toilet, garbage can and a rug in it. "
0.29637462,0.42523813,0.26296297073364255,train/00096750.jpg,"A Delorean is seen in a cyberpunk city with skyscrapers surrounded by volumetric lighting, neon colors, and smoke."
0.3310817,0.057779107,0.25165441513061526,train/00096821.jpg,A clean white toilet in a stall with a chrome toilet brush.
0.46841168,0.80179787,0.26890485763549804,train/00096849.jpg,"A digital painting of a young female robot in an intricate biopunk suit, featuring chiaroscuro lighting and created by multiple talented artists."
0.5298755,0.6929194,0.27230791091918943,train/00096915.jpg,Portrait of a teen robot with a dystopian style.
0.29975855,0.49173045,0.2793574333190918,train/00097071.jpg,"The image is a colorful, highly detailed concept art of a bionic phone created by artists Hsiao-Ron Cheng and James Jean using Unreal Engine and Octane Render."
0.36783072,0.88555425,0.2559805488586426,train/00097462.jpg,A professional fashion model with big eyes and blue hair poses in a lace dress against a smokey background in a studio.
0.3932609,0.68299454,0.23429866790771484,train/00097528.jpg,"The image is a portrait of Hugh Laurie in a Lovecraftian style, featuring Cthulhu and with elements of Pixar animation, created by Tristan Eaton, Stanley Artgerm, and Tom Bagshaw."
0.45687112,0.6387883,0.27166112899780276,train/00097530.jpg,"The image is a portrait of Hugh Laurie in a Lovecraftian style, featuring Cthulhu and with elements of Pixar animation, created by Tristan Eaton, Stanley Artgerm, and Tom Bagshaw."
0.34044352,0.6113851,0.2291826820373535,train/00097680.jpg,A ceramic miniature toy Figure mechabot is disassembled and falling apart in a Studio with flying parts surrounding it.
0.14415513,0.38785228,0.2454925537109375,train/00097784.jpg,"A photorealistic painting of misty moors with jagged rock features, overgrowth and undergrowth, volumetric fog, and light rays during dawn."
0.21861038,0.50131637,0.2362116813659668,train/00098140.jpg,"A digital painting of the infinity, featuring elements of Soviet realism, watercolor and engraving styles, created by multiple artists and showcased on Artstation."
0.2527124,0.5112435,0.2515871810913086,train/00098141.jpg,"A digital painting of the infinity, featuring elements of Soviet realism, watercolor and engraving styles, created by multiple artists and showcased on Artstation."
0.6489049,0.5058106,0.3011459159851074,train/00098323.jpg,"A fox astronaut with an eye patch in a damaged spaceship, portrayed in an oil painting style."
0.10662176,0.3702383,0.23300010681152344,train/00098387.jpg,"A cinematic illustration by Pascal Campion and John Howe featuring a magical forest with giant trees, ethereal creatures, and ghosts, illuminated by neon and volumetric lighting."
0.24485548,0.41619268,0.2554789543151855,train/00098513.jpg,"An illustration of a coffee shop with no people, featuring cinematic lighting and vibrant colors, rendered in octane by Ivan Talavera and Greg Rutkowski."
0.57311606,0.88631135,0.29161558151245115,train/00098555.jpg,An eerie egirl in a striped shirt jumps out of a laptop screen with a harsh expression.
0.76918566,0.46165934,0.2530445671081543,train/00098638.jpg,Queen Elizabeth driving a formula 1 car.
0.41398162,0.7667375,0.2487625312805176,train/00098658.jpg,Marge Simpson inspired portrait for Dior lookbook.
0.54798347,0.67971706,0.2774356842041016,train/00098837.jpg,"The image is a hyperrealistic portrait of a war cleric in armor with runes, standing against a universe background."
0.28934744,0.75591815,0.20880502700805664,train/00098946.jpg,A male knight in shining steel armour stands stern-faced amidst a vibrant fractal garden with glowing flowers and ferns.
0.76330674,0.4163993,0.27498903274536135,train/00099042.jpg,many sheep in an enclosed area with people near by
0.6438042,0.4999096,0.29673641204833984,train/00099077.jpg,A cyberpunk anthropomorphic fox with a fluffy tail in a forest.
0.41887772,0.929296,0.29037731170654296,train/00099241.jpg,A 3D render of two sad anime schoolgirls with a dramatic blue and pink background.
0.42777517,0.53392833,0.2493594169616699,train/00099288.jpg,The image is a digital painting of a frog and Walter White in intricate detail.
0.235088,0.60922104,0.23703056335449219,train/00099411.jpg,Andy Denzler's painting.
0.8159391,0.25013146,0.2824234390258789,train/00099592.jpg,A group of bikers riding down the road together.
0.6843295,0.12171,0.2914360809326172,train/00099775.jpg,A white church sitting at the bottom of a hillside.
0.84594226,0.20471925,0.294064998626709,train/00099925.jpg,Three bikes parked outside a local restaurant establishment
0.49146065,0.8534175,0.2906363868713379,train/00099951.jpg,"A female humanoid robot with a transparent acrylic bodyshell and intricate metallic details, set in a sci-fi lab interior."
0.81882495,0.17723955,0.2885480499267578,train/00100006.jpg,A bicycle beside a bed in a small room.
0.34160748,0.70928645,0.20720109939575196,train/00100092.jpg,The image is a retro box art for an NES game featuring a portrait of an alien by artist Artgerm.
0.6923154,0.6393729,0.27566263198852536,train/00100125.jpg,A cowboy turning into blooms surrounded by tropical sea slugs and tractor tires with complementary colors and red accents.
0.4809778,0.81332153,0.2854002952575684,train/00100183.jpg,A portrait of Marla Singer smoking in Blade Runner 2049 style.
0.65452135,0.5298098,0.28426513671875,train/00100334.jpg,An anthropomorphic horse in a suit smoking a cigar.
0.2492896,0.42905965,0.2592653274536133,train/00100519.jpg,A painting of a wave flooding a brutalist metropolis by Arnold Bocklin and Yves Tanguy.
0.51335055,0.7854661,0.2677518081665039,train/00100529.jpg,angel artwork in Pixiv style.
0.32633418,0.49243718,0.2769804000854492,train/00100615.jpg,A circle of druids creating the universe.
0.6018944,0.649616,0.27956127166748046,train/00100742.jpg,A space marine stands on a ship in an alien ocean.
0.29398426,0.50127673,0.2664518356323242,train/00100990.jpg,"Image of the universe coming together in love and pure consciousness, defeating the big bang and entropy on a galactic scale."
0.36217082,0.7589047,0.22030513763427734,train/00101056.jpg,The image is a drawing of Hatsune Miku by Art Frahm.
0.5771176,0.25853345,0.2699407958984375,train/00101181.jpg,Five people stand around a kitchen filled with covered food.
0.41287255,0.8356811,0.2540382194519043,train/00101248.jpg,"A portrait of a beautiful witch with an ornate headdress made of moss and leaves, painted in fluid oil and acrylic with hyper-detailed features, set against a black background."
0.3493376,0.7030301,0.2325264549255371,train/00101272.jpg,"A giant snake oil salesman holding a screaming woman in his hand, depicted using lurid surf art style and high detail."
0.3346453,0.052190993,0.25800609588623047,train/00101374.jpg,A toilet in a bathroom next to a plunger and trash can.
0.8354959,0.2894266,0.2953670692443848,train/00101406.jpg,A man on a motorcycle wearing pink fuzzy boots
0.67005134,0.12504047,0.2806363487243652,train/00101559.jpg,A building with a clock on the front and side of it near other buildings
0.42839462,0.52790654,0.2554908752441406,train/00101591.jpg,Rat Fink customizing a Honda Rebel 500.
0.26280004,0.42908645,0.2615328788757324,train/00101649.jpg,Water lilies in a photorealistic watercolor painting.
0.23489645,0.97476727,0.25815414428710937,train/00101699.jpg,"A girl dances at the beach among a giant rose flower head during a surreal sunrise with dramatic lighting, depicted in a digital painting by Simon Stalenhag on Artstation."
0.46411484,0.8627293,0.2749805450439453,train/00101709.jpg,"Portrait painting of a cosplay model girl wearing an Evangelion unit 01 styled mask respirator on her mouth, with hands up, white bikini, and tattoos, by several artists, with a background featuring paint drips, dry brush strokes, palette knife work, and bold shapes."
0.71109104,0.30006725,0.2736605453491211,train/00101784.jpg,Two women are sitting on benches and one has a purse and shopping bag beside her.
0.33442527,0.96940637,0.2601477241516113,train/00101921.jpg,A portrait of a female mannequin laughing with sunflowers in the background.
0.6169822,0.35099715,0.2763762855529785,train/00101975.jpg,A washroom with toilet and sink in which a cat is s
0.49417338,0.1563845,0.24732421875,train/00102228.jpg,A kitchen with a microwave oven next to a stove top oven.
0.48226714,0.15168567,0.2632470703125,train/00102362.jpg,There are diffrrnt Apia ces in the kitchen
0.4767762,0.546192,0.25566640853881833,train/00102702.jpg,An illustration by Pixar depicting a person drinking coffee.
0.21826464,0.4599493,0.24519187927246094,train/00103015.jpg,"A blue, dark space."
0.646945,0.4612098,0.26067218780517576,train/00103056.jpg,A key shot of an Australian Shepherd with a pastel color palette and dramatic lighting.
0.41613436,0.8065019,0.2567811393737793,train/00103272.jpg,The image features an artistic and highly detailed full frontal portrait of a pale-skinned woman with a chimeric organism design and a transhumanist theme.
0.51412976,0.73860884,0.2618806648254395,train/00103293.jpg,A dark elf is depicted in a pine forest on Saturn in a detailed digital painting with elements of various art styles.
0.5289529,0.42138195,0.2547649383544922,train/00103403.jpg,The image displays a fur texture available on Unity's asset store.
0.3664585,0.65595233,0.2357659912109375,train/00103539.jpg,A minimalist stylized face icon of The Godfather designed by various artists.
0.46731645,0.21378316,0.2530802536010742,train/00103693.jpg,the table is set with many things to eat. 
0.38243243,0.2607051,0.25540908813476565,train/00103721.jpg,A keyboard with binary symbols on the keys.
0.49757138,0.18349859,0.24545228958129883,train/00103855.jpg,cooking utensils a cutting board with food and a tea kettle
0.57467175,0.8388166,0.291291446685791,train/00104066.jpg,"Jason Momoa and Willow Smith dressed as an ancient Assyrian couple in an intricately detailed and elegant white dress, depicted in a piece of concept art by Ruan Jia and Jurgens."
0.3686124,0.064845785,0.2539335250854492,train/00104164.jpg,THERE IS A TOILET AND SINK IN THE BATHROOM
0.17678908,0.58662885,0.22704788208007812,train/00104228.jpg,Disney Concept Artist's mocha image with blunt borders follows the golden ratio.
0.81813663,0.35702306,0.27436601638793945,train/00104267.jpg,A baseball player holding his bat on the field.
0.7523884,0.40881422,0.28571569442749023,train/00104345.jpg,A dog that is herding two sheep while people watch.
0.82231075,0.21594577,0.28160581588745115,train/00104512.jpg,A parking lot with many different motor bikes.
0.25211203,0.5512213,0.26958915710449216,train/00104686.jpg,The image is a piece of art created by Yoshiyuki Sadamoto.
0.6295951,0.38140762,0.2700189018249512,train/00104768.jpg,A baby cat is playing with a wool.
0.50949866,0.5220421,0.2653178024291992,train/00104986.jpg,The image depicts a Phoenix bird in orange and purple colors styled with Egyptian graphics.
0.37261543,0.8907225,0.2656048583984375,train/00105087.jpg,A woman wearing cyberpunk clothing takes a selfie in a sci-fi city.
0.49239728,0.6364443,0.2769635581970215,train/00105170.jpg,Bruce Lee depicted as a Jedi in a colorful digital art.
0.33828008,0.40010953,0.2769027900695801,train/00105275.jpg,An anime illustration of a bone centipede trampling a burning forest from Skyrim.
0.8335927,0.2100148,0.2959054756164551,train/00105315.jpg,A row of different colored motor scooters sitting in front of a store.
0.7791492,0.29530683,0.2831667709350586,train/00105365.jpg,A little child riding in a carriage at an outdoor market.
0.40509674,0.8942846,0.28069299697875977,train/00105483.jpg,A woman in cyberpunk clothing takes a selfie in a hyper-detailed sci-fi city.
0.16948012,0.39242828,0.24838695526123047,train/00105743.jpg,Sunset landscape with a retro 1980s aesthetic.
0.55714875,0.4920542,0.270722770690918,train/00106095.jpg,Seven hens wearing Andy Warhol-style dresses.
0.2554546,0.3500747,0.2794451141357422,train/00106123.jpg,"Image of purple and yellow waterlily plants with a sci-fi twist in the style of Moebius, Jugendstil and classic Japanese print, resembling Bandai box art."
0.17912793,0.49959114,0.22202468872070313,train/00106204.jpg,A red neurological network spanning across the galaxy in intricate detail and epic composition.
0.604774,0.5262358,0.2610980224609375,train/00106234.jpg,A doodle carrot doing kungfu.
0.5162374,0.6841563,0.256232852935791,train/00106391.jpg,A detailed and realistic zombie adorned in chain mail armor inspired by Proto-Slavic mythology.
0.37842074,0.5614924,0.24911020278930665,train/00106538.jpg,"The image is a full body portrait of a chimeric organism with pale white skin, infused with thinly laced neon lights and detailed in a mendelbrot fractal pattern."
0.95961195,0.4216829,0.26575302124023437,train/00106608.jpg,The view from the commercial airplane includes the wing and mountains and water. 
0.48185384,0.70258147,0.26136762619018555,train/00106857.jpg,A Victorian wearing a vintage Halloween mask.
0.5671918,0.24439673,0.2603189659118652,train/00106886.jpg,People in a kitchen are preparing food with plastic gloves on.
0.33752713,0.41304877,0.27005935668945313,train/00106889.jpg,A frontal drawing of a vertical space rocket centered with a dark blue background and colorful clouds with stars.
0.43388516,0.7144975,0.24061748504638672,train/00106986.jpg,"A portrait of Madara from Naruto Shippuden in elegant and highly detailed digital painting style by Artgerm, Greg Rutkowski, and Alphonse Mucha on ArtStation."
0.15672518,0.42727682,0.21670076370239258,train/00107124.jpg,"The image depicts a highly detailed digital painting of a paisley-filled sky with mountains and stars, created by Michael Whelan and Jean Claude Mézières as concept art."
0.3206468,0.44816226,0.2572897338867188,train/00107154.jpg,"The image depicts a skull among water waves and alien planets, surrounded by ornate and intricate designs and a glowing nether portal, with dim painterly lighting and volumetric aquatics."
0.39546907,0.7907013,0.24165462493896483,train/00107168.jpg,A lioness queen portrayed as a beautiful woman in intricate detail and energetic composition.
0.42943057,0.66399944,0.2524932098388672,train/00107411.jpg,A portrait of a rapper in the 1800s.
0.48166606,0.6724274,0.2742472267150879,train/00107438.jpg,Portrait of Antonio Banderas as a holy paladin in a fantasy theme.
0.48926827,0.73004526,0.2617987632751465,train/00107501.jpg,A matte painting of a Cyborg in a misty jungle by Yuuki Morita.
0.36402798,0.6313257,0.24815374374389648,train/00107598.jpg,"Abstract minimalistic design of a Wipeout PS 1 game character in sterile colours, inspired by the style of the Designer's Republic, resembling the game Mirror's Edge."
0.22527428,0.47037098,0.25707834243774413,train/00107684.jpg,Four people watching sunset on a beach with a close planet's surface covering most of the sky.
0.24304575,0.40186724,0.26286352157592774,train/00107688.jpg,A stylized watercolor gouache painting of an empty futuristic noir building with detailed props and furniture.
0.7599154,0.43326125,0.27100975036621094,train/00107784.jpg,A painting of sheep near a hill by Eugene Boudin.
0.41078144,0.8915728,0.2653767395019531,train/00107815.jpg,"A silkscreen print featuring a woman with dark brown hair in a messy pixie cut, goth eyes, wearing a black leather jacket, skirt, choker, and boots."
0.43151367,0.61507446,0.2609890174865723,train/00107933.jpg,"The image is Canti from FLCL by studio Gainax, featuring a robot character in an elegant and intricate style."
0.8205658,0.28705266,0.2919117736816406,train/00107951.jpg,A man is riding a large motorcycle on a street
0.4822837,0.71010816,0.2594530487060547,train/00108012.jpg,A portrait of the dream king sitting on his throne by Peter Elson.
0.17410797,0.39588127,0.2547230339050293,train/00108030.jpg,The image is a highly-detailed digital painting of mountains and a paisley-filled sky that depicts a concept art illustration by Raphael Lacoste and Yoshitaka Amano.
0.6922781,0.16654906,0.2505645179748535,train/00108050.jpg,A street sign in a construction area pointing to Royal ascot and Milnerton Ridge
0.23442572,0.9695956,0.25533041000366213,train/00108214.jpg,A girl with a flower face is dancing in a vast flower field with colorful clouds and a dramatic sunrise in the background.
0.23935515,0.3956997,0.269535026550293,train/00108442.jpg,A matte painting of a beautiful golden religious science fiction city with lots of buildings in the foreground.
0.12425157,0.34436768,0.25584762573242187,train/00108554.jpg,A grunge painting of an empty road leading into a forest.
0.075469755,0.35879508,0.22436046600341797,train/00108596.jpg,A painting of a tree in the desert by Breyten Breytenbach.
0.32163393,0.56593037,0.26076040267944334,train/00108911.jpg,Han Solo on the Millennium Falcon talking to a hologram of Luke Skywalker in a scene from a 1970s sci-fi thriller.
0.18962438,0.3748301,0.2617154502868652,train/00109015.jpg,"An empty onsen with wood walkways, Japanese pagoda, kimonos, lanterns, and reflections in a matte painting fantasy scene."
0.21157555,0.41092387,0.25957403182983396,train/00109050.jpg,"A hyperdetailed industrial architectural render of an unfinished building tunnel by Albert Bierstadt, featuring a moonlit vaporwave nightsky and sunset, set in a desert Elysian landscape with an alien feel."
0.23416658,0.98081857,0.2696070671081543,train/00109123.jpg,"A girl walks on salt flats beneath a surreal sunrise as a giant daisy looms in the foreground, depicted in a colorful impressionist style."
0.8241225,0.18009739,0.2919119262695313,train/00109179.jpg,A bicycle sits propped up on an air mattress.
0.34676927,0.1727381,0.2698532295227051,train/00109231.jpg,A black door with a welcome mat and yellow vase next to it.
0.5943801,0.6907548,0.2475823974609375,train/00109513.jpg,A man with a sword and bird walks through a magical land in a fantasy illustration.
0.4438934,0.69810975,0.25586029052734377,train/00109516.jpg,Portrait of a WWI army surgeon by Edward Gorey.
0.7195464,0.16344664,0.27210039138793946,train/00109697.jpg,A couple of cars at a traffic light by a sign saying Keep Moving.
0.7087154,0.304512,0.2960506439208984,train/00109790.jpg,A couple snugging together on a wooden bench.
0.3844015,0.7770197,0.24988927841186523,train/00109874.jpg,A sad Filipino girl depicted in artwork by Simon Stalenhag and RJ Palmer with the username AnatoFinnstark.
0.18227167,0.3609561,0.264825611114502,train/00109914.jpg,"A winter morning landscape painting featuring a Chinese temple, three cranes, and a winding staircase surrounded by snow and fog."
0.2507247,0.48425165,0.25510778427124026,train/00109985.jpg,"The image is a digital painting of a fantasy scene featuring intricate and elegant details, created as concept art for the game Hearthstone, and includes the work of multiple artists including Artgerm, Greg Rutkowski, and Alphonse Mucha."
0.4124011,0.8702409,0.2632770538330078,train/00110243.jpg,A full body portrait photo of the character 小 柔 Seeu as a translucent plastic cyborg girl with big eyes and glittering light leaks.
0.32474524,0.4973649,0.2682581901550293,train/00110326.jpg,"God and Jesus portrayed in the heavens, in a colorful illustration by Gustave Dore, with a touch of Moebius influence."
0.8173309,0.29856494,0.28923845291137695,train/00110439.jpg,A man on a motorcycle riding past a herd of cows.
0.4329355,0.8042406,0.2622878265380859,train/00110482.jpg,"A symmetrical portrait of a female mushroom moon goddess with intricate detail in a cosmic background, painted by Tim Hildebrandt."
0.50304234,0.8659149,0.27651166915893555,train/00110654.jpg,"A colorful and artistic portrait of an androgynous 8-year-old sailor girl wearing sunglasses and a feathered headpiece, with a 1920s hairstyle and asymmetrical style."
0.37875587,0.53201807,0.2422956657409668,train/00110743.jpg,"The image is a fullbody concept art of Spongebob Squarepants made of bleu cheese, situated in a green field with ruins of a village in the background and created by artist Greg Rutkowski."
0.26601148,0.33201405,0.2517229080200195,train/00110841.jpg,"A knight on horseback in armor stands before a beautiful castle in a forest world, with auroral lights glowing in the sky."
0.5194328,0.57863027,0.2828462791442871,train/00110883.jpg,The image depicts a spooky ghost standing in a hallway.
0.27782607,0.38719082,0.2755961799621582,train/00110929.jpg,A fantasy art depicting a haunted house dinner party with vibrant and eerie glowing ghosts.
0.5466369,0.8552355,0.27630033493041994,train/00111001.jpg,"Album cover art featuring Kanji Large Queen standing in front of a red, white, and black tessellated background by Akihiko Yoshida."
0.54272854,0.5293577,0.27852333068847657,train/00111233.jpg,An illustrated macaw bird in a trippy cyberspace setting.
0.52646834,0.6379952,0.288930778503418,train/00111599.jpg,"Portrait of Super Mario, featuring intricate and highly detailed design elements, in a dark and smooth digital illustration by multiple artists."
0.25662956,0.53118813,0.2522919845581055,train/00111779.jpg,A mystical near death experience inspired by Alex Grey's art.
0.5201968,0.8819264,0.2892531204223633,train/00111948.jpg,A black woman's face in profile made of flower and leaf skeletons in a dark and moody style.
0.39493385,0.0610134,0.2616322708129883,train/00112054.jpg,An open shower curtain in a small bathroom.
0.6646399,0.6964892,0.2972111701965332,train/00112182.jpg,A male android resembling a muscular Ken doll.
0.39308462,0.48444203,0.26455835342407225,train/00112386.jpg,Painting of an Aztec totem pole in a comic book or graphic novel style.
0.7421898,0.18209639,0.28476360321044925,train/00112478.jpg,Two pictures of streets with cars on them. 
0.7329148,0.18325317,0.2687007713317871,train/00112479.jpg,Two pictures of streets with cars on them. 
0.507281,0.86028844,0.27977327346801756,train/00112506.jpg,"Lara Croft portrait with wet hair, dirty t-shirt, against a blurry temple background, in a cinematic, highly detailed and epic image."
0.5603845,0.27450752,0.30095422744750977,train/00112558.jpg,An old lady smiling in a pink kitchen.
0.19616151,0.3987965,0.2546452331542969,train/00112610.jpg,"An image showing a concept art of an ecovillage called ""Dream 2030"" created by Giacomo Burattini."
0.6689775,0.65758777,0.29649513244628906,train/00112675.jpg,"A human with a T-rex head dressed in black ninja clothes stands on a New York rooftop, watching over the city."
0.182238,0.54093844,0.23670547485351562,train/00113172.jpg,"An analog painting featuring refined oil with the subjects of Oli, Ver, and Ti in dramatic lighting and cast shadows."
0.49394166,0.17543598,0.2578004264831543,train/00113201.jpg,A restaurant counter back in the kitchen 
0.3664495,0.480509,0.2629717254638672,train/00113241.jpg,Knights engaged in a fierce battle scene posted on Artstation.
0.32474032,0.48375544,0.2699892807006836,train/00113346.jpg,"An intricate oil illustration of a vessel cage armor worn by an interdimensional adventurer, inspired by Akira anime and featuring elements of illusion surreal art and figurative art."
0.22998656,0.37913385,0.2808128547668457,train/00113373.jpg,Travel magazine cover featuring a cyberpunk-style Japanese village at street level.
0.239968,0.97555715,0.2636561965942383,train/00113406.jpg,"A girl made from surreal flowers stands in a flower field surrounded by big trees under a colorful sunrise sky, resembling an impressionist painting."
0.59297824,0.58760864,0.30051963806152343,train/00113417.jpg,"The image is a digitally painted illustration of Steampunk Super Mario with intricate and elegant details, featuring symmetrical design elements."
0.4455787,0.5408407,0.2736684989929199,train/00113510.jpg,A highly detailed digital art of an eldritch abomination in the style of Kentaro Miura.
0.22774898,0.96975046,0.2529364776611328,train/00113542.jpg,A surreal portrait of a girl dancing with a giant rose head at the beach during sunrise.
0.9557149,0.42699206,0.23602502822875976,train/00113627.jpg,A small airplane is flying high in the air.
0.24637206,0.42516044,0.25589025497436524,train/00113653.jpg,"""Steampunk Paris digital art."""
0.34956682,0.5109427,0.2440220069885254,train/00113708.jpg,A matte painting of a robotic monster in a futuristic city by Simon Beak and Greg Rutkowski.
0.39829952,0.81071365,0.2510227584838867,train/00113727.jpg,Frontal portrait of a woman by Rembrandt.
0.813894,0.2846675,0.27779541015625,train/00113929.jpg,A motorcycle is being riden by a young man.
0.7289427,0.3952714,0.2740873146057129,train/00113952.jpg,A dog catching a white frisbee in it's mouth.
0.3189807,0.38309297,0.25218700408935546,train/00114013.jpg,"A close-up shot of a broken Chinese Buddha statue and stone gate with vines in autumn colors, leading to winding stone steps and a turbulent blood lake."
0.5856346,0.80354565,0.2579832077026367,train/00114115.jpg,"Half-rat goddess made of red Gucci fabric in a sea cave with splatter paint and maximalist pastel colors, inspired by graphic novels, vector art, and various artists."
0.38577116,0.05927991,0.25031461715698244,train/00114204.jpg,A view of the bathroom with the toilet on the left and the edge of the bathtub and curtain visible. 
0.3917774,0.70560545,0.2159861755371094,train/00114268.jpg,"A strong, laughing young man with symmetrical features is depicted in a high-quality, dynamic fantasy artwork by several artists."
0.57323855,0.6437434,0.28771051406860354,train/00114313.jpg,"The image depicts a futuristic robot samurai in a beautiful, space-themed setting with white organic ceramic elements."
0.38336128,0.6579895,0.2365203857421875,train/00114504.jpg,Elton John portrait in Pixar style.
0.9196892,0.40234753,0.2545686149597168,train/00114520.jpg,A commercial airplane at the gate being serviced
0.18284902,0.3552478,0.2586103630065918,train/00114674.jpg,"A landscape painting featuring a lotus pond and Chinese temple, with winding steps and a rainbow in the distance."
0.43192226,0.78751314,0.2622874641418457,train/00114803.jpg,A portrait of a character by multiple artists with intricate details and a beautiful dress.
0.45199257,0.52292967,0.265329475402832,train/00114834.jpg,A tennis ball monster depicted in a detailed and colorful digital art illustration by Basil Gogos.
0.61619985,0.5014945,0.2777427101135254,train/00114935.jpg,A cartoon mouse is casting light magic in a key shot with dramatic lighting.
0.28983244,0.45186305,0.2546165657043457,train/00115038.jpg,"A spaceship preparing to descend to unknown land with sharp spikes and weird shells, blank ink tornadoes and giant arms, with glossy reflections in the cockpit with rim lights."
0.4155632,0.83230114,0.26443470001220704,train/00115050.jpg,"Digital concept art of a Namilia showgirl wearing a future headset, with dramatic contour lighting and a stage light in the background."
0.17356527,0.4856953,0.237783260345459,train/00115069.jpg,An artwork depicting an artificial intelligence roadmap generator created by Ismail Inceoglu.
0.60164994,0.73673254,0.2821614074707031,train/00115379.jpg,"A portrait of Chinese mythology character, Nezha, riding on wind fire wheels across the sea, holding a spear, with a red cloth draped around his shoulders."
0.5516268,0.7992753,0.2633161926269531,train/00115385.jpg,The image is a full body portrait of Rainbow Brite with vibrant colors.
0.471093,0.50257844,0.27192365646362304,train/00115569.jpg,A velociraptor in Jurassic Park.
0.9700754,0.4280349,0.26679250717163083,train/00115598.jpg,A view of high mountains from the window of a passenger jet.
0.7586071,0.484462,0.2721872901916504,train/00115809.jpg,Some pretty giraffes standing in a grassy field.
0.52660817,0.7272635,0.2638860702514648,train/00115829.jpg,A face in anguish emerging from dark clouds in a breathtaking digital painting.
0.59535974,0.68801737,0.2887131881713867,train/00115850.jpg,A red cyborg surrounded by cables depicted in a wood-engraving style with elements of cyberpunk.
0.6110591,0.64031065,0.29017126083374023,train/00115855.jpg,"Art deco painting of an astronaut flying from bottom left to top right with muted greens and browns, geometric gold and deep purple details."
0.19083664,0.45931572,0.23151477813720703,train/00116052.jpg,"A portrait of a landscape by Victo Ngai with vibrant colors, inspired by Beksinski and Dan Mumford, featuring a cosmic cloudscape."
0.42149934,0.5153757,0.27373291015625,train/00116073.jpg,A colorful and eclectic mix of toys and characters portrayed in a lifelike portrait art.
0.4260212,0.22916749,0.2829748725891113,train/00116165.jpg,"A display of cakes, donuts and something else wrapped individually."
0.5446979,0.44775712,0.24166475296020506,train/00116172.jpg,A Japanese bear in traditional clothing enjoys a cup of tea in a tea ceremony.
0.6267978,0.41454622,0.27878015518188476,train/00116405.jpg,Image of a cat drawing.
0.6897874,0.24000403,0.2728606796264648,train/00116699.jpg,a blue bench a house and some bushes
0.40804365,0.94642216,0.3067954444885254,train/00116701.jpg,A girl from an anime is doing a cartwheel while holding a knife.
0.5486755,0.59549445,0.27801740646362305,train/00116945.jpg,"The image features a character design of a tribal robot helmet with a backpack, ninja mask, and various other accessories, alongside a tank and several Transformers characters."
0.6262246,0.77437836,0.27859556198120117,train/00117039.jpg,A digital painting of two lovers with a blend of watercolor and Soviet realism style.
0.5844309,0.47236738,0.2540287399291992,train/00117059.jpg,"Album cover featuring a cute fuzzy critter and the title ""Master Jpeg"" designed by artist Akihiko Yoshida."
0.19119772,0.50673145,0.23342090606689453,train/00117172.jpg,"The image depicts an epic battle between bulls, with a fantasy inspired composition and highly realistic detailing, created as digital painting by Akihiko Yoshida, Greg Rutkowski, and Craig Mullins."
0.33223227,0.9677447,0.28162025451660155,train/00117179.jpg,"A white temple at night with a girl in the distance, surrounded by a beautiful and mysterious atmosphere, with a full moon and cherry blossoms in the background."
0.49797788,0.739366,0.28287956237792966,train/00117310.jpg,The Mona Lisa in a screaming expression.
0.21211444,0.49643216,0.23857444763183594,train/00117332.jpg,A video game with a modern pirate theme featuring biopunk art with vivid color tones and intricate transhuman elements.
0.4571896,0.1547262,0.280152473449707,train/00117401.jpg,A picture of a very nice kitchen that is white.
0.19941966,0.43518022,0.2411588668823242,train/00117488.jpg,Cyberpunk mosque in a crowded Tokyo street.
0.70062083,0.40657917,0.28708547592163086,train/00117511.jpg,A girl smiles as she holds a kitty cat.
0.5706513,0.6147246,0.2770982360839844,train/00117571.jpg,A full body portrait of a humanoid warrior mushroom.
0.80927247,0.29314122,0.2799622344970703,train/00117603.jpg,A man is riding an off-road motorcycle. 
0.63312334,0.36889613,0.2781743049621582,train/00117723.jpg,A cat and a black bag on the floor in front of book shelves.
0.09326258,0.7444617,0.2585467338562012,train/00117755.jpg,An erupting volcano made of ivory vines and crimson rocks creates a demonic eye-shaped smoke.
0.5976832,0.60667294,0.2574673843383789,train/00117824.jpg,Ceiling fan with a screaming face.
0.80604976,0.28923413,0.2760870361328125,train/00118002.jpg,Woman riding on a bicycle holding up a cell phone with her hand. 
0.50935066,0.15254164,0.23093446731567382,train/00118029.jpg,a kitchen with  a stove sitting on a hard wood floor and cabinets
0.49124327,0.75624704,0.27394317626953124,train/00118198.jpg,"A digital painting of a detailed, sci-fi robot mother with chiaroscuro lighting."
0.49391264,0.14288916,0.2490849494934082,train/00118423.jpg,a kitchen with a stove a dih washer and a mcirowave
0.5889889,0.58729607,0.2668148612976074,train/00118913.jpg,A steampunk lion made of engraved armor and gears.
0.6668601,0.13605872,0.26823341369628906,train/00118943.jpg,"Church tower, beige stone color under partly cloudy skies. "
0.5965597,0.72992855,0.26955371856689453,train/00119004.jpg,"An unshaven, optimistic adventurer in dusty clothing and a straw hat stands in riding boots with a bomber leather jacket over a red t-shirt, depicted in detailed concept art."
0.66887146,0.12029224,0.287050838470459,train/00119017.jpg,A glass building next to a high church tower with a clock.
0.8457149,0.26027438,0.29672721862792967,train/00119119.jpg,A truck stopped on a street behind a bicycle with two men talking.
0.30651876,0.6566456,0.2360747528076172,train/00119128.jpg,"A digital art of Beethoven playing the piano, with magical sparks and musical notes flying around him in a cinematic style."
0.14267103,0.3767501,0.2449980354309082,train/00119213.jpg,The last plant on earth surrounded by an apocalyptic wasteland.
0.5980618,0.29418936,0.2833749961853027,train/00119232.jpg,A girl holding a skewer with a banana on the end.  
0.6913869,0.38185668,0.27898492813110354,train/00119380.jpg,a dog who looks sad stares outside of the window of a red door 
0.4111971,0.37740952,0.26321523666381835,train/00119425.jpg,3D shark jumping out of a curved screen with a pair of keycards on a table in a city square.
0.6037903,0.61442995,0.2862796401977539,train/00119645.jpg,A Minotaur warrior with black fur.
0.81864595,0.23808743,0.28567827224731446,train/00119677.jpg,A train passing some people on bikes at night.
0.5338519,0.44819266,0.23891443252563477,train/00119692.jpg,A cute anime Gizmo Mogwai from Gremlins created by Ghibli.
0.4773267,0.14865288,0.2533198356628418,train/00119752.jpg,An odd looking kitchen with awful tiles is shown.
0.2527784,0.40574265,0.26583194732666016,train/00119825.jpg,"The image depicts a futuristic utopia with highly detailed crystal temples, gold and gemstone relics, lasers and neon circuits, and a solid cube of light, seen from an aerial view."
0.33431333,0.0687642,0.24224021911621094,train/00119946.jpg,Public bathroom has handicap accessories around the toilet.
0.15173668,0.3918619,0.2481382179260254,train/00119980.jpg,"Front view of a gigantic waterfall surrounded by the Amazon, concept art by Goro Fujita on ArtStation."
0.71461535,0.52977175,0.2976355934143066,train/00119987.jpg,A cartoon giraffe toy in a ballet skirt in a city setting.
0.3850526,0.8237269,0.2345888900756836,train/00120099.jpg,Portrait of young elf maiden.
0.5092559,0.51740235,0.27311315536499026,train/00120206.jpg,Saul Goodman and Walter White ride a roller coaster.
0.5332891,0.5382149,0.2865010452270508,train/00120331.jpg,"An apple with googly eyes and a smile, a craft project."
0.43702227,0.7893468,0.2628788948059082,train/00120367.jpg,"A portrait of a goddess wearing a carved mask with mineral incrustations in a baroque and rococo styled tarot card environment, illustrated in intricate detail by Marc Simonetti & Peter Mohrbacher."
0.20273705,0.43142006,0.24462648391723632,train/00120458.jpg,"A pier in Chiba city under a sky that resembles a dead television channel, with a cyberpunk aesthetic inspired by William Gibson and created using Unreal Engine 5."
0.52962494,0.26956642,0.278107852935791,train/00120490.jpg,A man standing outside a bathroom taking a picture of himself in the mirror.
0.26745397,0.5507985,0.27498569488525393,train/00120534.jpg,The image depicts the depiction of two complementary forces representing life in the anime series One Piece.
0.32857156,0.63050216,0.2426042938232422,train/00120540.jpg,A painting of the god of the sun in a red sky.
0.48879203,0.48174226,0.25493749618530276,train/00120605.jpg,"A cobra snake wearing a wizard hat in a foggy setting, depicted as a digital artwork with a heroic pose and highly detailed vector curves."
0.10655279,0.3484677,0.24413646697998048,train/00120897.jpg,"Architecture in the forest with a spine-like infrastructure and replaceable cell-like parts, surrounded by mist."
0.58898723,0.4245266,0.2540106201171875,train/00120944.jpg,Illustration of a tea party with cats and birds.
0.80229163,0.35161877,0.2813663864135742,train/00121055.jpg,a group of people playing tennis out side
0.4013871,0.8124462,0.25846645355224607,train/00121084.jpg,"Portrait of a woman with long hair in Alan Lee, Marc Simonetti, and Emil Melmoth style, with cinematic lighting."
0.524274,0.48469877,0.24502731323242188,train/00121089.jpg,A cute miss mascot Magna Zone food sticker art featuring Cronobreaker and a Beeple game icon.
0.19391242,0.52681303,0.21194135665893554,train/00121104.jpg,"The image features abstract and surrealistic elements, showcasing the work of various artists including Artgerm, Alex Grey, and Kuskov."
0.36267164,0.7712722,0.24115026473999024,train/00121200.jpg,Sona from League of Legends playing a harp.
0.8292327,0.19352423,0.28848722457885745,train/00121301.jpg,A motorcycle is parked in a parking garage. 
0.7533477,0.21474278,0.2837043190002441,train/00121339.jpg,a train on a train track with people on a street 
0.92554843,0.37342116,0.2849652099609375,train/00121354.jpg,An old world war II airplane is hanging from cables from the ceiling with a bunch of people walking around.
0.42881644,0.040053707,0.28112892150878904,train/00121356.jpg,A black and white bathroom sink with mirror and bathtub.
0.17791657,0.4050887,0.23325174331665038,train/00121376.jpg,A fantasy hilltop house with castle-like architecture in an art piece by Jordan Grimmer on Artstation.
0.40044048,0.58596367,0.2675314903259277,train/00121415.jpg,Portrait of the Simpson family as humans.
0.17353807,0.38057867,0.24417158126831054,train/00121585.jpg,Spooky haunted house on a cliff at night with dramatic lighting and stormy clouds.
0.29109243,0.45344916,0.2656328582763672,train/00121750.jpg,A close-up of a retro-futuristic race spaceship with intricate details showcased on ArtStation.
0.6049788,0.8060844,0.2535276031494141,train/00121774.jpg,A female cyborg doctor conducts memory transplants on pregnant aliens in a war-torn hospital.
0.17040876,0.27694178,0.27736190795898436,train/00122001.jpg,An eyeball is growing from a tree branch in an ocean environment.
0.3635541,0.93979067,0.28029090881347657,train/00122141.jpg,"Anime girl holding a sunflower, detailed digital art, key anime visual."
0.5611023,0.345525,0.2639122009277344,train/00122206.jpg,Buffalo Bill looks at himself in the mirror.
0.48168686,0.72220165,0.2376457405090332,train/00122352.jpg,Portrait of a male astronaut wearing sci-fi tech wear with glowing lights in a highly detailed and elegant digital painting.
0.19637711,0.53204286,0.23746225357055664,train/00122410.jpg,"The image is a screenshot of a World of Warcraft mount, featuring a Borderlands-themed epic mount and a colossal soulshredder mawrat in the background, depicted in concept art by Feng Zhu and Alena Aenami, with additional artwork by Beeple, Thomas Kinkade, and references to Hearthstone, League of Legends, Dofus, and Overwatch."
0.4694287,0.6034371,0.2677213478088379,train/00122727.jpg,A bikini-clad witch tarot card.
0.66596127,0.12671769,0.27548555374145506,train/00122763.jpg,A clock tower is shown above a building. 
0.575418,0.6116606,0.2739430618286133,train/00122899.jpg,A hell knight with flaming weapons.
0.8387887,0.29575285,0.29364490509033203,train/00122922.jpg,A man sits by a motorcycle on a box.
0.4706323,0.5846644,0.2711061477661133,train/00122934.jpg,The image depicts Nicolas Cage portrayed as a minion in a film.
0.39793527,0.86011016,0.25657814025878906,train/00123032.jpg,An anime girl artwork with a detailed upper body and a pretty face.
0.4398866,0.24419187,0.2796602249145508,train/00123276.jpg,A little bowl of food is on a white table.
0.4267361,0.64176214,0.26498090744018554,train/00123321.jpg,A post-impressionist painting portrait of Karl Marx by several artists.
0.54841256,0.69593585,0.2733903312683105,train/00123391.jpg,A man and the moon in a staring contest during the Edo period.
0.4812896,0.6133919,0.2923450088500977,train/00123733.jpg,Image of Link from Legend of Zelda.
0.63513166,0.35481623,0.2875893783569336,train/00123825.jpg,Two cats are shown sitting on a toilet.
0.60687625,0.49147046,0.25698238372802734,train/00123974.jpg,A monkey in a suit sings into a microphone for a large outdoor concert audience.
0.32695457,0.65752304,0.2583304023742676,train/00124008.jpg,A painting of a lone warrior in a private onsen next to a Japanese inn with levitating lanterns and flowers.
0.6266232,0.44858032,0.2761949920654297,train/00124154.jpg,"A 4K headshot portrait of a cat wearing hypno-themed clothes, with a hypno village in the background, in a stylized neon art style, with vibrant colors and detailed hypno city, inspired by the styles of Tsutomu Nihei, Junji Ito, and Greg Rutkowski."
0.38250285,0.5890477,0.25965749740600585,train/00124230.jpg,Digital painting of Norse mythology.
0.42119288,0.68912095,0.238748779296875,train/00124422.jpg,Portrait of a man by Pablo Picasso.
0.46791345,0.8856618,0.2743324661254883,train/00124445.jpg,"Description: A fairy princess in the woods, caught off guard and making eye contact while casting a spell."
0.45494738,0.8753767,0.2782895278930664,train/00124521.jpg,"A cyborg humanoid girl wearing a denim jacket and surrounded by neon lights, illustrated by Artgerm, Michael Whelan, and Laurie Greasley."
0.6574304,0.3717349,0.2589890098571777,train/00124782.jpg,A cat lays next to a bike in the back yard.
0.4301181,0.6538749,0.25996070861816406,train/00124822.jpg,Portrait of Ozzy Osbourne as Batman in the style of a classical Renaissance painting.
0.19263339,0.57455397,0.2256888961791992,train/00124901.jpg,"Image of Pink Floyd's iconic album cover for ""Dark Side of the Moon""."
0.4967695,0.49267858,0.25541254043579104,train/00124909.jpg,The image features a cute snake with intricate and detailed designs.
0.5053147,0.77163017,0.2552956581115723,train/00124965.jpg,"A painting of a chibi demoness from Dungeons and Dragons with intricate details and a style reminiscent of Boris Valejo, featured on an Octopath Traveler decal."
0.56466836,0.68085414,0.28122323989868164,train/00124981.jpg,"A painted portrait of Tobi Maguire as the Norse god of thunder, with red hair, a masculine and mature look, wearing red and gold with a muscular and hairy torso."
0.82062095,0.28393254,0.28841257095336914,train/00125014.jpg,A boat on a river while a woman on a bicycle with a baby stands on the bank.
0.8050546,0.29937255,0.26528402328491213,train/00125145.jpg,A man in posing with a motorcycle in front of a bay
0.5471899,0.68344533,0.2748968505859375,train/00125482.jpg,A rubbery cyborg plays a synthesizer in a science fiction concept art.
0.441762,0.8539807,0.2771436309814453,train/00125499.jpg,A close-up portrait of a Chinese princess wearing colorful clothes with highly detailed facial features.
0.4491005,0.61701417,0.2630916213989258,train/00125633.jpg,"Franz Schubert depicted in an oil painting, yelling angrily at an unseen individual."
0.43040606,0.6583616,0.2577119445800781,train/00125700.jpg,Portrait of Hagrid cyborg.
0.3307583,0.8259116,0.22790771484375,train/00125712.jpg,The image depicts Lain Iwakura wearing a full-body plugsuit inspired by Evangelion in a dark cyberpunk neon city street.
0.44817775,0.8226719,0.2761443328857422,train/00125970.jpg,A close-up 3D portrait of a Korean goddess wearing a highly-detailed Gumiho mask and traditional Hanbok attire.
0.37422687,0.708597,0.22884403228759764,train/00125996.jpg,"Male hero upside down in water with eyes shut, depicted in a hyper detailed art style by Artgerm and Greg Rutkowski."
0.3888159,0.06276999,0.2513436317443848,train/00126115.jpg,A bathroom has a tile floor and a tile wall.
0.6990494,0.19312349,0.24366559982299804,train/00126211.jpg,a public transportation bus turned over on its side
0.34794822,0.7888107,0.1927175521850586,train/00126404.jpg,"A highly detailed digital painting of Incan Empress Magaly Solier in a fantasy portrait, depicted in sharp focus as concept art and illustration by artists Artgerm, Greg Rutkowski, and Magali Villeneuve, trending on ArtStation."
0.2381909,0.9730791,0.2659879684448242,train/00126513.jpg,A girl with a giant daisy for a head dances in a colorful flower field at sunrise in a surreal digital painting by Simon Stalenhag.
0.5620651,0.24787022,0.2599235153198242,train/00126556.jpg,A chef playing salad in bowls in a kitchen.
0.18807025,0.41603678,0.23812889099121093,train/00126604.jpg,A painting of a dystopian sci-fi safehouse in a desert with transmitters on the roof and rusty metal.
0.2716818,0.5337162,0.2615120315551758,train/00126621.jpg,Image of a distorted shape that appears to defy traditional geometric principles.
0.83038664,0.29426023,0.2990373420715332,train/00126683.jpg,a man that is on his motorcycle next to some water
0.3081404,0.61787164,0.24145408630371093,train/00126868.jpg,The image features a highly detailed digital art of a pair of sharp eyes set against a dark background.
0.9621413,0.41879857,0.26540443420410154,train/00126968.jpg,Two jets fly overhead while the crowds look
0.57409126,0.2802155,0.267791805267334,train/00126987.jpg,A baby sitting in a high chair eating food.
0.2445008,0.3511345,0.2763464736938477,train/00127005.jpg,"A hyperrealistic digital painting of a giant lily in a tropical pond, illuminated by neon lights and reflections, in a dark night sky with fluffy clouds."
0.41099843,0.7769667,0.2562090492248535,train/00127105.jpg,"A digital painting of the goddess of the autumn twilight in an elegant and highly detailed illustration by artgerm, greg rutkowski, and edgar maxence."
0.6316511,0.58529896,0.3051667785644531,train/00127263.jpg,A cartoon monkey portrait with airbrushing and detail by Yuga Labs and Anne Stokes.
0.53482443,0.5283634,0.27651256561279297,train/00127454.jpg,A demonic goat boss in a gothic setting with fog.
0.22218254,0.5309248,0.23955463409423827,train/00127507.jpg,Pixel art featuring collaborative diffusion.
0.752625,0.49332345,0.28486946105957034,train/00127629.jpg,A giraffe and two zebras are standing in the grass.
0.2669381,0.52171874,0.2594315719604492,train/00127663.jpg,Image description: An intriguing and unique artwork by Arshile Gorky and John Berkey that combines abstract and figurative elements with bright colors and bold lines.
0.3555518,0.8217874,0.24362056732177734,train/00127906.jpg,Pixel art of a girl farmer.
0.35986882,0.7178797,0.2053565788269043,train/00127920.jpg,"The image depicts Levi Ackerman in a dramatic pose with intense black eyes, created with digital art techniques by skilled artists such as Artgerm, Greg Rutkowski, Alphonse Mucha, Ian Sprigger, Wlop, and Krenz Cushart, using smooth rendering and cinematic lighting in a concept art style."
0.8202674,0.28825352,0.28747949600219724,train/00128030.jpg,A person speeding on the road with a motor bike.
0.47627065,0.23918834,0.2491166877746582,train/00128414.jpg,Water that has a bridge with cars driving across it and in the background are buildings.
0.5618984,0.48152024,0.2648498153686523,train/00128578.jpg,A panda bear looks at the jungle in an illustration by artist Goro Fujita.
0.14868535,0.38031822,0.25473407745361326,train/00128717.jpg,"A watercolor painting of a small lake with a fishing boat, reflecting tall mountains and clouds, and various mythological elements."
0.338029,0.43742678,0.2841993522644043,train/00129003.jpg,"A detailed image of a Tesla car with Gothic-inspired art style and rich, deep colors."
0.33470067,0.2644632,0.26784080505371094,train/00129042.jpg,A view of a furnished retro style room by John Everett Millais.
0.59218305,0.6724169,0.3016188049316406,train/00129187.jpg,A man wearing a red neon robotic armor.
0.5915035,0.43424487,0.2576951599121094,train/00129372.jpg,A hybrid creature with a human body and a cat head.
0.9807591,0.40572593,0.2835287666320801,train/00129699.jpg,Blue and grey fighter jet flying in a clear blue sky.
0.5693265,0.6510475,0.29638708114624024,train/00129745.jpg,"A portrait-style painting of an astronaut suit with a detailed 3D fractal lace, clear brain, and iridescent bubble skin."
0.3912071,0.455411,0.28085506439208985,train/00129851.jpg,"A translucent bionic dinosaur skeleton sculpture with colorful jellybean organs, cables, wires, and tubes, displayed in a dark studio."
0.56504357,0.15933925,0.2628597068786621,train/00130069.jpg,a white stove turned off with a digital clock
0.36325732,0.5781592,0.2418012046813965,train/00130234.jpg,Homer Simpson units launching an attack on Zerglings in Starcraft 2.
0.33414343,0.2968669,0.27579126358032224,train/00130353.jpg,A car modified to drive in the water on a lake.
0.57911986,0.40282702,0.2740057945251465,train/00130357.jpg,Vampires eating pizza at the beach and taking family photos.
0.7457879,0.20722055,0.2849925994873047,train/00130415.jpg,A crowd of people standing outside of a brown brick building.
0.5894386,0.5299749,0.27601367950439454,train/00130631.jpg,A teddy bear mad scientist mixing chemicals depicted in oil painting style as a fantasy concept art piece.
0.6228313,0.6056638,0.27436601638793945,train/00131095.jpg,"A medium shot of a robot made of slime with a Catholic veil, standing in a solarpunk city overlooking a lake with forests in the background, under a sunny sky with beautiful clouds."
0.35514998,0.9833695,0.27751319885253906,train/00131118.jpg,"Two punk rock girls taking a selfie with black cats in a jungle, dressed in a Mad Max-style jacket, 1980s fashion."
0.7002776,0.68384343,0.28177478790283206,train/00131223.jpg,"A giant mechanical battle armor stands alone on withered grass under a dim sky, illuminated by a big moon and yellow lights, with smoke in the background."
0.39517492,0.5074682,0.2712833213806152,train/00131262.jpg,"The image features a taunting arbormage facing off against a zombie ogre, pitchburn devils, and a giant lumbering cave dragon, created by artists Antoine Wiertz and Noah Bradley."
0.349071,0.94062036,0.2693657875061035,train/00131273.jpg,"An oil painting of anime maid soldiers in a battlefield, depicting the concept art of the great anime maid war."
0.42136872,0.23598851,0.27360687255859373,train/00131370.jpg,Laptop and monitor displayed on white desk in small area.
0.92819196,0.39191732,0.2608131217956543,train/00131404.jpg,An airplane is parked next to an airport terminal.
0.48025003,0.6578432,0.2797290992736816,train/00131473.jpg,"A digital portrait of a biopunk robot resembling Alan Moore, intricately detailed with chiaroscuro lighting and human hands."
0.2908537,0.69793993,0.21112800598144532,train/00131800.jpg,"Portrait of Mr. Krabs, the anthropomorphic crab, at the Krusty Krab."
0.28545916,0.41005245,0.267846622467041,train/00131814.jpg,"Outdoor rock concert in a lunar landscape with aliens and robots as audience, colored spotlights and psychedelic lights lighting up the stage."
0.28154624,0.42274606,0.26826196670532226,train/00131878.jpg,"An image of a diner interior painted by artist Edward Hopper, with a unique airbrushed style by James Gilleard."
0.28436086,0.5279935,0.24707761764526368,train/00131888.jpg,Astronauts playing tennis in a digital art image with an art style inspired by various artists.
0.33807564,0.65389585,0.22428138732910155,train/00131976.jpg,"A realistic film render of Ways Steurbaut, an elemental god with powers, captured in a full-body camera shot by Iris de Kade."
0.757089,0.16947027,0.29061260223388674,train/00132364.jpg,A red car sits parked by a parking meter.
0.60046273,0.4107069,0.24722795486450194,train/00132428.jpg,A white cat wearing a fluffy ginger hat.
0.41694257,0.6488714,0.26435874938964843,train/00132451.jpg,"The image depicts El Chapulín Colorado, the main character of a Mexican television comedy series, standing in front of a Claude Monet painting."
0.8082073,0.19423205,0.2750090980529785,train/00132489.jpg,A motorcycle parked on the trailer behind a truck.
0.30613577,0.94997495,0.2649246788024902,train/00132687.jpg,A woman is depicted crying amidst yellow and blue cloud formations in a piece of art by Kim Keever.
0.5783291,0.4907339,0.2615133476257324,train/00132929.jpg,Tom Nook in Peaky Blinders attire.
0.4033617,0.5690602,0.2524689483642578,train/00133308.jpg,Oil painting of a Santa Claus monster zombie with vibrant colors and reflective surface.
0.5671146,0.49893585,0.2753230285644531,train/00133503.jpg,3D model of a fat penguin with stylized toon shaders.
0.13570184,0.51926064,0.217779541015625,train/00133664.jpg,A car that combines the design elements of a Bentley Continental GT and a Tesla Cybertruck.
0.3330789,0.40744576,0.25664684295654294,train/00133665.jpg,A car that combines the design elements of a Bentley Continental GT and a Tesla Cybertruck.
0.48784733,0.72516435,0.2530254936218262,train/00133700.jpg,"A defeated king lays prostrate on the ground beside his crown in a propaganda poster-like, painterly full body portrait."
0.19040549,0.38152006,0.27372800827026367,train/00133799.jpg,A painting by Kenton Nelson depicting a school surrounded by a blue sky on a summer evening.
0.61473656,0.48998266,0.27004035949707034,train/00133821.jpg,"The image is a digital painting of a Norwich Terrier in a Viking warrior costume with intricate details and an elegant aesthetic, part of concept art posted on Artstation and possibly inspired by the art style of Alphonse Mucha."
0.4729856,0.6852481,0.2654338264465332,train/00134005.jpg,"Henry Cavill depicted as a medieval knight in a highly detailed digital painting with intricate jewelry and stunning eye detail, created by Artgerm in the fantasy genre."
0.4470521,0.5831275,0.2518193817138672,train/00134096.jpg,An alien wearing a tuxedo and a bowler hat in a city.
0.37203425,0.59653634,0.2342306900024414,train/00134144.jpg,"Deadpool and Pinkie Pie engaged in combat, with a boom mic visible in the shot."
0.28163895,0.8821729,0.22444122314453124,train/00134252.jpg,An anthropomorphic lionness woman made of ceramic and diamonds wears a paper dress at a futuristic subway stop where paper origami orchids bloom among heavenly light.
0.72414577,0.19515318,0.25938230514526367,train/00134312.jpg,A lone train is riding on the train tracks
0.31586847,0.41654554,0.2683814811706543,train/00134423.jpg,"A hyper-realistic landscape painting with hovering airships, broken dolls, and a blue figure."
0.23703651,0.5851219,0.2513831329345703,train/00134441.jpg,A plumbus is shown in the image.
0.46536538,0.56347835,0.2752322578430176,train/00134589.jpg,A mixed media painting of an angry sentient waffle in stunning 3D.
0.43977308,0.7927592,0.2673858451843262,train/00134606.jpg,"A portrait of female Ezio Auditore amidst a medieval crowd with highly intricate and detailed art style, created by Ruan Jia, Mandy Jurgens and Rutkowski on ArtStation."
0.60395825,0.41315672,0.25864147186279296,train/00134771.jpg,Pixel art cat.
0.6283323,0.35395455,0.2940806198120117,train/00134833.jpg,A tiger cat sitting in a bathroom sink next to a tub.
0.42315558,0.543189,0.2518605613708496,train/00134847.jpg,"The image is a digital painting of Radobaan, the boss monster in Monster Hunter World's Iceborne expansion, featuring bioluminescence and showcasing the art styles of multiple artists."
0.44977424,0.6843906,0.2543325424194336,train/00134921.jpg,"A digital painting of actor Joe Taslim as a fantasy character, illustrated in highly detailed and sharp focus by artists Artgerm, Greg Rutkowski, and Magali Villeneuve."
0.15350905,0.36526436,0.258829231262207,train/00135115.jpg,"A front view of a gigantic waterfall surrounded by the Amazon, with only vegetation present - a concept art by Goro Fujita on ArtStation."
0.42654964,0.84227186,0.2627904510498047,train/00135213.jpg,"A character portrait by Dustin Nguyen of a woman with dark brown hair in a short pixie cut, wearing all black clothing and accessories."
0.17318259,0.6098057,0.2275923728942871,train/00135220.jpg,An open page of the Voronoi manuscript depicting a digital painting of highly detailed human anatomy with professional highlights and full colors.
0.76080155,0.67773825,0.2659111976623535,train/00135837.jpg,The image is a portrait of a person wearing jodhpurs and knee-high boots in a sitting pose.
0.23960008,0.5535834,0.2549838638305664,train/00135852.jpg,The image is an artwork created by Marco Bucci.
0.23103544,0.3943576,0.2690287590026855,train/00135889.jpg,An underwater mermaid city with highly detailed design and volumetric lighting.
0.5827664,0.80183125,0.267609977722168,train/00135927.jpg,"The image is a highly-detailed, intricate digital painting of a neon-lit embrace between two figures, with sweat drops and Fibonacci-inspired patterns, and is concept art for Unreal Engine 5, posted on ArtStation by artgerm, Greg Rutkowski, and Alphonse Mucha."
0.5339454,0.7068773,0.26283246994018555,train/00135962.jpg,"A cyberpunk profile view portrait featuring a powerful, muscular figure with a tribal design, looking to the side in a dreamy style."
0.96753687,0.40772521,0.2669773483276367,train/00136070.jpg,A plane flies across the sky as seen from the freeway.
0.60508,0.40891615,0.2519329833984375,train/00136178.jpg,"A cute cartoon cat illustrated in a simple, isolated vector style."
0.42230478,0.5203772,0.2654221725463867,train/00136274.jpg,Gandalf fighting a Balrog in a beautiful and dramatic landscape.
0.5439417,0.6113422,0.2768545150756836,train/00136301.jpg,Underwater portrait of steampunk Shrek with artistic influences from famous artists.
0.297395,0.33340222,0.2680036926269531,train/00136458.jpg,A partially closed door in a dark room with a chromatic gradient emitting light from within.
0.21785656,0.40858266,0.25120704650878906,train/00136597.jpg,"Isometric hexagonal city artwork by Tooth Wu, Dan Mumford, Beeple, and Rossdraws on Artstation."
0.3258484,0.4443234,0.26591814041137696,train/00136704.jpg,An illustration of an ancient coffee machine.
0.5611114,0.23780483,0.2597100830078125,train/00136875.jpg,A woman takes a drink out of a bottle while cooking.
0.57362896,0.5633173,0.27811613082885744,train/00136963.jpg,Elmo boxing Cookie Monster in a muay thai match at Lumpinee Boxing Stadium in a film still from a movie.
0.8265963,0.28658134,0.30025936126708985,train/00137172.jpg,A person riding a motorcycle down the street.
0.36558846,0.05486398,0.2583554077148438,train/00137291.jpg,This is a view of a toilet and a bathroom sink. 
0.60198617,0.41758528,0.2637826538085937,train/00137302.jpg,Digital illustration of a cat-shark on Artstation by multiple artists.
0.344904,0.81487614,0.2247275161743164,train/00137304.jpg,"An attractive Lady Mechanika with wavy hair stands in a front portrait pose, using white gloves and with her hands behind her back, against an intricate steampunk background - art by Artgerm and Peter Andrew Jones."
0.6561967,0.6367043,0.2891950988769531,train/00137393.jpg,A little boy wearing a green spacesuit on a mushroom planet.
0.42562157,0.44155106,0.2799199867248535,train/00137439.jpg,A crossfitter rides a large dragon above a misty and dark city in the style of Game of Thrones.
0.40029556,0.556323,0.2245815086364746,train/00137643.jpg,"A game design featuring Miss Pokemon Woolly with a magical background, painted overlay, and 3D rim lighting."
0.7652622,0.4311148,0.23525581359863282,train/00137644.jpg,The farm show includes a sheep after his charges.
0.6453745,0.4907985,0.28297889709472657,train/00137687.jpg,A hamster wearing armor.
0.24578221,0.33856073,0.262426815032959,train/00137791.jpg,"A stormtrooper and R2-D2 stand together in a forest, surrounded by ewoks."
0.1827514,0.503914,0.22488737106323242,train/00137808.jpg,"The image is a digital painting depicting the DataUnion Protocol's network of DataNFTs and Value Share Contracts, with the TOGETHER token, emphasizing data collaborations for a positive future."
0.8367266,0.17808303,0.29090696334838867,train/00137816.jpg,a bike parked next to a black and white advertisement in French
0.43543217,0.87315136,0.2710851097106934,train/00137879.jpg,"The image is a highly detailed manga cover art of a goth woman with red hair and black makeup, in a horror cyberpunk action setting."
0.19809346,0.5901321,0.23014902114868163,train/00137936.jpg,Disney Concept Artists created a rebel-themed image with blunt borders and following the rule of thirds.
0.49676755,0.5434762,0.26564157485961915,train/00137975.jpg,Sonic the Hedgehog in a drug treatment facility.
0.91701525,0.40368897,0.24916437149047851,train/00138002.jpg,A fence sits around a plane on a runway. 
0.75787157,0.62836295,0.2728572463989258,train/00138089.jpg,"Jerma985 and Gordon Ramsay sit on a couch wearing sumo wrestler suits, causing the couch to crack under their weight."
0.1488307,0.41263315,0.22626594543457032,train/00138300.jpg,"The image depicts ruins of a mausoleum surrounded by fir forest in rainy and foggy weather, with megaliths and highly detailed architecture, in a digital painting with sharp focus and created as concept art on ArtStation by Rutkowski and Artgerm."
0.23383802,0.9810319,0.2691917419433594,train/00138323.jpg,"A girl with a giant dahlia flower as a head walking on a mountain surrounded by storm clouds and stars in an artistic, surreal photograph."
0.21766235,0.40631914,0.25571384429931643,train/00138415.jpg,"The image shows a futuristic photorealistic design of a concrete mosque with high details, inspired by the works of Le Corbusier and Zaha Hadid."
0.6549964,0.44305754,0.3031679344177246,train/00138670.jpg,"An oil painting of a cat wearing a crown and royal robes, sitting on a throne."
0.3573278,0.93149626,0.2718712043762207,train/00138994.jpg,"A young girl in a black military uniform with flowing blonde hair and blue eyes stands in front of a baroque-inspired background, featuring fine details and delicate features."
0.60926396,0.6689399,0.26802032470703124,train/00139129.jpg,Morbidly obese snake oil salesman wearing cowboy attire and a curly snake moustache standing in front of a blank background.
0.6554757,0.5116821,0.2861285591125488,train/00139203.jpg,A monkey wearing a hat.
0.3333091,0.0136990985,0.2808302688598633,train/00139235.jpg,a pink toilet in a small flower patterned bathroom stall
0.5218737,0.48634362,0.2862473678588867,train/00139287.jpg,Spiderman is flying through a green jungle and using his web to stick to a tree while old computers are left on the ground.
0.40129054,0.7673246,0.2460848617553711,train/00139356.jpg,A highly detailed reimu hakurei character illustration.
0.23841944,0.43633196,0.2587836456298828,train/00139401.jpg,A demonic palace with photorealistic detail and powerful imagery in the style of Michael Whelan and Gustave Dore.
0.358808,0.49708468,0.26851425170898435,train/00139690.jpg,A painting depicting aliens and robots by Graham Sutherland and Egon Schiele in the style of expressionism.
0.40385517,0.48827612,0.2738308906555176,train/00139697.jpg,"Mixed media image of a realistic looking cephalopod with human hands by Greg Rutkowski, Xiang Duan, and Thomas Eakes."
0.42277062,0.8177878,0.2682424736022949,train/00139745.jpg,A digital painting of a beautiful female character in upper body attire inspired by D&D fantasy with intricate design details.
0.42784834,0.8184935,0.2728043746948242,train/00139747.jpg,A digital painting of a beautiful female character in upper body attire inspired by D&D fantasy with intricate design details.
0.2958626,0.47518978,0.2641445159912109,train/00139803.jpg,Multicolour paint spilling all over the galaxy.
0.27148193,0.70069355,0.21784452438354493,train/00140076.jpg,Mahatma Gandhi depicted in anime style disco dancing in a club with pulp fiction vibes and bright colors.
0.3005366,0.61109793,0.2274790382385254,train/00140084.jpg,A graphic novel comic about dragons by Mike Holmes.
0.42194262,0.41142294,0.2653685188293457,train/00140108.jpg,A traffic cone with shark teeth at the bottom in front of an ocean background.
0.64436454,0.35577482,0.28507223129272463,train/00140116.jpg,A black and white cat eating from a ceramic bowl.
0.3347958,0.45536315,0.26957393646240235,train/00140273.jpg,The image depicts a flat sci-fi jetpack icon.
0.4785489,0.8215753,0.2777991676330566,train/00140302.jpg,"The image features a character named Ahri, with white hair, in a concept art style, as seen on the platform ArtStation."
0.8335249,0.28711766,0.2828708839416504,train/00140314.jpg,The guy wearing camouflage outfit with the orange reflector vest is riding a motorcycle.
0.43204167,0.6502151,0.2624080848693848,train/00140377.jpg,Portrait of Nicolas Cage by Gustav Klimt.
0.6678456,0.70080656,0.2808242988586426,train/00140473.jpg,"The image is of a male android with shiny skin, half-robot and half-humanoid, posing like a statue."
0.43035126,0.738592,0.24302595138549804,train/00140700.jpg,Portrait of Sri Lankan people as Greek god council in baroque style.
0.4007859,0.8801116,0.2601767539978027,train/00140802.jpg,Female knight in futuristic botanical world.
0.7220988,0.28287917,0.2866542434692383,train/00140811.jpg,A woman is approaching a door rolling a suitcase behind her.
0.27989867,0.5725841,0.24163509368896485,train/00140831.jpg,Flower poster with Henri Matisse style.
0.59027284,0.7128567,0.270156135559082,train/00140859.jpg,"A laughing young man with black clothes in a symmetrical full body shot, depicted in a dynamic fantasy-style artwork by various artists."
0.56845146,0.7398413,0.26693429946899416,train/00140966.jpg,An actor plays the character of Faust in brown cloak on stage with dark shadows and low-key lighting.
0.3283341,0.8255807,0.22100601196289063,train/00141008.jpg,"Digital concept art of a D&D sorceress portrayed as a young Demi Moore in a black and gold dress with glowing lights, created by various artists including Artgerm and found on ArtStation."
0.28163874,0.40048558,0.2832387924194336,train/00141042.jpg,A cyberpunk street scene with retro futuristic cars and intricate chrome trim.
0.27864152,0.4062051,0.2753455924987793,train/00141043.jpg,A cyberpunk street scene with retro futuristic cars and intricate chrome trim.
0.0910625,0.59614366,0.2068052101135254,train/00141080.jpg,A giant ice spider is depicted in an abandoned mine in this fantasy art by Jordan Grimmer and Noah Bradley.
0.7113322,0.30085444,0.29240882873535157,train/00141138.jpg,A man sitting on top of a wooden bench.
0.75450814,0.18310693,0.2915370178222656,train/00141266.jpg,A VERY BUSY STREET WITH CARS AND A BUS
0.24525478,0.5066906,0.24296878814697265,train/00141290.jpg,A fractal infinity emerging from darkness with a focus on the concept of mass consciousness.
0.7462922,0.5463268,0.29513675689697266,train/00141298.jpg,Ares riding a red Harley Davidson on Mount Olympus while wearing a golden helmet.
0.5468292,0.66333336,0.2801263999938965,train/00141469.jpg,A masked laboratory engineer man with cybernetic enhancements in a dystopian scifi outfit.
0.7486849,0.30084017,0.28138372421264646,train/00141671.jpg,two horses pulling a carriage down the road
0.17004582,0.42796054,0.21417110443115234,train/00141672.jpg,A futuristic cyberpunk landscape with nature elements.
0.2513719,0.49776626,0.23185197830200197,train/00141912.jpg,"Astronauts playing tennis in a digital art piece with an art style influenced by Klimt, Nixeu, Ian Sprigger, Wlop, and Krenz Cushart."
0.4514302,0.7770791,0.2605680274963379,train/00142075.jpg,"A portrait of Eva Elfie, a chimeric organism with pale white skin, featuring highly detailed biomechanical and fractal elements with a cyberpunk and Ghost in the Shell vibe, trending on ArtStation."
0.44604957,0.7699624,0.25961355209350584,train/00142080.jpg,A painting of Myrcella Baratheon by Lucian Freud.
0.6548258,0.78314674,0.2684434700012207,train/00142190.jpg,A cyberpunk street racer stands next to a red sports car in a scene reminiscent of Blade Runner 2049.
0.39321935,0.53470665,0.2601202964782715,train/00142255.jpg,"A hyper-detailed digital art spider portrait in the style of Klimt, Nixeu, Ian Sprigger, Wlop, and Krenz Cushart with cinematic lighting rendered on Unreal Engine 5 and Octane."
0.31158447,0.4658894,0.27064010620117185,train/00142301.jpg,A tidal wave of green resin and foam in a photorealistic 8K HD octane render.
0.46447736,0.5386302,0.2721267318725586,train/00142361.jpg,"The image is a digital painting of the Rathalos Azur boss from Monster Hunter World Iceborn, featuring bioluminance, and created in various art styles by multiple artists."
0.633445,0.35293669,0.2882921028137207,train/00142369.jpg,A black cat is huddled in the bathroom sink for a perfect fit.
0.48209116,0.8919203,0.27348323822021486,train/00142380.jpg,"Soft painting of a dryad in a pond with kois, surrounded by intricate flowers and draped in a gauze dress with fireflies and gold ribbons."
0.24182893,0.46113825,0.2524010467529297,train/00142830.jpg,"A cyber punk-inspired background for a graphic novel, designed by Frank Miller, with hyper-realistic and atmospheric elements and high contrast."
0.5799246,0.2554873,0.2584299659729004,train/00142928.jpg,A woman is feeding her baby while playing WII.
0.631182,0.5463302,0.27264095306396485,train/00142986.jpg,"A Pixar lion holding up text letters spelling out ""falconi""."
0.20252681,0.41336,0.25590431213378906,train/00143034.jpg,"A digital painting of the Grand Canyon created by artists Artgerm and Greg Rutkowski, displayed on Artstation."
0.50162673,0.14897442,0.24134597778320313,train/00143041.jpg,"A kitchen with empty counter tops, a stove, sink  and  a window."
0.488723,0.17611435,0.25730648040771487,train/00143051.jpg,Weight scale sitting on a counter next to a mixer
0.14411233,0.5021052,0.217139892578125,train/00143080.jpg,An Italian aperitivo at the seaside depicted in a detailed digital art by Edward Hopper.
0.39150983,0.53479356,0.27014741897583006,train/00143250.jpg,Image of the roster for Super Smash Brothers Ultimate.
0.5222689,0.47554165,0.25833099365234374,train/00143261.jpg,"A snail on a green branch, illustration by Goro Fujita."
0.7537754,0.44257513,0.2552672958374023,train/00143273.jpg,A couple of horses grazing in front of an estate.
0.4189398,0.80079573,0.2631702995300293,train/00143450.jpg,"Portrait of a yakuza girl with a tattoo, depicted in dark digital painting style with highly detailed illustration by multiple artists including artgerm, greg rutkowski, alphonse mucha, Wayne Barlowe, and Zdislav Beksinski."
0.10171882,0.34350076,0.25708919525146484,train/00143983.jpg,"A dark enchanted forest with a swamp, by Leonardo da Vinci."
0.39584678,0.5217113,0.2742609405517578,train/00144011.jpg,An image of Squidward Tentacles walking in New York.
0.9188481,0.40131125,0.25511354446411133,train/00144085.jpg,A Kenyan Airways airplane sits on the runway.
0.40041152,0.63681656,0.2597792434692383,train/00144094.jpg,A portrait of Koakuma by multiple artists.
0.46577466,0.14986823,0.2613785934448242,train/00144311.jpg,A kitchen with plants sitting in the window
0.4298775,0.79251754,0.2739877700805664,train/00144399.jpg,"A highly detailed digital painting of a Gothic empress in a D&D fantasy style, with sharp focus and intricate design, serving as trending concept art and illustration by Artgerm, Greg Rutkowski, and Magali Villeneuve."
0.5869752,0.6375829,0.3047012710571289,train/00144553.jpg,A person dressed in a Spider-Man costume with a stern expression on their face.
0.3513602,0.39987025,0.2767249298095703,train/00144701.jpg,Colorful tropical fish swimming amongst coral reef in a painting.
0.08316611,0.73927104,0.2289455223083496,train/00144899.jpg,"A volcano made of ivory vines and crimson rocks erupts, emitting smoke in the shape of a demonic eye."
0.8259506,0.25935102,0.2876469802856445,train/00144991.jpg,a couple of people on motor bikes on a street
0.64907265,0.6996774,0.27095090866088867,train/00145238.jpg,A Ganesha elephant monster girl inspired by Mom-Musu Quest.
0.39251375,0.5490067,0.2658945846557617,train/00145331.jpg,Split screen anime of chess grandmasters.
0.24538913,0.41885456,0.2553851890563965,train/00145443.jpg,"A digital art portrayal of a city engulfed in flames, featuring volumetric fog, created using Unreal Engine."
0.4160834,0.20828132,0.24897819519042969,train/00145635.jpg,A boxed TV and sofa with a lamp in a room. 
0.47823283,0.9059038,0.29059934616088867,train/00145645.jpg,"A blindfolded shaman woman with a decorated headband and wood on her head, in the style of heilung, with blue hair dreadlocks."
0.42844358,0.5332195,0.25794178009033203,train/00145739.jpg,The image is a hyper-detailed digital matte painting featuring a scary man monster crawling and mutating.
0.9578538,0.40567118,0.26114099502563476,train/00145774.jpg,An old propellor airplane with targets on the wings is in the sky.
0.27490273,0.40954128,0.25802703857421877,train/00145831.jpg,Photo of an open air enclosure that looks perfect.
0.3598189,0.031619634,0.2827528190612793,train/00145860.jpg,a white sink and a white toilet with a black lid
0.7352494,0.29983258,0.30349557876586913,train/00145982.jpg,A person with a hat and a tie on a street.
0.4812749,0.6785602,0.2736320495605469,train/00145986.jpg,"A human bard in a tavern, portrayed in a closeup portrait with a symmetrical layout by Donato Giancola and Greg Rutkowski."
0.35436422,0.62512165,0.23664361953735352,train/00146092.jpg,"A miniature businessman walking on a road in a suit, depicted through digital art."
0.8281059,0.24255547,0.2748891067504883,train/00146142.jpg,A group of men standing around a red motorcycle.
0.47161138,0.7217036,0.2511773681640625,train/00146204.jpg,"""Painting of Bloodborne character by Junji Ito with dark fantasy theme and intricate details, featured on Artstation."""
0.7614224,0.42812935,0.2607240676879883,train/00146248.jpg,A dog greets a sheep that is in a sheep pen.
0.8125417,0.37261277,0.2536655044555664,train/00146563.jpg,Several surfers at various stages on the same wave.
0.372674,0.68978125,0.22307422637939453,train/00146652.jpg,Oil painting of Rami Malek.
0.14024259,0.6361378,0.20863733291625977,train/00146804.jpg,Realistic and detailed image of zombies terrorizing a mall.
0.3048982,0.055853844,0.2611161994934082,train/00146813.jpg,A row of three urinals on a bathroom wall.
0.37887928,0.0601499,0.24548192977905273,train/00146977.jpg,"A bathroom area with a toilet, sink and window."
0.43008503,0.8036238,0.2644328498840332,train/00146998.jpg,A digital art portrait of a glaring female Anubis with fire in the background.
0.58269477,0.21979481,0.2705807685852051,train/00147137.jpg,Street merchant with bowls of grains and other products. 
0.8384422,0.26664147,0.29357501983642575,train/00147264.jpg,"A man on a motorcycle with a passenger car attached, parked on the side of the street."
0.8233698,0.27671835,0.29203023910522463,train/00147311.jpg,A guy sits on a motorbike while another fixes it.
0.52620184,0.54625165,0.26856365203857424,train/00147350.jpg,A skeleton catching a Pokemon.
0.4684189,0.122876495,0.2583681297302246,train/00147394.jpg,A large sink and a smaller one with a dish drainer are seen.
0.25724033,0.55827063,0.2574916458129883,train/00147581.jpg,The image is a lithographic print.
0.48600075,0.936442,0.2945281219482422,train/00147630.jpg,A blue and pink haired Korean woman riding on a firetruck.
0.39228654,0.06647922,0.25712051391601565,train/00147676.jpg,A bathroom with tiled walls is being re-modeled.
0.8144865,0.34855425,0.2866331672668457,train/00147683.jpg,"A man in a red cap, green shirt and white shorts holds a tennis racket under his arm."
0.44688907,0.23315737,0.28294212341308594,train/00147840.jpg,A plate of food and a cup on a counter.
0.71157724,0.35935727,0.27919885635375974,train/00147858.jpg,A man holds a small animal to his face.
0.5880054,0.2495313,0.25550968170166016,train/00147974.jpg,Several women seated at a table with a cake.
0.39025673,0.45108432,0.2689482498168945,train/00148055.jpg,A giant shark created through water artwork manipulation on the ocean water.
0.2021326,0.5528337,0.23727912902832032,train/00148260.jpg,An Afrofuturism artwork by Roger Ballen.
0.42962295,0.8246978,0.26429378509521484,train/00148378.jpg,Screenshot portrait of the lead villain female sith lord on a planet of maelstrom chaos.
0.32276016,0.8728982,0.23798364639282227,train/00148392.jpg,"An anime portrait of a cute girl dancing near Miles Davis with bokeh in the background, created by Studio Ghibli in 1990."
0.59611624,0.8385959,0.2729148864746094,train/00148403.jpg,Dora the explorer holding an ice cream cone in a Pop Surrealism lowbrow art style by Mark Ryden.
0.1661193,0.5939601,0.23173871994018555,train/00148424.jpg,A giant koi carp swims in an underwater world in an oil painting by Victo Ngai.
0.18241122,0.35460243,0.2710615921020508,train/00148491.jpg,"Oil painting of a house in Monterey, California by the ocean."
0.28001827,0.5319606,0.26510047912597656,train/00148526.jpg,"An apple painted in the style of Expressionism, inspired by Edvard Munch."
0.41527426,0.79490227,0.2609951400756836,train/00148606.jpg,"A portrait of a lioness queen portrayed as a woman, with intricate details and an energetic composition."
0.7785864,0.2788792,0.2814678764343262,train/00148775.jpg,A man driving a horse carriage on a city street.
0.4488799,0.20030358,0.26494922637939455,train/00148788.jpg,"On a kitchen counter top, a knife rests on an empty cutting board."
0.60786885,0.4843368,0.25887866973876955,train/00148853.jpg,"A cow costume with Holstein print fabric, a ruched bodice, puff sleeves, a skater skirt, white fur boots with hooves, and a large cow bell necklace."
0.93005854,0.3646825,0.2774229621887207,train/00149288.jpg,A truck is on a parking lot near a white and red airplane.
0.56439567,0.50825655,0.2657798767089844,train/00149381.jpg,"A lion wearing a jacket as portrayed in a digital painting, part of concept art from the movie Jin-Roh and illustrated by Artgerm, Greg Rutkowski, and Magali Villeneuve."
0.47199404,0.15724792,0.2697298240661621,train/00149576.jpg,"A beautiful, open kitchen and dining room area features an island in the center and wood cabinets and large windows."
0.7609056,0.19511111,0.27615716934204104,train/00149779.jpg,Green and blue busses parked in paved lot.
0.36609685,0.05773465,0.2603319549560547,train/00150131.jpg,A small bathroom has two dirty toilets and a sink
0.59923536,0.47596836,0.26928302764892575,train/00150159.jpg,Portrait of a baby harp seal dressed as an Italian nobleman in the style of Sandro Bottecelli.
0.5735973,0.26044214,0.2774239730834961,train/00150308.jpg,Several people in a kitchen and one is standing at a sink.
0.2506402,0.48471287,0.2569674301147461,train/00150355.jpg,"The image is an aerial view of Caernarfon Castle featuring artwork by Artgerm, Greg Rutkowski and Magali Villeneuve."
0.3190813,0.67218965,0.21840087890625,train/00150392.jpg,A blueprint diagram of a humanoid cyborg cowboy technician with enhancements and a snake oil system.
0.48422074,0.65274084,0.284848575592041,train/00150414.jpg,An oil painting of Cristiano Ronaldo as Indiana Jones with epic fantasy and exquisite detail.
0.49193522,0.78388166,0.2640218162536621,train/00150478.jpg,"The image features Lucy in the sky with diamonds on blotter art with a mix of cartoon and realistic styles, inspired by Robert Crumb, Lisa Frank, Studio Ghibli, Mucha, Art Nouveau and Art Deco."
0.14656456,0.393459,0.24606372833251952,train/00150492.jpg,The image depicts a Japanese garden with a small forest and greenhouse visible through a sunny bay window in highly detailed digital painting.
0.2151758,0.3812772,0.2793758583068848,train/00150510.jpg,"An image of ancient Greek ruins painted digitally with a colourful fantasy theme, set during the golden hour of night."
0.1881479,0.44477516,0.22389453887939453,train/00150612.jpg,"A hexagonal futuristic stadium hovering above a city, enclosed within a blue energy field."
0.4896287,0.95059204,0.2865439987182617,train/00150665.jpg,A vampire with auburn hair is depicted wearing a white turtleneck dress on a super yacht.
0.36606547,0.59770596,0.23951982498168944,train/00150948.jpg,Artistic photo of a minotaur in a forest with gold accents.
0.18759368,0.45258862,0.23477075576782228,train/00150956.jpg,"This image depicts a flooded neoclassical hall with majestic staircases, human and mythical statues, and classic sculptures."
0.40056562,0.5081736,0.2782489585876465,train/00150993.jpg,"Portrait of a group of people with distorted features, surrounded by surreal objects and whimsical creatures."
0.63382107,0.6435398,0.27752899169921874,train/00151163.jpg,"Geralt playing Puzzle Bubble at an arcade machine in an 80s atmosphere, with artwork by Greg Rutkowski."
0.29988268,0.5345516,0.24780237197875976,train/00151166.jpg,"A horror nightmare depicting art by Greg Rutkowski, Zabrocki, Karlkka, and Jayison Devadas, showcased on Artstation with a zenith view and pincushion lens effect."
0.8329104,0.34323528,0.28445911407470703,train/00151204.jpg,Group of people helping a small child ski on a snow trail. 
0.60370606,0.4411941,0.2600206756591797,train/00151262.jpg,Foxes are judging a cheese competition.
0.41338322,0.71024704,0.22834911346435546,train/00151368.jpg,A pencil sketch portrait of a wizard king.
0.38007963,0.9263591,0.27208972930908204,train/00151443.jpg,Anime girl walking in rainy city at night.
0.5049391,0.62199414,0.2802483749389648,train/00151466.jpg,Keith David depicted as a Funko Pop figurine.
0.38249338,0.7696299,0.23787588119506836,train/00151476.jpg,A hyperrealist portrait of Sylvanas Windrunner on a blue planet.
0.6060879,0.50199956,0.2721817779541016,train/00151535.jpg,This is a profile picture of a Blue wolf anthropomorphic furry style character created by Falvie.
0.36559242,0.055543125,0.24649629592895508,train/00151709.jpg,A small bathroom with a pedestal sink and toilet.
0.64363885,0.51869214,0.28249248504638674,train/00151750.jpg,A digital art of a rottweiler standing with arms crossed.
0.27944437,0.52570444,0.2656558418273926,train/00151802.jpg,"An illustrated scene of a person's life journey from birth to death, created by multiple artists and featuring intricate detail and cel shading."
0.533917,0.5780262,0.2725095367431641,train/00151869.jpg,Toast with Yoda's face on it.
0.8042129,0.3124641,0.2999394798278809,train/00151915.jpg,A person walks a bike and holds an umbrella.
0.5794248,0.79542005,0.26174800872802734,train/00151923.jpg,"Illustration of a cyborg being repaired in a military medical bay, featuring a beautiful face and intricate, elegant details."
0.61146665,0.47077152,0.27190954208374024,train/00152322.jpg,"A digital fantasy art of a medieval fox with a fluffy tail, created by Kawacy and popular on art and furry websites."
0.35053182,0.36169305,0.271164665222168,train/00152333.jpg,A Bedouin child walks towards a mosque surrounded by nebula in a fantasy watercolor illustration.
0.46841455,0.77929634,0.2809127235412598,train/00152526.jpg,A photo of the Mona Lisa gazing at her own painting.
0.47153366,0.6994395,0.2579849433898926,train/00152530.jpg,"A fantasy portrait of a warrior in highly detailed digital painting, created by multiple artists and trending on ArtStation as concept art for a D&D campaign."
0.34377345,0.049059175,0.27092174530029295,train/00152584.jpg,"A toilet and a door open next to the toilet
"
0.40976945,0.22133718,0.2758396911621094,train/00152605.jpg,there is a small tv that is on a small tv stand
0.47574592,0.60554194,0.25809288024902344,train/00152653.jpg,The image is of a baby dressed up as Albert Einstein.
0.42335254,0.077314846,0.24765348434448242,train/00152661.jpg,The mirror shows the reflection of the shower and the door.
0.21635614,0.41442087,0.2578552055358887,train/00152694.jpg,"A matte painting of a flying science fiction castle by Simon Stalenhag, Jakub Rozalski, and Alan Bean."
0.4239227,0.82587206,0.2630767250061035,train/00152711.jpg,"A portrait of Sabrina the College Witch, featuring her standing straight with push-up underwire, and a magical portal opened in the background."
0.5934105,0.7365213,0.2822462272644043,train/00152739.jpg,A tall hooded aasimar alchemist with raven-black hair holding a bottle of poison.
0.6244173,0.4887299,0.27514108657836917,train/00152745.jpg,A fox wearing a straw hat in a portrait painted by Bouguereau and Cleminson.
0.36373857,0.6851693,0.22854541778564452,train/00152776.jpg,"A wizard character in anime style created by artist Cushart, also known as Krenz."
0.24758758,0.46314865,0.25502761840820315,train/00152913.jpg,Digital oil painting of the sea by Greg Rutkowski.
0.83307505,0.30281398,0.3004594421386719,train/00152956.jpg,A woman with a surf board tethered to a bicycle.
0.37224135,0.8524895,0.2482542610168457,train/00153001.jpg,Close-up portrait of a beautiful Chinese princess wearing colorful flowing clothes.
0.58938414,0.62294173,0.28603612899780273,train/00153045.jpg,A Goblin with a dagger and grubby brown hoodie sweater is grinning in an oil painting.
0.2468783,0.9842145,0.2796071243286133,train/00153061.jpg,A girl wearing a suit stands under a giant daisy flower in a surreal photography scene.
0.5163577,0.6789214,0.2773541831970215,train/00153235.jpg,"A portrait of an old male paladin, a warrior character in a hobby fantasy setting."
0.45443282,0.80819786,0.27929283142089845,train/00153331.jpg,A portrait of a cyborg woman assembled from metal parts by Artgerm.
0.7069296,0.37244263,0.29776296615600584,train/00153633.jpg,A brown and white dog on street next to a blue car.
0.66063225,0.6264838,0.29184167861938476,train/00153663.jpg,A man with crossed eyes holding a remote in his mouth
0.7248481,0.1602634,0.2847245979309082,train/00153730.jpg,Corner of a street with various buildings and signage.
0.4468131,0.14415887,0.28934144973754883,train/00154000.jpg,"A kitchen has red cabinets, and white appliances."
0.19795448,0.35108343,0.27364152908325196,train/00154261.jpg,"Anime-style landscape featuring tropical flowers, volcanoes, waterfalls, and bright colors shot from a bird's eye view using the golden ratio, rendered with acrylic palette knife technique."
0.7518311,0.45548758,0.2781376266479492,train/00154298.jpg,an elephant in a park moving eating grass
0.45175335,0.124245904,0.26837709426879885,train/00154525.jpg,A small kitchen with a red counter and dual black sink.
0.30784214,0.5284624,0.27311458587646487,train/00154595.jpg,A screenshot from Snow White and the Seven Dwarves.
0.23067293,0.6772512,0.22515655517578126,train/00155024.jpg,Thorkell from Vinland Saga anime in a fancy old mansion in a digital painting by Studio Ghibli.
0.5293291,0.8520861,0.27035179138183596,train/00155105.jpg,"Profile portrait of Yennefer from the Witcher 3, wearing a black necklace and a long black and grey coat, in front of a stained glass artwork by Alphonse Mucha."
0.46074632,0.8957396,0.29016244888305665,train/00155179.jpg,"Anime character design of a mysterious young woman with blue hair and two tentacles instead of arms, drawn by Junji Ito."
0.33584264,0.6100139,0.246906795501709,train/00155608.jpg,"Characters from the game series Half-Life, including Dr. Klenier, Gordon Freeman, and the entities Black Mesa, Resonance Cascade, and Combine."
0.9671457,0.40852007,0.2728407287597656,train/00155637.jpg,A formation of planes flying in the sky.
0.50871456,0.70489013,0.272096061706543,train/00155715.jpg,A digital illustration portrait of an Apex Legends character with a Bloodborne and Assassin's Creed-inspired outfit.
0.31384295,0.46039468,0.2578218269348145,train/00155777.jpg,A 1800s photo depicting cybernetic warriors conducting a massacre in a city.
0.47802424,0.641973,0.28030479431152344,train/00156147.jpg,"Nic Cage depicted as Monkey D Luffy in a buff, highly detailed painted portrait."
0.17920686,0.35501292,0.2645377540588379,train/00156153.jpg,A symmetrical mountain village with big trees and colorful sky near the beach.
0.23068053,0.38060004,0.2644138717651367,train/00156338.jpg,"A photorealistic closeup of a leaf with water drops, inspired by the Fantastic Four theme."
0.32916653,0.97933936,0.2789341163635254,train/00156409.jpg,painting of a farm girl in a field of corn.
0.7467203,0.42314297,0.2752219772338867,train/00156596.jpg,Two sheep peeking over the wall at something.
0.8375082,0.29590854,0.28778053283691407,train/00156660.jpg,A smiling man on a motorcycle under a car port.
0.38435674,0.6568557,0.23916572570800781,train/00156700.jpg,Ozzy Osbourne depicted as Batman in a classical painting style by Rembrandt.
0.4138524,0.8690087,0.27777820587158203,train/00156778.jpg,"An oil painting featuring a baroque-style anime samurai girl with a starry background, inspired by artists such as Makoto Shinkai, Greg Rutkowski, and Studio Ghibli."
0.42165026,0.8541686,0.26418716430664063,train/00156800.jpg,One sentence: A pastel portrait of a woman with her hair tied around her eyes and mouth.
0.5431479,0.44406423,0.22496278762817382,train/00156844.jpg,The image features a tabaxi male wearing a tuxedo in a Dungeons and Dragons style full body portrait.
0.19857903,0.53574985,0.24067825317382813,train/00156949.jpg,An isotype chart displaying a detailed supply chain across multiple phases.
0.48403084,0.7709304,0.26792427062988283,train/00157071.jpg,"Anime Tracer from Overwatch dressed as a ninja, drawn by Rossdraws, Artgerm, and Greg Rutkowski."
0.360484,0.785203,0.23203760147094726,train/00157152.jpg,"Willow Smith depicted as an ancient Libyan queen wearing a white skirt and a bare chest, with intricate, elegant, and highly detailed artwork by Ruan Jia, Jurgens, and Bouguereau in the concept art displayed on Artstation."
0.8249374,0.32683015,0.26994493484497073,train/00157249.jpg,Commercial jetliners fly over an amusement park with a Ferris wheel.
0.7087396,0.19038713,0.25881258010864255,train/00157254.jpg,A subway train with it's loading doors wide open.
0.38946727,0.049401265,0.2659565734863281,train/00157367.jpg,Clean white bathroom with brown tiled flooring in home.
0.3531213,0.021544509,0.2785905075073242,train/00157388.jpg,Black container sitting on top of a white toilet and a bathroom. 
0.41913942,0.7017158,0.21672588348388672,train/00157560.jpg,"A photo of Mike Trout, a half-robot and half-humanoid baseball player with shiny skin and blue eyes."
0.6737232,0.13880226,0.2691758918762207,train/00157633.jpg,An outdoor clock mounted on a pole on a city street.
0.20622349,0.53994983,0.24616422653198242,train/00157748.jpg,Hand holding a glowing pill in detailed digital art.
0.560227,0.64807844,0.27343044281005857,train/00157822.jpg,Detailed sketch of Viking headgear.
0.2398132,0.6093223,0.24469289779663086,train/00157882.jpg,Poland flag with a textured appearance.
0.50348353,0.1483213,0.23868728637695313,train/00157915.jpg,Looking at the matching oven and in wall microwave.
0.43319133,0.23757611,0.25517623901367187,train/00158142.jpg,A desk with a laptop and and three computer monitors.
0.5404266,0.7084427,0.2651279067993164,train/00158248.jpg,A portrait of a white man in assault powered armor.
0.27634606,0.49346808,0.2580760955810547,train/00158502.jpg,A painting by Van Gogh with intricate details depicting a divine creation descending onto earth.
0.26684442,0.7818923,0.2197166633605957,train/00158988.jpg,Yolandi Visser eating from a network of yellowcake and milky fruit while holding polyp blossoms in a 3D render.
0.91005623,0.38565806,0.26469972610473635,train/00159089.jpg,Someone sitting in a renovated propellor fighter plane on a tarmac
0.8103458,0.2925306,0.282419319152832,train/00159151.jpg,A man riding a bike on a dirt path through a forest.
0.93819475,0.41527942,0.24623146057128906,train/00159221.jpg,"View of a airplane gas station from inside, showing fancy airplane model sign."
0.39398733,0.4368878,0.2772355461120605,train/00159254.jpg,Oil painting of a dinner party with spooky guests.
0.2699124,0.50390303,0.2553377532958984,train/00159298.jpg,The image depicts Nikola Tesla's Earthquake machine.
0.41892385,0.87343943,0.28411943435668946,train/00159314.jpg,An anime girl by Davinci with a highly detailed upper body and a pretty and stunning face and eyes.
0.3355383,0.7200601,0.22483377456665038,train/00159364.jpg,"The image features a half-shot body wearing a neon suit, set against a highly-detailed digital painting background."
0.47583348,0.5831574,0.26609546661376954,train/00159409.jpg,The image is a highly detailed digital painting of an owlish alien depicted in a D&D fantasy portrait as concept art.
0.36932775,0.5878526,0.23948827743530274,train/00159640.jpg,"Concept art of a glowing curvy demon dancing with moons, clouds, dragons and gold skulls in a very colorful and ornate style."
0.31399637,0.55451727,0.2577288055419922,train/00159753.jpg,The image is the death tarot card illustrated by Mucha.
0.64675283,0.6659432,0.2767026138305664,train/00159838.jpg,A peasant man named 김상중 sits in a hut in a fantasy concept art piece.
0.25155902,0.37786564,0.2863950347900391,train/00159878.jpg,"A whimsical fairy wonderland with vibrant colors and candyland elements, featuring artwork by multiple artists."
0.33156836,0.7423123,0.2188507080078125,train/00160344.jpg,"A portrait of a full-figured Mother Earth in the art style of Coles Phillips, with inspiration from Mucha and Kandinsky in a risoprint format."
0.5686006,0.2658802,0.2867713928222656,train/00160399.jpg,Two people standing in the kitchen of a home.
0.40894333,0.61031586,0.2519639778137207,train/00160415.jpg,A man made of ants as an art station concept.
0.48376143,0.14759292,0.25641357421875,train/00160544.jpg,A sink and counter in a small kitchen.
0.13977548,0.40132537,0.2424258041381836,train/00160715.jpg,A painting of Old Kyoto in the fog by Whistler.
0.4541603,0.6283333,0.2654326629638672,train/00160769.jpg,"The image is a horror-inspired illustration of Jonny Rotten, created by a group of artists and currently trending on ArtStation."
0.3308781,0.88164455,0.24642160415649414,train/00160789.jpg,A woman wearing a clothing piece concealing her eyes stands in front of a wall of syringes as smoke forms a question mark around her in a digital painting featured on Art Station.
0.5772336,0.8878656,0.27042594909667966,train/00160839.jpg,A porcelain woman in a red cheongsam sits at a cafe table with a single tea cup in the foreground in a movie directed by Guillermo Del Toro.
0.48444343,0.617937,0.2792235946655273,train/00160866.jpg,A Lego figure in a cyberpunk city portrayed in a painting by Leonid Afremov.
0.39200413,0.8162952,0.2580020141601562,train/00161763.jpg,A full-face close-up portrait of a cosmic horror mom with alien ruins and pyramids in the background on an alien planet in neosurrealism digital concept art.
0.55661935,0.44374838,0.22813743591308594,train/00161872.jpg,"A cyberpunk fox with a fluffy tail portrayed in a fantasy art style, created by artist Kawacy and viewed from the side."
0.57665724,0.22346044,0.2605103874206543,train/00162020.jpg,A blurred view of people watching television. 
0.66155183,0.58242315,0.28406795501708987,train/00162119.jpg,A cute gnome with a hat and tabard leans against a tombstone in a whimsical fantasy landscape of Aspen Cemetery.
0.40527824,0.48222238,0.2732856369018555,train/00162361.jpg,A giant purple octopus created by multiple artists.
0.70038384,0.22833976,0.2620244979858398,train/00162526.jpg,Riot police form a line to control a crowd. 
0.3485986,0.6646858,0.22619966506958009,train/00162632.jpg,The image depicts a nightcore music artist named DaVinci.
0.8625109,0.42409262,0.2409267807006836,train/00162645.jpg,The humongous wings of the plane have eight engines on them.
0.43308043,0.8063186,0.269571533203125,train/00162711.jpg,A digital painting of a symmetrical portrait of a goddess wearing clothing made of clouds with captivating eyes and a pretty face.
0.39348516,0.84577715,0.26672666549682617,train/00162760.jpg,"A ballerina in a long flowing gown, captured in an intricate abstract artwork."
0.4682931,0.68982846,0.27190500259399414,train/00162777.jpg,"A digital painting of a young man in 16th century clothes with a fantasy vibe, created by artgerm, greg rutkowski, and alphonse mucha."
0.5212971,0.66651934,0.27824378967285157,train/00162898.jpg,"A shirtless, muscular, hairy male is depicted in a detailed 3D render that won a Zbrush contest and is trending on Artstation."
0.63836545,0.73619694,0.2688867378234863,train/00162913.jpg,A portrait of an Arabic-style kung fu monk on top of a pyramid overlooking an ancient Egyptian city at sunset.
0.34526533,0.6022143,0.25061740875244143,train/00162938.jpg,Dark wizard casting spells in front of an ominous Egyptian pyramid amidst a rocky landscape with rising mist.
0.41917175,0.7882092,0.2634846496582031,train/00162966.jpg,Portrait of a woman with horns by Robert McGinnis.
0.34874913,0.7914069,0.1994583511352539,train/00162980.jpg,"A highly detailed gothic empress fantasy portrait depicted in digital painting by artgerm, greg rutkowski and magali villeneuve, trending on artstation as concept art and illustration for D&D."
0.5865473,0.6147595,0.2873143005371094,train/00163051.jpg,A warrior is depicted in owl-themed metal armor.
0.36216488,0.8348821,0.22878854751586913,train/00163164.jpg,"Portrait of a beautiful girl wearing a headdress made of dried moss and autumn leaves, with intricate and colorful fluid oil paint and acrylic details."
0.49676782,0.8505523,0.2787633895874023,train/00163165.jpg,"Portrait of a beautiful girl wearing a headdress made of dried moss and autumn leaves, with intricate and colorful fluid oil paint and acrylic details."
0.811933,0.20233509,0.2676276779174805,train/00163202.jpg,Motorcycle parked in the parking lot of asphalt.
0.70042485,0.24187818,0.28224098205566406,train/00163292.jpg,A park bench at night with a residential street in the background.
0.82355314,0.25093195,0.2833847427368164,train/00163360.jpg,People walking by a row of motorcycles that are on the sidewalk. 
0.6497219,0.54078573,0.2904128646850586,train/00163439.jpg,A sketch of a sheep-like creature wearing spiderweb clothing with white eyes.
0.39609638,0.057632316,0.2585112380981445,train/00163466.jpg,A white bathroom with tiled floor and sliding door
0.27669156,0.4899868,0.2665715217590332,train/00163477.jpg,"A highly detailed digital painting of the sun, featuring a mix of watercolor, Soviet realism, engraving, and manga styles, created by several artists and showcased on Artstation."
0.7066241,0.20616794,0.24777301788330078,train/00163507.jpg,Police officers are on parade as crowds watch from aside.
0.5375125,0.6696605,0.2785534477233887,train/00163793.jpg,"A portrait of Alfred Hitchcock depicted as a motorcycle rider, with dramatic lighting and a filmpunk aesthetic, created as a digital painting."
0.38765898,0.18640386,0.2590421485900879,train/00164132.jpg,a room filled with white furniture and books on the ground. 
0.32200393,0.49735972,0.26263147354125976,train/00164154.jpg,"A surreal, darkly colorful painting by Ronny Khalil featuring strange plankton creatures."
0.4057361,0.065556936,0.2607832908630371,train/00164173.jpg,a bathroom the has a glass sliding shower
0.7490549,0.15204643,0.2873843574523926,train/00164437.jpg,A car is parked alongside a muddy canal.
0.10931781,0.57895887,0.21961650848388672,train/00164530.jpg,"A group of kobolds digging in a tunnel by torchlight, Dungeons & Dragons artwork by Artgerm and Don Bluth."
0.7143858,0.38394597,0.27909452438354493,train/00164581.jpg,Two dogs in the show looking at a junked car.
0.66183585,0.46954674,0.28791242599487304,train/00164738.jpg,"Photo of two hamsters on a date stuck in a glass of wine, at a candlelit restaurant table, in various poses."
0.31645542,0.80806047,0.20870033264160157,train/00165096.jpg,"A young anime girl with a ponytail rides a bike on a sunny day, depicted in a beautiful illustration by Rossdraws and Artgerm, currently trending on Artstation."
0.46405277,0.6365371,0.27081214904785156,train/00165202.jpg,A 3D model of a business man.
0.4332912,0.6454934,0.2618880271911621,train/00165277.jpg,The actor portrayed both a divine and malicious character.
0.65392816,0.36146507,0.28828577041625975,train/00165314.jpg,A black cat laying down on a car seat.
0.3432274,0.49324128,0.2702562141418457,train/00165343.jpg,"A close-up studio portrait of an eye with a nebula inside, lit dramatically."
0.4434734,0.6505953,0.25847635269165037,train/00165409.jpg,A portrait of Stephen Root by Red Grooms.
0.8481867,0.2744054,0.302276554107666,train/00165558.jpg,A man and a woman on a motorcycle with a flag on the back.
0.5301677,0.8323889,0.28483173370361325,train/00165639.jpg,"A woman meditating with a parrot on her head, illustrated by artgerm."
0.50951684,0.7978804,0.27982542037963865,train/00165782.jpg,"A reference sheet of an elegant young lady character design wearing a doctor's white coat, depicted in concept art and art styles inspired by Leyendecker and Frazetta, with a gaunt appearance and hyperdetailed 3D rendering."
0.34189674,0.53155476,0.25915128707885743,train/00165877.jpg,"A highly detailed portrait of a symmetrical, mechanical organism with pale skin and organic steel."
0.31888205,0.54605514,0.27147617340087893,train/00165890.jpg,An anime image trending on Artstation.
0.17151807,0.4229421,0.23039276123046876,train/00166100.jpg,"A photorealistic epic landscape with floating rocks, storm clouds, falling glowing stones, and mist."
0.44240817,0.66900724,0.2605862045288086,train/00166183.jpg,A cute anthropomorphic character portrait painted in a matte fantasy style by various artists on Deviantart and Artstation.
0.54952735,0.44066143,0.23425548553466796,train/00166228.jpg,A capybara in a business suit smoking a cigar.
0.4672048,0.7123606,0.24790050506591796,train/00166244.jpg,"The image depicts a young man in 16th century clothing, resembling actor Simon Baker, in a fantasy D&D portrait, rendered in highly detailed digital painting by three artists."
0.40155897,0.7840366,0.24377546310424805,train/00166392.jpg,"A detailed digital portrait of a female aviator from the 1930s, featuring stylish artwork by Artgerm, Greg Rutkowski, and Alphonse Mucha."
0.6056042,0.55872333,0.2732374572753906,train/00166630.jpg,A bearish patient receives an intravenous drip while being examined by a purple green cowboy snake dinosaur physician and a vintage-style nurse extracting fatty bear bile with vitamin syringes.
0.29014593,0.7033087,0.21637815475463867,train/00166732.jpg,Gordon Freeman arm-wrestling with Chell in dramatic lighting.
0.38480982,0.76957965,0.23943754196166991,train/00166804.jpg,"The image depicts Kimberly Kane as the goddess of love alongside other notable artists, with a highly detailed aesthetic."
0.5152894,0.55968165,0.26519519805908204,train/00166964.jpg,A retro minimalistic enamel pin featuring a smiling skull with flames.
0.30456305,0.39546824,0.26496139526367185,train/00166987.jpg,"""A stranded battleship in a desert with dark sandstorm clouds on the horizon."""
0.5452945,0.42733964,0.2353166389465332,train/00167000.jpg,A low polygon count digital model of a dog.
0.39873144,0.83669436,0.2581183052062988,train/00167052.jpg,Portrait of a female ranger in a ukiyo-e style.
0.42708915,0.8138368,0.26193410873413087,train/00167066.jpg,"Medieval knight woman portrait with amber eyes, wearing intricate armor and detailed headpiece, depicted in a digital painting with sci-fi and fantasy elements."
0.524759,0.8001331,0.26637035369873047,train/00167083.jpg,"Elsa's new girlfriend has dark curly hair and brown skin, promoting LGBT representation in Disney's Frozen through a beautiful CGI image."
0.36934713,0.7673892,0.23112430572509765,train/00167324.jpg,"The image is of a Medusa made of soft translucent wax, adorned with wooden art nouveau swirls, gold elements, and surrounded by smoke and tubes, with subsurface scattering and dramatic lighting."
0.5817669,0.35181203,0.2626802062988281,train/00167351.jpg,Two dogs are looking up while they stand near the toilet in the bathroom.
0.97609055,0.41307858,0.27422603607177737,train/00167564.jpg,A fighter jet flying through the sky with smoke coming off of it.
0.8089212,0.19016162,0.2789778709411621,train/00167582.jpg,Bicycle leaning up against a welcome to Scotland sign.
0.22409792,0.9656698,0.23155492782592774,train/00167604.jpg,Girl standing in flower field with giant daisy as headpiece during sunrise.
0.2626113,0.55059165,0.2577281379699707,train/00167818.jpg,Lisa Frank and Greg Hildebrandt collaborated on an image.
0.40301314,0.05773113,0.26430797576904297,train/00167886.jpg,A long tub lies in an abandoned room.
0.43656778,0.69807357,0.24734756469726563,train/00167940.jpg,Close-up portrait photo of Matrix Smith with cinematic lighting and digital colored stipple effect by Edward Gorey and Guy Denning.
0.6188404,0.621326,0.2723677062988281,train/00168150.jpg,A wooden statue robot of the Roman cyberpunk flying in space in a contemporary art gallery in Neo Tokyo.
0.22989349,0.40249336,0.26109817504882815,train/00168235.jpg,The image depicts a futuristic elven city with terraces and highly detailed architecture.
0.57205266,0.541566,0.28474113464355466,train/00168401.jpg,A painting of a frog in a garden.
0.7000709,0.39308307,0.29741361618041995,train/00168555.jpg,A girl in a chair with a large stuffed bear. 
0.35337907,0.9033988,0.24742738723754884,train/00168565.jpg,"A green-haired anime girl is mesmerized by a lush green paradise in the key visual for ""The Rising of the Shield Hero"" and ""Apex Legends."""
0.21604419,0.4953172,0.23610912322998046,train/00168616.jpg,An upside-down world with surrealist elements.
0.082458705,0.5756017,0.2105133628845215,train/00168840.jpg,A Lamborghini-designed mobility walking frame.
0.66916335,0.11876078,0.2914743423461914,train/00169015.jpg,A clock tower next to building and trees.
0.43914586,0.45916513,0.2679872894287109,train/00169035.jpg,Goro Fujita's illustration of a flavorful watermelon on a plain background.
0.12141218,0.335846,0.26094038009643555,train/00169063.jpg,"An oil painting of a golden tree next to a blue river inside a dark cave, by Afremov and Greg Rutkowski."
0.78942674,0.15606773,0.2873724174499512,train/00169074.jpg,Two spoke tires with white walls are parked.
0.4246291,0.80440104,0.26480276107788087,train/00169156.jpg,"A hyperrealistic portrait of a geisha in a colorful kimono, displayed as a poster on Art Station."
0.44605172,0.8079552,0.2790989303588867,train/00169194.jpg,Portrait of a Sri Lankan woman depicted as a Greek goddess in a baroque-style painting by multiple artists.
0.46563008,0.7250986,0.2590860176086426,train/00169220.jpg,Inverted graphite sketch of a mysterious shadow in a dark scene portrayed as a portrait.
0.61550444,0.4252198,0.2714413642883301,train/00169354.jpg,The image is a graphic novel comic by Mike Holmes featuring cats in a fantasy world.
0.97049814,0.40322268,0.28017711639404297,train/00169462.jpg,A airplane that is flying in the sky.
0.6333452,0.35291097,0.2905999755859375,train/00169584.jpg,The black and white cat is looking into the bowl of a toilet. 
0.49573728,0.15426499,0.2504848861694336,train/00169659.jpg,A small kitchen with a sink and an oven.
0.57171685,0.5680578,0.268497428894043,train/00169697.jpg,"The image is a cute wooden figurine of a gundam, depicting a cyberpunk popart style, created using 3D Octane render technology."
0.5813577,0.53257585,0.2747478485107422,train/00169782.jpg,"A realistic lion in various styles by different artists, depicting the zodiac sign Leo."
0.46024567,0.11833571,0.26891380310058594,train/00169806.jpg,A kichhen sink sitting in the corner of  a dimly lit kitchen.
0.18841048,0.5718316,0.22206697463989258,train/00169864.jpg,The image depicts two complementary forces of life.
0.40005395,0.060511675,0.2585325241088867,train/00169997.jpg,A cramped bathroom with a sink in the corner.
0.38721767,0.84597105,0.2534864044189453,train/00170224.jpg,Closeup front portrait of a young cyberpunk girl of Japanese heritage with high detail and soft studio lighting in a hyper realistic style.
0.5879709,0.6670192,0.279282341003418,train/00170386.jpg,"The image depicts a combat android with a gun for a head and katana arms, featuring a skeletal face and designed as a military prototype."
0.5735485,0.2684068,0.28481775283813476,train/00170817.jpg,A man and woman working at a kitchen counter preparing food.
0.31618133,0.42538604,0.26543014526367187,train/00171038.jpg,Sunlight shining through a healing potion.
0.23183908,0.5664373,0.26326168060302735,train/00171168.jpg,The image is strange or absurd.
0.27080575,0.38937154,0.2767783737182617,train/00171201.jpg,"A detailed painting of the ocean depths with fish, plants, and the Milky Way visible from below."
0.21628787,0.46313557,0.22369905471801757,train/00171336.jpg,"The image depicts a circular spaceship laboratory with a low ceiling, thick mist, hanging and ground cables, god rays of light, computer screens, neons, and is an epic scene of scifi art by Juan Giménez and Moebius."
0.8056276,0.26287562,0.26660274505615233,train/00171520.jpg,Two people are riding a small motorcycle off-road.
0.43319878,0.055396717,0.2716266822814941,train/00171531.jpg,"A bathroom with a squarish motif, square sink, square faucets, square mirror."
0.43579414,0.20291053,0.2662192916870117,train/00171613.jpg,A can walking on a railing in a home painted yellow.
0.36084187,0.57681334,0.23289693832397462,train/00171704.jpg,A glass statue of an oriental dragon.
0.6756004,0.7656737,0.2578400039672852,train/00171758.jpg,"A lone child stands in an old home with a rainy window, surrounded by shadows and spirits in a dark atmosphere."
0.4007879,0.62496376,0.263027229309082,train/00171763.jpg,A creepy digital art masterpiece depicting someone sleeping.
0.45811462,0.65968484,0.2682666778564453,train/00171842.jpg,The image depicts Alex Jones in WWE style as a digital art with vibrant colors.
0.6004462,0.5923338,0.271016902923584,train/00172034.jpg,"Nicolas Cage fighting a dragon with the face of Dwayne ""The Rock"" Johnson in knight armor."
0.4075645,0.20100811,0.2820803833007812,train/00172277.jpg,A bouquet of red roses sitting on top of a vase.
0.50182015,0.46490794,0.24988910675048828,train/00172282.jpg,A cute turtle walks happily through the forest in an illustration by Goro Fujita.
0.33346674,0.48313344,0.2725267028808594,train/00172405.jpg,A shield icon in a fantasy role-playing game on Behance.
0.3216774,0.44139838,0.2640882110595703,train/00172606.jpg,"A digital painting of a luxury antique car combining elements of a 1930s Ford Mustang and a Countach, featuring highly detailed and intricate design, created by artists Artgerm, Greg Rutkowski, and Alphonse Mucha and showcased on ArtStation as concept art."
0.41528383,0.4061837,0.2545003890991211,train/00172609.jpg,A soft painting of many birds with a silk veil outside of a cathedral in flames.
0.60174155,0.5783547,0.28691539764404295,train/00172717.jpg,A wooden figurine of a punk futuristic robot with geometric features.
0.23111139,0.47043598,0.253574047088623,train/00172741.jpg,"A hyperrealistic mixed media image of Skyrim and No Man's Sky with stunning 3D render inspired art by Greg Rutkowski, Xiang Duan, and Thomas Eakes."
0.82785517,0.22164296,0.28771854400634767,train/00172833.jpg,A large group of motorcycles lined up on the street.
0.2876036,0.42285797,0.2662279510498047,train/00172889.jpg,"A creepy, colorful anime key visual of the interior of LABO area N nuclear reactor on B2 floor."
0.4615864,0.77732784,0.28158256530761716,train/00172894.jpg,A photomanipulation of a crying Mona Lisa.
0.36681268,0.93786424,0.2725828552246094,train/00172934.jpg,"A woman is depicted in a portrait covered in yellow and blue clouds, conveying emotions of sadness, fragility, and hopefulness."
0.11414081,0.3804376,0.22802436828613282,train/00173020.jpg,"Abandoned house in swamp, detailed digital painting of concept art by Artgerm and Greg Rutkowski."
0.4051839,0.53464794,0.22445280075073243,train/00173136.jpg,A tennis ball monster wearing a gold chain necklace in a fantasy digital art illustration by Basil Gogos.
0.6448522,0.758763,0.25172101974487304,train/00173168.jpg,Master Luke Skywalker standing alone in a Jedi Temple with floating objects around him.
0.2196466,0.5995904,0.23421304702758788,train/00173277.jpg,A plumbus from the Jurassic period.
0.26869047,0.5463748,0.26988605499267576,train/00173294.jpg,A painting that may potentially generate more Instagram followers.
0.4248995,0.7875985,0.2712032127380371,train/00173385.jpg,"The image is a highly detailed digital painting portrait of a Nigerian empress in a fantasy style, created as concept art and illustration by artists Artgerm, Greg Rutkowski, and Alphonse Mucha, found on the website Artstation."
0.5212288,0.7164099,0.25486743927001954,train/00173528.jpg,A spy in sci-fi attire infiltrates a city.
0.22057705,0.57336503,0.23880373001098631,train/00173551.jpg,The image depicts the dualistic principles of life.
0.40258196,0.11681233,0.2808908271789551,train/00173574.jpg,Shot of a bathroom with a toilet in the center of the image and cat cage next to it.
0.6771222,0.710528,0.27500999450683594,train/00173645.jpg,"The image is of an attractive male android that is half robot and half humanoid, posing like a statue with a blank stare, who happens to be football player JJ Watt."
0.29671222,0.699161,0.2036600685119629,train/00173808.jpg,"The image depicts Jyuratodus, a boss in Monster Hunter World Iceborne, in a digital painting style with bioluminescence, designed by various artists."
0.55658084,0.7305175,0.26949008941650393,train/00173819.jpg,"The image depicts an old traveler in pop art style, with a profile view and a color scheme of blue and deep peach."
0.28547052,0.4781177,0.2544183349609375,train/00173889.jpg,"The image features symmetric lights, smoke, glowing particles, neon rain, glowing runes, and a tarot card with an ornate border in the styles of various artists."
0.17685308,0.4648069,0.22370895385742187,train/00174020.jpg,"A painting of a diner interior by Edward Hopper, recreated in a stylized manner by James Gilleard."
0.18278661,0.4644969,0.22152462005615234,train/00174024.jpg,A hyperrealistic and detailed landscape from the book 1984 by Orwell.
0.5311799,0.80273503,0.26580923080444335,train/00174307.jpg,"The image features a 3D goddess with a ram skull, wearing a Japanese kitsune mask and kimono, surrounded by various creatures and elements, and created by multiple artists."
0.49411172,0.564842,0.27663970947265626,train/00174354.jpg,A painting of a robot by Abigail Larson.
0.16381519,0.35060933,0.26997180938720705,train/00174381.jpg,A multistory fairytale hut in the forest illustrated with intricate details in a digital painting style.
0.8284311,0.19934228,0.2895758819580078,train/00174436.jpg,A view of two motorcycles parked inside a building.
0.52953297,0.6384605,0.27180809020996094,train/00174523.jpg,A man is posing for a great photo shop. 
0.9598437,0.41966605,0.24803920745849609,train/00174750.jpg,An airplane flying in the air with a cloudless sky.
0.4642531,0.6232651,0.278593635559082,train/00175015.jpg,"A painting of a wild person by multiple artists, trending on Artstation."
0.22927189,0.6309969,0.23980886459350587,train/00175068.jpg,Butterflies artwork by Takashi Murakami.
0.49302098,0.83395994,0.28490489959716797,train/00175121.jpg,A green-eyed woman with large hair surrounded by art from various artists that includes symbolism and surrealism.
0.44913617,0.85889214,0.26455780029296877,train/00175199.jpg,A digital painting of a dancer girl in a burgundy snake bodysuit.
0.37145874,0.49957174,0.26343402862548826,train/00175237.jpg,A painting by Ronny Khalil depicting surreal mythical beasts.
0.30451086,0.97668755,0.27277091979980467,train/00175325.jpg,A woman wearing a paper bag over her head is standing next to a flooded oxygen tank.
0.40195796,0.20930693,0.27175685882568357,train/00175350.jpg,A black couch sitting in a living room next to other furniture.
0.66669434,0.12544717,0.2854129600524902,train/00175400.jpg,A white wall with clock at top of the door.
0.43602464,0.9328928,0.27359533309936523,train/00175419.jpg,"Jeanne d'Arc stands victorious on a green hill, raising her sword."
0.4024626,0.6307192,0.25632381439208984,train/00175441.jpg,"A painting of Dionysus, the Greek god of wine, depicted by Francis Bacon."
0.43038318,0.059040487,0.27621286392211913,train/00175489.jpg,a modern bathroom featuring a square sink and a mirror. 
0.32544056,0.50541466,0.2607252502441406,train/00175526.jpg,A charcoal drawing on plastic.
0.34209645,0.049745828,0.26308977127075195,train/00175643.jpg,A run down bathroom with a toilet and a squeegee. 
0.16167147,0.4069398,0.2403631591796875,train/00175703.jpg,Abstract watercolor painting of a western viking town with paint brush strokes on small paper.
0.30364722,0.48225653,0.25080251693725586,train/00175979.jpg,"A cosmic worm devouring a star, depicted in art by Greg Rutkowski."
0.47076055,0.5279919,0.258763370513916,train/00176293.jpg,A zoomed portrait of tin toy fuzzy kaiju moth dragons wearing armor in Victorian London.
0.751724,0.22095616,0.2769303321838379,train/00176368.jpg,People strolling down a sidewalk beside a busy street.
0.4178313,0.8510311,0.26856800079345705,train/00176482.jpg,"A portrait of a woman in the forest, popular on artstation and deviantart."
0.3820593,0.06022386,0.2519649314880371,train/00176663.jpg,A shot of a separated bathroom with its toilet and shower separated. 
0.43622673,0.79666543,0.2570439338684082,train/00176671.jpg,A dryad nymph sorceress is flying through pillars of creation in a still frame from the movies Annihilation (2018) and Prometheus (2012).
0.21486762,0.32980192,0.2551146697998047,train/00176753.jpg,A rock garden filled with pink rabbits by M.C. Escher.
0.32754245,0.8785356,0.2410561752319336,train/00176796.jpg,"A pin up style portrait of a woman wearing a post-war military uniform, posed in a garden setting reminiscent of Gil Elvgren's artwork."
0.5166355,0.70272434,0.25857776641845703,train/00176809.jpg,A digital painting of a futuristic combat operative wearing a mask and night vision goggles.
0.08129321,0.35093927,0.2479195213317871,train/00176927.jpg,An enchanted forest painted by Naoto Hattori.
0.15364866,0.4334313,0.2276851463317871,train/00177216.jpg,A flooded stairway filled with orange juice.
0.6102668,0.37039325,0.2698941230773926,train/00177260.jpg,A young woman's cat watches her bake in the kitchen
0.6461853,0.42904142,0.29788393020629883,train/00177334.jpg,"A neoclassical portrait of a cat wearing a crusader helmet, painted in 1860."
0.6861807,0.24322946,0.26618654251098633,train/00177373.jpg,A leather purse laying on it's side on a green metal bench.
0.718931,0.1755234,0.26786294937133787,train/00177524.jpg,a nice road is covered in car and other things 
0.26873747,0.41758367,0.26964128494262696,train/00177542.jpg,"A cyberpunk-style digital illustration of Bill's Bar, featuring neon bioluminescence and volume light."
0.48176157,0.53567755,0.26288551330566406,train/00177559.jpg,A 3D rendering of a snarling Anubis by James Gurney.
0.5068624,0.8527076,0.27834716796875,train/00177605.jpg,A beautiful princess with fair skin wearing an ornate emerald gown.
0.4024538,0.61359304,0.25590076446533205,train/00177775.jpg,The Pope in The Matrix.
0.40085492,0.7833845,0.25585168838500977,train/00177945.jpg,Painting of a French lady by Francine van Hove.
0.2351384,0.44410032,0.24893173217773437,train/00178019.jpg,An oil painting depicting a dark fantasy world with a world empire map and strange continents.
0.56871635,0.74180806,0.2506159782409668,train/00178108.jpg,"A portrait of Nicolas Cage as adeptus mechanicus with mechanical tentacles, wearing a red hood and robe from Warhammer 40000, with highly detailed artwork by John Blanche, zdislav beksinski, and Wayne Barlowe."
0.51701576,0.6791057,0.2785659980773926,train/00178151.jpg,A digital painting of a highly detailed and decorated satanic grim reaper with an intricate and elegant face and upper body.
0.2605623,0.5663601,0.2524720764160156,train/00178197.jpg,The end of infinity.
0.5071279,0.60196847,0.27213144302368164,train/00178491.jpg,Medium shot of a Franquin-style character.
0.24167646,0.9753596,0.2711478805541992,train/00178567.jpg,"A surreal portrait of a girl in a flower field with a giant carnation flower for a face, against a dramatic sunrise light and colorful clouds, resembling an impressionist or digital painting by artist Simon Stalenhag."
0.5956669,0.82167345,0.26845178604125974,train/00178638.jpg,"The image depicts a digital painting of pink petals with a shape resembling Aubrey Plaza and Christina Ricci, created by several artists and featured on ArtStation."
0.6821958,0.5492519,0.27867525100708007,train/00178773.jpg,A painting of politicians playing football with a watermelon on a golf course.
0.1551979,0.3405647,0.27489925384521485,train/00178802.jpg,A hyper realistic modern witch house surrounded by lush forest foliage.
0.9178967,0.38011873,0.2711017990112305,train/00178908.jpg,A white jet airliner docked next to utility vehicles.
0.25087392,0.4287993,0.26006231307983396,train/00178913.jpg,A cyberpunk stadium with neon bioluminescence in a digital illustration style.
0.46012408,0.61883783,0.2681869316101074,train/00179027.jpg,"An award-winning portrait in the style of Britt Marling, featuring muted colors and a space-age print design on canvas."
0.2919503,0.4746122,0.253626708984375,train/00179055.jpg,". 

An army of ancient Israel marching behind the ark of the covenant around the walls of ancient Jericho while getting attacked by zombies."
0.11593863,0.3443989,0.2591783332824707,train/00179138.jpg,An image of a forest that has a mystical and enchanting quality to it.
0.30327392,0.5038388,0.24731369018554689,train/00179184.jpg,"A graffiti mural of a hot dog with bun, ketchup, and mustard by Lee."
0.38131493,0.8154533,0.24330286026000977,train/00179251.jpg,"A lioness queen is depicted as a beautiful woman wearing an authentic African cloth, with Egyptian decor in the background."
0.30398032,0.33509853,0.2777494239807129,train/00179463.jpg,A Leonardo da Vinci blueprint of a Toyota Fj43 with a black roof and roof rack.
0.5783698,0.66817015,0.2785029983520508,train/00179622.jpg,A space survivor standing on blizzardy mountains.
0.18380873,0.386698,0.2665297317504883,train/00179682.jpg,"A digital painting of a paisley-filled sky with mountains and stars, featuring intricate and highly detailed concept art by Megan Duncanson and Roger Dean."
0.4597006,0.5697717,0.26507169723510743,train/00180168.jpg,A digital painting of a satanic demon standing in a pile of bills in a monastery interior.
0.35905457,0.7100979,0.21881406784057617,train/00180368.jpg,Tom Cruise portrayed as a demonic Jesus Christ wearing a crown of thorns and hood in a dark fantasy painting by artists Zdislav Beksinski and Wayne Barlowe for Warhammer on Artstation.
0.37529773,0.7030677,0.21691164016723632,train/00180644.jpg,Tim Robinson as the Lone Ranger in a highly detailed digital illustration.
0.4489845,0.67922133,0.25941566467285154,train/00180773.jpg,"Portrait of Ryan McPartlin in intricate digital painting style by Artgerm, Greg Rutkowski and Alphonse Mucha."
0.32869363,0.8566323,0.25358253479003906,train/00180826.jpg,"A fashion illustration of a Dutch milkmaid costume with a cowbell choker and exposed midriff, featuring a silicone prosthetic cow udder and drag queen inspiration."
0.2578855,0.42274505,0.2505316162109375,train/00180871.jpg,"The dining hall of Hogwarts has a feast for hundreds of people with candles, warm ambient light, stone walls, hot food, and stone pillars along the walls."
0.4390653,0.22497873,0.2644312286376953,train/00180959.jpg,A wineglass with wine on top of a dining table
0.34282005,0.049382403,0.2624387359619141,train/00181222.jpg,a messy bathroom with a toilet and toilet paper
0.21606618,0.6141121,0.24696750640869142,train/00181381.jpg,Logo design for low-code AI.
0.34791073,0.06036513,0.25695796966552736,train/00181397.jpg,A unique restroom is seen in this image.
0.6307958,0.49785694,0.28830108642578123,train/00181427.jpg,An illustration of a capybara wearing a Santa hat.
0.4041519,0.049010452,0.26963497161865235,train/00181484.jpg,A shower door with a white towel hanging from it.
0.5738644,0.23815064,0.2583165740966797,train/00181517.jpg,Line of men and three woman standing in front of a kitchen.
0.39836502,0.87224585,0.26240882873535154,train/00181715.jpg,A cyberpunk-style cyborg girl reminiscent of Magik from X-Men is depicted in a neon rain forest in this concept art.
0.11491964,0.44102842,0.22884136199951172,train/00181716.jpg,A symmetrical and intricate levitating fungus spirit made from colorful fungus tendrils with a rocky landscape and gentle mist.
0.18162894,0.6779008,0.20229467391967773,train/00181732.jpg,Cannibalistic androids attacking people in Times Square as seen in security camera footage.
0.5575595,0.70089674,0.2584086418151855,train/00181773.jpg,A person made out of red Nintendo GameCube components designed by Greg Rutkowski.
0.27574253,0.44714227,0.246719913482666,train/00181926.jpg,"A futuristic military installation with sleek, menacing design, glowing lighting, and neon signs, set against a space background near a ringed gas giant."
0.38729352,0.9627676,0.2856899833679199,train/00181930.jpg,A girl with long black hair wearing a burgundy snake skin bodysuit stands in a sunny hills biome.
0.83821857,0.26428366,0.28925386428833005,train/00181958.jpg,"A man, a woman and a child ride a motorbike together in front of a small building."
0.44804028,0.80889565,0.27241771697998046,train/00182031.jpg,"A three dimensional portrait of a woman inspired by data-driven art, with generative coding and particle waves emphasized by spirals."
0.35648,0.7764058,0.210545654296875,train/00182228.jpg,Symmetrical portrait of Harley Quinn with vibrant colors and dynamic lighting.
0.32052785,0.04047179,0.2774115753173828,train/00182303.jpg,a broken toilet is laying on the ground with other junk
0.22181912,0.49075648,0.23583972930908204,train/00182423.jpg,"An abstract digital watercolor painting with elements of Soviet realism, engraving, manga, and grunge."
0.46686146,0.6468482,0.26832046508789065,train/00182539.jpg,"Danny DeVito depicted as a D&D-style dwarf in a highly detailed painting by Gaston Bussiere, Craig Mullins, and J.C. Leyendecker."
0.18577343,0.38079938,0.25332361221313476,train/00182603.jpg,The image depicts a detailed fairy village with a magical atmosphere.
0.1483073,0.5803761,0.231815185546875,train/00182740.jpg,A man flying on a hovercraft in front of a Saturn sunset over a space colony.
0.2777824,0.38495794,0.28089996337890627,train/00182798.jpg,"A large reflective building with a square shape and a stem-like vial plate, featuring artwork by Peter Paul Rubens, Beeple, and Esao Andrews in a Dutch Golden Age style."
0.13314292,0.31951183,0.2862569046020508,train/00182957.jpg,A forest with a lake filled with pink butterflies and colorful fireflies.
0.81434834,0.25994426,0.27683851242065427,train/00183441.jpg,A motorcycle being held up slightly by its back tire.
0.31831747,0.9763457,0.26699516296386716,train/00183494.jpg,A woman wearing a plastic bag translucent outfit stands inside paper bags with a paper bag over her head on a busy street.
0.34179807,0.043584693,0.2643163871765137,train/00183746.jpg,A small toilet rests in a dark colored bathroom.
0.5336412,0.69165695,0.27803936004638674,train/00183766.jpg,"""Knights Templar in a futuristic space suit with cape, depicted in a painting by Gaston Bussiere."""
0.31863853,0.43017206,0.26287567138671875,train/00183790.jpg,An underwater fusion reactor with a microbe star cannon.
0.3211147,0.54854023,0.2581978988647461,train/00183835.jpg,A Tachikomi from Ghost in the Shell concept art on Artstation.
0.47996095,0.50344396,0.28757625579833984,train/00183913.jpg,A black and purple 3D torus logo resembling the style of Pixar.
0.65120006,0.52178526,0.2700371742248535,train/00183973.jpg,"The image is a detailed painting of a cheetah-wolf hybrid wearing a headdress of tribal peacock feathers and flowers, with long flowing fur blowing in the wind."
0.8012041,0.28345057,0.25980243682861326,train/00184057.jpg,A young man is riding a motorcycle on a country road.
0.80673,0.28498462,0.2655265617370606,train/00184058.jpg,A young man is riding a motorcycle on a country road.
0.37185195,0.05535275,0.26062610626220706,train/00184225.jpg,A white sink in a bathroom next to a toilet.
0.49586254,0.15366414,0.24838701248168946,train/00184228.jpg,a small kitchen with a island table and wooden chairs
0.47212958,0.14606069,0.2656289291381836,train/00184390.jpg,An empty kitchen with empty dark wooden cabinets.
0.4361771,0.82943374,0.2775877380371094,train/00184421.jpg,"Portrait of cyberpunk Megan Fox in a glamor pose, surrounded by intricate and elegant glowing lights, in a highly detailed digital painting style."
0.35566255,0.87812126,0.24191627502441407,train/00184428.jpg,"A young female warrior in light armor stands on a battlefield in a haunted forest, styled after Luis Royo."
0.61072564,0.84189504,0.28706520080566406,train/00184461.jpg,An illustration of a female cyborg giving a red apple to a broken cyborg in a futuristic medical bay with cables.
0.20143291,0.32663497,0.2881079864501953,train/00184505.jpg,"The image shows a tall castle surrounded by wooden churches and log houses, all in Slavic architecture, with a gray sky as background."
0.4917861,0.5765561,0.2742128753662109,train/00184986.jpg,"A hyperrealistic mixed media image of the monster from John Carpenter's ""The Thing"" with perfect symmetry and highly detailed attributes."
0.49694455,0.6962445,0.268613224029541,train/00184994.jpg,"The image depicts a young man in 16th century clothing with a sly expression, created through digital painting as concept art for D&D and fantasy themes."
0.6413879,0.74270296,0.26508321762084963,train/00185015.jpg,"A retro biomechanical cyborg rat wearing a vintage death beath mask and tattered robe stands amidst giant orchid roses in a maximalist pastel color palette, depicted in clean cel shaded vector art."
0.21926561,0.4279283,0.24646574020385742,train/00185017.jpg,"Indoor gymnasium with gradins view, featuring rocky architecture and neon spotlights, depicted in a highly detailed digital painting on ArtStation as concept art."
0.74294525,0.34935164,0.29379371643066404,train/00185020.jpg,A motorcyclist riding down the street with a dog in a basket.
0.7205207,0.6367467,0.29642898559570313,train/00185382.jpg,Eleven cosmonauts sitting by a river with a large cake while surrounded by retro-futuristic space graphics.
0.3443621,0.93662745,0.2614341926574707,train/00185400.jpg,"""A young girl in black military crusader maid attire with long blonde hair and delicate features poses in a full body symmetrical action shot."""
0.8208656,0.29688218,0.29301977157592773,train/00185436.jpg,A guy on a bike is looking out from behind a wall.
0.23428449,0.40411708,0.26699119567871094,train/00185479.jpg,"Monaco street view illustrated in digital painting style by artgerm, Rutkowski and Mucha."
0.16704822,0.62830955,0.22433591842651368,train/00185704.jpg,The last supper in the style of xkcd.
0.14121109,0.3472211,0.27047603607177734,train/00185769.jpg,"The image depicts a forest and meadow at dawn with a magical or fantasy element, resembling the style of Magic: The Gathering artwork."
0.34394267,0.04609356,0.2678103446960449,train/00185800.jpg,A white toilet sitting in a bathroom under a framed picture.
0.67470753,0.7174589,0.2866745376586914,train/00185834.jpg,Cartoon grandpa taking a photo of a baby girl.
0.82552403,0.24564478,0.293337345123291,train/00185926.jpg,a motorcycle gang riding together going on a journey 
0.5617911,0.2312565,0.24521875381469727,train/00185939.jpg,A woman stands in the kitchen with an apron.
0.587524,0.66336197,0.2844071769714355,train/00185987.jpg,A gothic knight wearing intricate etched armor stands astride a gate in a full-color charcoal art piece.
0.25355443,0.55634624,0.2496257972717285,train/00186061.jpg,Lisa Frank and Greg Hildebrandt collaborated on an image.
0.6161022,0.71450347,0.2729598808288574,train/00186391.jpg,"A sculpture of a young, half-android Spanish prince with a glowing blue battery in his chest, white laser beam eyes, and diamond crown, surrounded by neon-colored fabric and raptors in a cyberpunk and baroque style."
0.6429802,0.3510712,0.29512855529785154,train/00186418.jpg,A cat standing on a toilet with an open lid.
0.44067234,0.77598053,0.275606689453125,train/00186442.jpg,The image depicts a highly-detailed digital painting of Alison Brie.
0.2508946,0.6854903,0.21903278350830077,train/00186460.jpg,Slenderman captured on CCTV.
0.40152657,0.6615764,0.23290908813476563,train/00186636.jpg,"The image depicts a retro biomechanical cyborg rat wearing a vintage death beath mask and an infested tattered robe, surrounded by giant orchid roses in a maximalist pastel color palette, and rendered in clean cel shaded vector art."
0.3266036,0.47000733,0.27995637893676756,train/00186647.jpg,"An ancient spellbook glowing with intricate, elegant details."
0.43556714,0.0659472,0.26527708053588867,train/00186874.jpg,"A room with a mirror, sink, cabinets and towels."
0.5565333,0.5849612,0.27623037338256834,train/00186893.jpg,Boba Fett riding a Bantha on a movie poster.
0.84111696,0.2732345,0.29997613906860354,train/00186947.jpg,Two people standing beside a motorcycle are kissing.
0.47722578,0.8688126,0.28463722229003907,train/00187062.jpg,A golden marble princess with a beautiful face in front of a psychedelic background.
0.8341117,0.28808278,0.29435556411743163,train/00187083.jpg,Motorcyclist on a white and blue bike making a turn.
0.33432955,0.41282913,0.2710073852539063,train/00187334.jpg,A close-up of a magical potion sitting on a table.
0.6345752,0.2641461,0.2624153518676758,train/00187700.jpg,A group of people sitting at tables next to each other.
0.39370242,0.407105,0.28278005599975586,train/00187726.jpg,"An exploded drawing of a fungus skeleton sculpture with jellybeans and organs, including a kidney, by various artists, displayed in an empty black studio."
0.50542414,0.8540015,0.276951847076416,train/00187841.jpg,"Portrait of a woman wearing a black mask and sweater, with spiky hair and heavy eye shadow, painted by Norman Rockwell."
0.27897024,0.42319885,0.27851871490478514,train/00187950.jpg,An underground lab mainframe with futuristic technology.
0.44489768,0.08254537,0.2683502960205078,train/00187964.jpg,Bathroom vanity with double sinks and large mirrors.
0.44649038,0.6291412,0.26706527709960937,train/00187987.jpg,A clipart-style marker drawing depicting a not-so-bright person.
0.8357467,0.19467516,0.294340877532959,train/00188027.jpg,a black motorcycle parked next to a sidewalk 
0.20973854,0.53113097,0.2437801742553711,train/00188127.jpg,"An abstract sculpture with dramatic lighting and deep shadows, titled ""Rhizomuse."""
0.31544852,0.6380541,0.22075347900390624,train/00188136.jpg,The image features Shrek with LGBTQ+ pride colors.
0.6616378,0.4909044,0.30459272384643554,train/00188189.jpg,A drawing of a Shiba Inu dog wearing an American M2 helmet.
0.54217505,0.70817274,0.27145708084106446,train/00188295.jpg,Skull with turban and cyberpunk clothes designed by Yoji Shinkawa for Bladerunner 2049.
0.4249492,0.2377361,0.27971017837524415,train/00188406.jpg,a bloody banana with a clamp attached making it ooze red juices
0.29001787,0.85808617,0.23595497131347656,train/00188608.jpg,A beautiful anime soldier stands in front of a futuristic cyborg repair shop as a military helicopter flies overhead in a rainy cyberpunk Tokyo street.
0.3831737,0.41750458,0.285793342590332,train/00188658.jpg,A 1960s award-winning portrait of a blueberry cupcake in a New York confiserie with intricate details and vivid colors.
0.30735567,0.4517956,0.25703615188598633,train/00188933.jpg,"A digital painting of a 1950s Citroen 2CV with intricate and elegant details, created by Artgerm, Greg Rutkowski, and Alphonse Mucha on Artstation."
0.58429825,0.43046048,0.24601470947265625,train/00189384.jpg,"The image is a digital art portrait of a cat in a spacesuit, with a surreal background."
0.23152581,0.97808206,0.26417762756347657,train/00189394.jpg,"A surreal photograph featuring a girl with giant daisy flowers as a head walking in a wheat field under moonlight with star trails and dramatic light, reminiscent of an impressionist or digital painting, by Simon Stalenhag."
0.51621896,0.6817936,0.26949777603149416,train/00189598.jpg,A painting of an executioner with an axe in an ancient temple by various fantasy artists.
0.58737665,0.72038776,0.28180667877197263,train/00189634.jpg,A portrait photo of four Star Wars characters with cinematic lighting and digital coloring.
0.26046124,0.54884887,0.26317266464233396,train/00189659.jpg,"Painting featuring the works of Darrel K Sweet, Michael Garmash, and the Hildebrandt Brothers."
0.42780566,0.8777518,0.2846289253234863,train/00189671.jpg,"An anime girl is consumed by an industrial spiral of gears and lights, her upper body and face captured beautifully in a brutal illustration."
0.46565428,0.9211947,0.2792722511291504,train/00189722.jpg,The image features Batgirl on a city rooftop with symmetrical eyes.
0.46437162,0.5496407,0.25547271728515625,train/00189875.jpg,Image of a human-ant hybrid in a jungle environment.
0.84408253,0.38654965,0.2752379417419434,train/00189885.jpg,The bright yellow plane is decorated with images of Pokemon.
0.46861997,0.69874924,0.24857011795043946,train/00190096.jpg,A digital portrait of a steampunk elf gentleman.
0.29938814,0.45875847,0.2535020637512207,train/00190433.jpg,A Plymouth Cuda featured in the anime Initial D as a still frame.
0.82508004,0.2864287,0.2840620803833008,train/00190443.jpg,A person riding a motor bike beside advertisements on a wall.
0.2911805,0.03405149,0.2824285125732422,train/00190560.jpg,A for of four urinals mounted to a wall.
0.6806721,0.5050416,0.29551469802856445,train/00190626.jpg,A miniature resin man with a mustache holds a fluffy tabby cat.
0.47213525,0.7897752,0.2818892288208008,train/00190734.jpg,"A cybernetic mutant woman with sharp fangs depicted in a Neo-Gothic style, with artwork contributed by various prominent artists including Ayami Kojima and Mark Brooks."
0.23765892,0.9757296,0.2677465057373047,train/00190906.jpg,Girl standing in a flower field with a daisy for her head.
0.6216467,0.5793168,0.28776872634887696,train/00190937.jpg,An anthro lizard in battle clothing with a scarf standing on two legs in an apocalyptic setting.
0.2992994,0.076721184,0.26343589782714844,train/00191327.jpg,A wooden outhouse sitting in the grass near trees.
0.81784546,0.36389095,0.2836145782470703,train/00191581.jpg,three people play baseball with a bat and glove
0.48819414,0.624616,0.2574941825866699,train/00191757.jpg,An alien with a bifurcated jaw and pincer is depicted as a Titanfall pilot in a cyberpunk conceptual art piece by Greg Rutkowski.
0.6100394,0.59735227,0.2739960479736328,train/00191794.jpg,"""Artificial intelligence robot holding a 'dream' sign."""
0.3466803,0.058542885,0.24467382431030274,train/00191844.jpg,A toilet is on a tile floor in a bathroom.
0.372486,0.89913565,0.261220760345459,train/00191884.jpg,An anime featuring a girl dreaming in a grand blue ocean setting.
0.15548486,0.5075578,0.2196388626098633,train/00191928.jpg,A giant tardigrade in a river.
0.4388103,0.23319267,0.2676485824584961,train/00192080.jpg,A cut in half sandwich sitting on top of a table next to a foam container.
0.43925244,0.22670576,0.26978174209594724,train/00192158.jpg,A halved sandwich sits on a antique plate. 
0.22152339,0.49510765,0.23826255798339843,train/00192173.jpg,A screenshot from the lost Star Wars film directed by Alejandro Jodorowsky featuring a bizarre set design with extreme detail.
0.34439585,0.34557518,0.266942138671875,train/00192238.jpg,"The image features a group of rat wizards in a large library filled with bookshelves, wooden furniture, and various types of ambient lighting."
0.40938964,0.8083699,0.25826650619506836,train/00192266.jpg,"Portrait of Alexandra Daddario in Gothic style, set in a Cyberpunk world with a Warhammer aesthetic, illustrated by Gustav Klimt on Artstation."
0.46358266,0.67392284,0.2700966262817383,train/00192366.jpg,"The image is a close-up illustration of Aztec people in charcoal on sketchbook pages by Jordan Grimmer and Greg Rutkowski, intricately and beautifully detailed."
0.4246315,0.72481054,0.2410808753967285,train/00192368.jpg,"Golden-plated warrior holding a halberd, depicted in a Dungeons and Dragons illustration by artists Boris Vallejo, Jeff Easley, and Dan Mumford."
0.55577034,0.71510184,0.27039575576782227,train/00192369.jpg,"Golden-plated warrior holding a halberd, depicted in a Dungeons and Dragons illustration by artists Boris Vallejo, Jeff Easley, and Dan Mumford."
0.59837013,0.5468684,0.28454505920410156,train/00192655.jpg,"A portrait of a cybernetic chicken with bionic implants, wires, and biomechanical details."
0.5104243,0.5190854,0.2698521041870117,train/00192674.jpg,The image features a demonic crow wearing a devilry costume against a desert oasis backdrop.
0.3944522,0.07423645,0.24231830596923828,train/00192879.jpg,The bathroom is clean and ready to use. 
0.3523928,0.77557653,0.21413885116577147,train/00192932.jpg,Image of Elsa from Disney's Frozen in the artistic style of Aroma Sensei.
0.502906,0.793615,0.2772223091125488,train/00192935.jpg,Image of Elsa from Disney's Frozen in the artistic style of Aroma Sensei.
0.22155485,0.50668603,0.2409738540649414,train/00193026.jpg,"The image features a screenshot of Mount Epic Books showcasing various fantasy-themed artwork, including World of Warcraft mounts, Worldboss comics with a Borderlands style by Jesper Ejsing, and pieces by Rhads, Makoto Shinkai, Alena Aenami, Beeple, and Thomas Kinkade, as well as references to Heartstone, League of Legends, Dofus, and Overwatch."
0.42663443,0.07108932,0.2559571838378906,train/00193046.jpg,"A long marble like bath room vanity with a stool, two sink basins with mirrors and lights over them"
0.39005145,0.57392186,0.23342586517333985,train/00193073.jpg,"Portrait of a crocodile bear hybrid chimera, natural geographic wildlife concept art."
0.64340377,0.3823262,0.2817899513244629,train/00193139.jpg,An urban garage door painted with a cat riding a bicycle.
0.6158095,0.45811146,0.26603408813476564,train/00193211.jpg,"The image depicts a photorealistic, highly detailed, cat-like face and torso against a hellfire background, created by various artists and showcased on ArtStation."
0.23280293,0.40613702,0.2695869827270508,train/00193342.jpg,A post apocalyptic city street in the style of a Moebius drawing.
0.6499817,0.48298448,0.286600284576416,train/00193347.jpg,Two scottish fold cat beast-men in military-style attire depicted in concept art.
0.6638167,0.6236115,0.28533086776733396,train/00193358.jpg,"A small Santa Claus sitting on a larger Santa's knee, illustrated by Artgerm."
0.5982692,0.65057105,0.2885630989074707,train/00193409.jpg,An art icon of a man in an Australian hat using binoculars and looking directly at the camera.
0.30829954,0.4279323,0.26573705673217773,train/00193490.jpg,"A futuristic robotic machine is seen making a bio-chemical lab, with attention to detail and vibrant colors in this sci-fi concept artwork by Greg Rutkowski, Artgerm, and Alphonse Mucha."
0.617174,0.49299732,0.2660003662109375,train/00193741.jpg,A little girl wearing a fox mask is depicted in an oil painting by Victo Ngai.
0.56354827,0.2481495,0.2688606643676758,train/00193787.jpg,A woman is posing for the camera in front of the fridge. 
0.4431748,0.5968619,0.2613563537597656,train/00193799.jpg,Dionysus partying at a rave.
0.6479808,0.4367925,0.2983437156677246,train/00193857.jpg,A cat wearing a Superman costume in a digital illustration.
0.26646724,0.52520394,0.24614080429077148,train/00194006.jpg,"God creates light, separating it from darkness, and calls the light day and the darkness night."
0.2300766,0.42167476,0.2493974494934082,train/00194097.jpg,An image depicting a fantasy world with elements of spiritual alchemy and intricate architecture.
0.6638069,0.45720524,0.2936699676513672,train/00194134.jpg,A dog dressed in a business suit smoking a cigar.
0.22239442,0.57219464,0.24196950912475587,train/00194310.jpg,The image depicts the two complementary forces of life.
0.45384312,0.12012006,0.25844612121582033,train/00194337.jpg,A roof with a white air conditioner on top of it.
0.7950885,0.21444614,0.2547836685180664,train/00194364.jpg,Five dirt bikes are in the garage before the race begins.
0.6035547,0.5593247,0.2683966064453125,train/00194505.jpg,"The image features a bird with a focused head surrounded by ornamental flowers and plants in a highly-detailed digital painting style, showcasing intricate and elegant fantasy elements."
0.5263771,0.43159676,0.2110007858276367,train/00194808.jpg,"An anthropomorphic deer fursona by Don Bluth, depicted in a full-body illustration by Kawacy and trending on Artstation."
0.71643835,0.29846397,0.28493797302246093,train/00194904.jpg,a few guys sit next to each other on a bench 
0.6052042,0.8141648,0.2743893241882324,train/00195151.jpg,A damaged cyborg warrior priestess is being repaired by a beautiful medical nurse cyborg in a futuristic Japanese Military medical bay.
0.2820008,0.50045276,0.2582122039794922,train/00195161.jpg,"A psychedelic interpretation of The Great Wave off Kanagawa by GMUNK, Pi-Slices, and Kidmograph."
0.65728444,0.3803856,0.27997043609619143,train/00195166.jpg,The puppy is eating from a metallic bowl. 
0.4878418,0.64462805,0.2859952163696289,train/00195614.jpg,An oil painting of Timothee Chalamet as a muscular cosmic god.
0.34422582,0.56082964,0.2548037528991699,train/00195773.jpg,Detailed ninja sword.
0.3984724,0.41800308,0.2901737594604492,train/00195894.jpg,A giant mechanical crab in the midst of a war-torn city under a blue moon.
0.5810176,0.60824406,0.2862991714477539,train/00196181.jpg,A cyberpunk lion with cyborg implants in a pop art style portrait.
0.46168402,0.47776577,0.2475917625427246,train/00196392.jpg,"A chrome mechabot dinosaur sculpture made from cables, wires, and tubes in an empty studio."
0.41189167,0.951307,0.3025243949890137,train/00196543.jpg,A cute anime kitsune in a magical girl dress holding a glowing star in an enchanted forest.
0.47359502,0.7975434,0.2627775382995605,train/00196731.jpg,"Concept art painting featuring a kaleidoscope Art Deco pattern of blonde faces, goddesses, and amalmation flowers with exquisite detail by Hsiao-Ron Cheng."
0.9282332,0.4044662,0.251677417755127,train/00196732.jpg,The runway has a few airplanes on it.
0.5263735,0.70771533,0.2718052864074707,train/00196986.jpg,"Man in dark hooded robes, character concept portrait by Greg Rukowtski."
0.4204686,0.8285283,0.25143850326538086,train/00197024.jpg,A futuristic biomechanical humanoid woman wearing a unique cyberpunk-inspired haute couture headdress with intricate lace and floral-inspired details.
0.5988613,0.4381958,0.24943891525268555,train/00197136.jpg,A kitten knight clad in armor walks through a windswept field in an epic fantasy world.
0.464473,0.6730602,0.2561745071411133,train/00197306.jpg,Baron Harkonnen in a laboratory on Guidi Prime in a painting from the Dune movie.
0.53119606,0.5703394,0.27998134613037107,train/00197403.jpg,Geometric abstract with a small doodle face on the right side.
0.3127889,0.8641267,0.24830787658691406,train/00197794.jpg,"A young girl walks alongside a large, intimidating alien in apocalyptic desert nomad clothing under the full moon."
0.3503797,0.72412133,0.22070959091186523,train/00197820.jpg,A pregnant female Mandalorian depicted in concept art.
0.52703017,0.79972494,0.27744049072265625,train/00197821.jpg,A pregnant female Mandalorian depicted in concept art.
0.6039655,0.7306854,0.2566452407836914,train/00197965.jpg,A man in white futuristic armor holds a katana in a top view shot.
0.46534848,0.6262632,0.27022686004638674,train/00197997.jpg,An expressive portrait of Frankenstein's Monster by Gustave Dore with candlelight.
0.44063184,0.16283996,0.2787672233581543,train/00198119.jpg,A large metal spoon sitting on top of a cup.
0.42031905,0.21602434,0.28642242431640624,train/00198202.jpg,A lamp that is on sitting on a table.
0.16408275,0.42969468,0.2110980796813965,train/00198212.jpg,A creepy cinematic shot of a mysterious and abandoned city street.
0.22565162,0.41995665,0.24419116973876953,train/00198231.jpg,"A cyberpunk skyline with towering megastructures and beams of light, reminiscent of Akira."
0.6538105,0.35982534,0.29295392990112307,train/00198462.jpg,A cat working on a computer.
0.3990105,0.80999887,0.24612232208251952,train/00198776.jpg,"Portrait of a woman in a superhero costume, posed heroically, in a highly detailed digital painting by Stanley Lau."
0.4162115,0.9415787,0.2936828994750977,train/00198786.jpg,An anime girl is eating a hamburger.
0.73386335,0.16565135,0.28246482849121096,train/00198810.jpg,A very nice looking old style van on the road.
0.6049494,0.7650307,0.26566835403442385,train/00198894.jpg,"A cyberpunk street racer stands next to a red Lan Evo X, FRS GTR R35, S15, and NSX in a scene from Bladerunner 2049."
0.4971683,0.5638201,0.2656893348693848,train/00199001.jpg,Portrait photograph of a cucumber with a screaming face.
0.72563016,0.32148734,0.2898476028442383,train/00199034.jpg,Person holding a blue and white umbrella standing in front of a water fountain. 
0.5353283,0.66816294,0.28275997161865235,train/00199277.jpg,"A portrait painting of a bounty hunter in combat armour and visor, with a science fiction theme and intricate baroque elements."
0.45408386,0.596801,0.2672346878051758,train/00199295.jpg,George Bush painting a picture of Iraq invasion.
0.5834187,0.25900134,0.28131099700927736,train/00199306.jpg,some women are standing together by a desk
0.50004035,0.72657615,0.2602328109741211,train/00199449.jpg,"Portrait of Eldritch God in neon forest, digital art from artstation."
0.17753416,0.3638007,0.2647650146484375,train/00199826.jpg,"A lowpoly digital art image of a northern sunset with rocks, a blurred monochromatic lake in the middle ground, foggy mountains in the background, and graphic reindeer scattered throughout."
0.41054544,0.741684,0.2360356330871582,train/00199848.jpg,"A father and his toddler daughter are depicted in digital illustration with full color, in the style of popular artists, Don Bluth and Artgerm."
0.49047208,0.78564256,0.2701333808898926,train/00200047.jpg,Katniss Everdeen dressed as a Jedi.
0.51865923,0.58624774,0.27030345916748044,train/00200081.jpg,An astronaut encounters a menacing xenomorph in a dramatic angle shot reminiscent of the movie Alien.
0.8290469,0.2967495,0.2914104461669922,train/00200359.jpg,A man in a leather riding suit poses by a BMW motorcycle.
0.8284662,0.26350683,0.2833057403564453,train/00200428.jpg,Men riding on motorcycles with their helmets on through a park. 
0.4082218,0.628918,0.2568148994445801,train/00200499.jpg,"A portrait of an elegant elemental entity with vivid colors and high contrast, painted digitally by Castagnet, Mohrbacher, and Mumford."
0.3929012,0.7839125,0.2375282859802246,train/00200524.jpg,"An acrylic portrait painting of an alien priestess by Rutkowski, Artgerm, and Beksinski, featuring an epic fantasy art style and observes the golden ratio."
0.42621583,0.78463364,0.2638691902160645,train/00200527.jpg,"An acrylic portrait painting of an alien priestess by Rutkowski, Artgerm, and Beksinski, featuring an epic fantasy art style and observes the golden ratio."
0.25040802,0.52792096,0.25167543411254883,train/00200625.jpg,"The image is of a Vladimir Kush painting reminiscent of Salvador Dali's style, popular on ArtStation and DeviantArt."
0.48252746,0.61532307,0.2709940338134766,train/00200641.jpg,Bob Ross in a boxing ring.
0.2883616,0.498218,0.2577303123474121,train/00200773.jpg,"The image depicts a geometric square with symmetrical cell shading, created using airbrush on canvas by Shusei Nagaoka and David Rudnick."
0.438949,0.7574422,0.25252840042114255,train/00200913.jpg,"The image depicts Aqua from Konosuba wearing a jacket and features intricate, highly detailed digital painting with advanced anime art techniques by artists Wlop, Ilya Kuvshinov, and Krenz Cushart."
0.966291,0.42947227,0.23895540237426757,train/00201094.jpg,An airplane flying in the sky with smoke coming out of it. 
0.32042867,0.30660093,0.27570438385009766,train/00201113.jpg,"An M.C. Escher-designed garden with a pink rock shaped like a rabbit, featuring yellow, green, and red colors amidst a snowy landscape and colorized by Salvador Dali."
0.37431237,0.7018531,0.21213874816894532,train/00201296.jpg,"A portrait of Saul Goodman as the Joker, featuring the character's distinctive makeup and costume, created by visual artists Makoto Shinkai, Peter Elson, and Bernie Wrightson."
0.29649854,0.51809865,0.27250152587890625,train/00201309.jpg,An hourglass painted in the style of van Gogh.
0.21685654,0.4652243,0.231832332611084,train/00201352.jpg,The image features a matte painting of Venus created by Chris Foss.
0.22138132,0.40033567,0.27254661560058596,train/00201381.jpg,Hyper realistic matte painting of the legendary ancient world of Shangrila.
0.29979953,0.523294,0.25354900360107424,train/00201403.jpg,Introducing the Chocolate Starfish and the Hot Dog Flavored Water with heavy guitar riffs.
0.75968194,0.41307476,0.2726219940185547,train/00201422.jpg,People watching a dog chase and herd sheep
0.49852142,0.6921669,0.26532999038696287,train/00201639.jpg,"A portrait painting of Vegeta in a Batman-inspired style with bold shapes and hard edges, painted organically with palette knife and brush strokes, presented in a medium shot asymmetrical profile picture, with vivid colors reminiscent of French Impressionism, given a street-art feel, and captured in a sunny outdoor setting."
0.6808731,0.603699,0.2921623229980469,train/00201702.jpg,"Mario standing on a sidewalk in a red shirt and blue overalls, holding a question mark block next to a green pipe."
0.22686577,0.41027036,0.26061080932617187,train/00201713.jpg,A knight and the pied piper walk through a surreal gateway into a frightening Bryce 3d landscape.
0.3868337,0.91795254,0.27239519119262695,train/00201747.jpg,A Black woman in dress and heels gazes at a futuristic city.
0.19454622,0.46530348,0.23678394317626952,train/00201836.jpg,"The image is a collaboration of various artists featuring a volcano, presented on the online platform ArtStation."
0.37698373,0.7589151,0.2313604736328125,train/00202104.jpg,A bearded father and toddler girl illustrated in a vibrant and whimsical art style.
0.4008744,0.4062555,0.2996854782104492,train/00202373.jpg,"A giant grey mechanical crab battles among the ruins of a city, with a large moon overhead and smoke in the air."
0.3559948,0.34610054,0.294992561340332,train/00202399.jpg,"image of broken robots on a beach surrounded by coconuts, showcasing green technology and optimism for the future."
0.16063252,0.49896014,0.22631605148315428,train/00202448.jpg,"A collage-style image featuring a theater stage with a 1956 poster, nautical maps, NY style graffiti, and arctic fish, reminiscent of Monty Python, composed by Terry Gilliam and written by H.P. Lovecraft."
0.3278388,0.85807455,0.2509926795959473,train/00202472.jpg,"A young girl in a red jumpsuit stands at the edge of a medieval tower in a highly detailed and intricate piece of artwork by Aleksi Briclot, Mandy Jurgens, and Rutkowski featured on Artstation."
0.5508751,0.56072515,0.2809661102294922,train/00202571.jpg,"The image depicts an anthropomorphic cowboy snake oil salesman mascot named Uncle Aloysius, with big eyes, twirly moustache, and bull horns on a piston pump of an oil rig."
0.82720095,0.22345354,0.28015071868896485,train/00202710.jpg,Police motorcycles parked while police is gather together. 
0.40271255,0.76985615,0.2482150650024414,train/00202736.jpg,"A portrait of the Slavic goddess Morana, associated with seasonal rites of death and rebirth in nature, in the art style of Finnian MacManus, John Park, and Greg Rutkowski."
0.47759584,0.6737633,0.27048465728759763,train/00202742.jpg,"Close-up of Cad Bane, with bad flash."
0.40778026,0.7836423,0.2491963577270508,train/00202754.jpg,"The image depicts a female demoness in elegant robes, with intricate details and digital painting techniques, created by Artgerm, Greg Rutkowski, and inspired by Alphonse Mucha's art style for fantasy and D&D concept art."
0.20209268,0.41390312,0.25777626037597656,train/00202862.jpg,A sandy landscape inspired by Giorgio de Chirico.
0.16080004,0.3501438,0.26112937927246094,train/00202975.jpg,A castle in a foggy forest at dawn.
0.36653084,0.191014,0.2600796890258789,train/00203003.jpg,A unique bookshelf is pictured that contains a lot of pots.
0.4294148,0.78999007,0.25985902786254883,train/00203061.jpg,"Lady Liberty portrait with radiant halo of light, surrounded by fireworks and celestial elements, created by various artists including Artgerm, Wlop, Ross Tran, Tom Whalen, and Peter Mohrbacher."
0.31383067,0.6147519,0.2493375778198242,train/00203130.jpg,"The image features an eyeless watcher in front of golden age seraph bunkers, with art by Leonora Carrington and Alexander Jansson."
0.37029913,0.38869643,0.2689851188659668,train/00203145.jpg,A robotic surgical arm is creating iridescent squid embryo ceramic forms in a laboratory control panel room.
0.5454636,0.6700483,0.2761922264099121,train/00203269.jpg,"A highly detailed oil painting of an apocalyptic scifi orcish biker character in futuristic punk rock fashion, wearing a leather jacket and depicted in psychedelic vibrant colors."
0.40923667,0.7834797,0.24581697463989258,train/00203340.jpg,A portrait of a goth angel with mechanical wings in a cyberpunk style.
0.4409444,0.80742615,0.28140539169311524,train/00203567.jpg,Portrait of a cyborg woman by Artgerm with biomechanical elements.
0.38022038,0.043413784,0.26871788024902343,train/00203782.jpg,"A toilet, sink and shower in a white bathroom."
0.116917565,0.6310428,0.21337226867675782,train/00203888.jpg,"A futuristic Microsoft retail interior featuring phones, tablets, robots, and mannequins designed by Ruan Jia, Liam Wong, and Stanley Artgerm."
0.7520336,0.31638157,0.2888874626159668,train/00204003.jpg,black and white image of a person crossing a street holding flowers
0.8411235,0.18205479,0.29664045333862304,train/00204133.jpg,A blue bike parked next to a tree in a planter.
0.49272108,0.74710345,0.24245334625244142,train/00204221.jpg,"A portrait of a cellist playing in rubble in a cyberpunk city, with beautiful lighting and concept art style."
0.45262608,0.6744684,0.2526371765136719,train/00204317.jpg,A digital illustrated portrait of Clark Gable with a dark and intricate style.
0.8016794,0.23814996,0.27679039001464845,train/00204390.jpg,A city street with lots of bicyclist and pedestrians. 
0.43481347,0.16275115,0.2455666732788086,train/00204508.jpg,A empty living room with hard wood flooring.
0.317826,0.99174696,0.29144796371459963,train/00204567.jpg,A woman wearing a paper bag on her head wields a sword in response to information overload from Facebook.
0.6729358,0.70305943,0.2736063575744629,train/00204719.jpg,"A male android modeled after football player JJ Watt, showcasing a shiny, half-robotic body in a statue-like pose with a blank expression."
0.2522192,0.47669995,0.2547321319580078,train/00204882.jpg,C4d redshift octane scene from Guardians of the Galaxy and Pacific Rim.
0.74567044,0.1711224,0.27664968490600583,train/00205025.jpg,"An antique, turquoise car is parked at the curb"
0.4711151,0.60958284,0.26790311813354495,train/00205061.jpg,Ghibli Studio concept art of a badass sumo character with intricate details.
0.82235307,0.28619,0.28625404357910156,train/00205107.jpg,A person sitting on a motorcycle in a room.
0.44252527,0.6554504,0.2677183151245117,train/00205137.jpg,Jesus as a League of Legends character depicted in digital art by Riot Games.
0.16779083,0.6782402,0.1901620101928711,train/00205210.jpg,A still of Scarlet Witch featured in the No Man's Sky game.
0.5896134,0.5783096,0.3000181579589844,train/00205217.jpg,A hyperrealistic mixed media painting of SpongeBob SquarePants with perfect symmetry and dim lighting.
0.47260386,0.73719156,0.26226154327392576,train/00205393.jpg,Zavala character in Fortnite game.
0.41547364,0.7191442,0.24407669067382812,train/00205395.jpg,Zavala character in Fortnite game.
0.22769858,0.50755996,0.23627571105957032,train/00205458.jpg,A beautiful and intricate vertical digital painting with a grunge style and abstract art influences.
0.22570014,0.4115038,0.26248338699340823,train/00205533.jpg,A digital painting of a soccer stadium depicted in the art nouveau style.
0.4012061,0.54315543,0.2535323715209961,train/00205568.jpg,A cartoon creature is devouring a family in an intricate and interesting comic strip illustration.
0.5446707,0.592366,0.2845800590515137,train/00205785.jpg,"A figurine of Doomguy from the game series Doom, designed in the style of a Nendoroid."
0.62703943,0.5345389,0.29891410827636716,train/00205811.jpg,Photo of a chicken in a prisoner costume.
0.34435242,0.49462137,0.2721531295776367,train/00205858.jpg,"Image: God Wars Dungeon 

Description: An artwork depicting the God Wars Dungeon."
0.3482355,0.84411067,0.23595205307006836,train/00205860.jpg,A hot girl with a psychedelic background that is intricate and neon.
0.49373752,0.675249,0.2736980628967285,train/00205909.jpg,"The image is a highly detailed digital portrait of an Aztec lich, depicted as a fantasy character in concept art."
0.47753948,0.6011419,0.27019750595092773,train/00206095.jpg,A new anime character based on the game Gacha Club.
0.38787547,0.056088705,0.2629004669189453,train/00206119.jpg,"A bathroom with a toilet, a sink and a mirror."
0.4136899,0.9330703,0.29648197174072266,train/00206157.jpg,A goth anime girl with green eyes and cat ears is smoking a cigarette.
0.7673768,0.31906733,0.2932659339904785,train/00206290.jpg,A group of people watch a dog ride a motorcycle. 
0.24360067,0.58903056,0.2384526824951172,train/00206303.jpg,World of Warcraft splash art from DeviantArt.
0.6695798,0.5074054,0.2939103317260742,train/00206370.jpg,"A golden retriever wearing sunglasses and armor, carrying a sword in Victorian London."
0.18992661,0.5696788,0.21910720825195312,train/00206400.jpg,Disney Concept Artists' interpretation of finding the way home using blunt borders and the golden ratio.
0.21704356,0.41813666,0.245908203125,train/00206419.jpg,A highly detailed oil painting featuring abandoned brutalist architecture and empty streetscapes with a cyberpunk color palette and dramatic lighting.
0.38455603,0.17886908,0.2847688865661621,train/00206454.jpg,A room with red high heels on the floor and red ties dangling from the ceiling.
0.22077578,0.3853955,0.2749241065979004,train/00206505.jpg,An infinitely long playground slide in the dark.
0.23243892,0.9758111,0.2617076873779297,train/00206530.jpg,Girl floating in a flower field with large flower head and colorful clouds in a surreal and impressionist scene.
0.45610988,0.4950217,0.24536149978637695,train/00206648.jpg,"The image is of an anthropomorphic cowboy snake mascot logo known as Uncle Aloysius, who is a snake oil salesman."
0.43869102,0.6141155,0.2603691291809082,train/00206678.jpg,Stephen Hawking in an Iron Man suit (Mark 85).
0.5955442,0.61540174,0.28222692489624024,train/00207086.jpg,An orc bartender serving drinks.
0.63028795,0.5995462,0.2938570022583008,train/00207361.jpg,"A 3D skull with intricate gears in art deco style, featuring blue and gold colors."
0.81635755,0.34073338,0.274007625579834,train/00207497.jpg,A girl stepping onto a skateboard in the playground
0.40034643,0.7036411,0.22530006408691405,train/00207608.jpg,Portrait of Philip K. Dick with a Blade Runner style.
0.46385938,0.83781254,0.27294679641723635,train/00207643.jpg,A beautiful princess with fair skin wearing an ornate and detailed outfit.
0.52900815,0.66027564,0.27555830001831055,train/00207819.jpg,A portrait of a teen robot in a dystopian world.
0.47794437,0.22602735,0.24582731246948242,train/00207909.jpg,apples in buckets ready to be sold and other fruit
0.20363306,0.3573791,0.28424448013305664,train/00207991.jpg,A painting of a waterfall in a city by James Gilleard.
0.53941536,0.6842448,0.2741691207885742,train/00208171.jpg,"Portrait of a biomechanical alien robot buddha with flowing hair, intense stare, and sarcastic smile."
0.6218866,0.58160645,0.2872244071960449,train/00208246.jpg,A melting Pop Figure toy character in a Studio surrounded by flying particles.
0.70189637,0.29741567,0.2722686576843262,train/00208465.jpg,A black man is sitting on the sidewalk next to a television.
0.8216814,0.3467006,0.2745558929443359,train/00208496.jpg,A man with large headphones and a scarf is holding a skateboard. 
0.40613082,0.63133675,0.2537502670288086,train/00208678.jpg,Rocky Marciano portrayed in the style of the Sun-Ken-Rock manga.
0.3679901,0.28160724,0.27610513687133786,train/00208767.jpg,A group of ghosts are gathered in a room in an office building.
0.33529642,0.9566839,0.26804805755615235,train/00208785.jpg,"A young woman, dressed intricately, smiles in amazement amidst nature, surrounded by firefly lights in hyper-realistic art."
0.4892679,0.14871608,0.24185606002807616,train/00208881.jpg,a big stainless steel refrigerator a stove and a table and chars 
0.501397,0.59956664,0.2620939064025879,train/00208935.jpg,"A colossal marble statue of Shrigma, a mushroom deity with a godlike bodybuilder physique, left by the ancient Greeks."
0.67151684,0.37692267,0.29317623138427734,train/00209012.jpg,A woman hugs a gray cat to her chest.
0.5514992,0.43373597,0.2760137939453125,train/00209111.jpg,Huggy Wuggy sneaks through a medieval village at night.
0.32473785,0.060352206,0.2569003677368164,train/00209131.jpg,a couple of toilets in a public restroom
0.46018866,0.25187126,0.265509090423584,train/00209142.jpg,A bowl of fruit and cereal with some slices of fruit next to it
0.5551945,0.7410627,0.2585417366027832,train/00209217.jpg,silhouette of a cowboy bebop character in a desert landscape with a synthwave aesthetic.
0.48446745,0.65383065,0.27081785202026365,train/00209235.jpg,"The image features a full body portrait of Arnold Schwarzenegger, surrounded by chemical structures, atoms, and molecules, with a vivid and elegant hyper-realistic style and dramatic lighting by Brom."
0.47639227,0.1507698,0.2624853324890137,train/00209648.jpg,A lass fronted kitchen cupboard with books and china.
0.41709813,0.4323264,0.28310972213745117,train/00209701.jpg,"A detailed 3D metal key with dragon wings and a red diamond, intended for use in an RPG game's inventory system."
0.4728992,0.69218165,0.26470539093017575,train/00209749.jpg,"A young man dressed in 16th-century clothes with a sly expression, portrayed in detailed digital painting depicting fantasy and D&D characters by Artgerm, Greg Rutkowski, and Alphonse Mucha."
0.7008967,0.25303456,0.2936046409606934,train/00209754.jpg,two park benches in front of some hedges out side of a building
0.82263666,0.28818965,0.28964317321777344,train/00209758.jpg,Dirt bike rider driving through the trees along a path.
0.3299113,0.44409508,0.2652710342407227,train/00209769.jpg,"A steampunk Alfa Romeo Spider depicted in a highly detailed digital painting as concept art by artgerm, greg rutkowski, and Alphonse Mucha on Artstation."
0.14820628,0.6804857,0.20321727752685548,train/00209804.jpg,Image featuring Skylanders characters in action.
0.110886425,0.3784227,0.22705738067626954,train/00209856.jpg,A view of a tropical forest from an isometric perspective created using Unreal Engine.
0.77551323,0.32549912,0.2784414291381836,train/00210024.jpg,A woman on a bike with a baby seat holding a dog leash.
0.46022472,0.6787559,0.2623882675170898,train/00210036.jpg,A highly detailed digital painting of a gunslinger gentleman.
0.5636543,0.5090322,0.25832387924194333,train/00210071.jpg,"Cute animal crayon sculptures in color and shape focus, backlit."
0.4682742,0.64001065,0.27032596588134766,train/00210091.jpg,An oil painting of Mephisto from Faust with dark shadows and theatrical lighting.
0.23553455,0.9635987,0.24000177383422852,train/00210144.jpg,"A closeup of a girl with a yellow dahlia flower on her face standing on a mountain with blue storm clouds in the background, captured in a surreal and impressionistic style by artist Simon Stalenhag on ArtStation."
0.22563808,0.54038775,0.24955734252929687,train/00210186.jpg,"""An artwork depicting the interdependence of nature and human events by John Chamberlain, Ryoji Ikeda and Tadao Ando."""
0.2561037,0.58242387,0.25598731994628904,train/00210281.jpg,Footage of the Battle of Thermopylae depicting the bravery of soldiers fighting against tremendous odds.
0.6085816,0.30667454,0.2841055107116699,train/00210394.jpg,A child sitting at a table with a hot dog.
0.6170066,0.2897581,0.27435550689697263,train/00210449.jpg,A person sitting next to a toilet that is sitting on a sidewalk and filled with papers.
0.57252115,0.25468954,0.2732688522338867,train/00210636.jpg,A group of people standing over some food.
0.3357049,0.4864671,0.2712014389038086,train/00210661.jpg,"A hyper realistic charcoal flower with fire texture on the petals, illustrated by Greg Rutkowski, against a beautiful background with bokeh and volumetric lighting."
0.6889632,0.32328162,0.2864457893371582,train/00210739.jpg,A woman teaches a math class in a garden while purple butterflies fly around and children pay attention.
0.14097004,0.5331772,0.19767179489135742,train/00210774.jpg,"The image is a digital illustration of a kitchen set in The Last of Us Part 2 game, created by a team of artists and displayed on Artstation."
0.3153282,0.6810776,0.21367815017700195,train/00210808.jpg,"The image depicts a concept art of a monkey boy, displayed on Artstation."
0.4372163,0.07248273,0.2656947135925293,train/00210868.jpg,The large mirror has bright lighting behind it.
0.66170424,0.40745476,0.2840491485595703,train/00210916.jpg,A man with a badly disfigured face eating some food.
0.44911388,0.7776608,0.2748202133178711,train/00211007.jpg,A depiction of a Sun goddess in the style of James Jean.
0.3549597,0.049361672,0.26715368270874024,train/00211268.jpg,"A bathroom with a trashcan, toilet and tile floor."
0.5244258,0.6799843,0.26906341552734375,train/00211273.jpg,"A sketch of a man stuck inside a wall, with intricate details and a grand scale."
0.50657105,0.5810028,0.2877090644836426,train/00211306.jpg,A still image featuring the character Sully from the movie Monsters Inc.
0.71701866,0.19309479,0.24044975280761718,train/00211641.jpg,Several vehicles go around the bend on a busy road.
0.9337706,0.3902768,0.27299747467041013,train/00211730.jpg,a large plane is on a runway by the grass
0.3390018,0.06879601,0.24793045043945314,train/00211732.jpg,Three packs of bath tissue stacked on a toilet.
0.23523392,0.96874595,0.2591959762573242,train/00211757.jpg,"A girl stands on a mountain, with a giant dahlia flower covering her face, under surreal blue storm clouds, in an impressionist-style digital painting by Simon Stalenhag."
0.75204605,0.48850894,0.2909946060180664,train/00211777.jpg,Several giraffes that are walking in a field.
0.54440993,0.6692331,0.28480403900146484,train/00211853.jpg,"A half-masked laboratory engineer man with cybernetic enhancements, featuring dystopian scifi gear and mechanical implants."
0.2528911,0.46198958,0.24409618377685546,train/00211906.jpg,The image features a hybrid design of a McLaren MCL34 F1 car and a Ford Mustang in a concept art style with no background.
0.3140221,0.5224637,0.25787633895874024,train/00211962.jpg,Shadow figures dance in a glass painting by Gustave Dore.
0.470096,0.2332982,0.25419124603271487,train/00211987.jpg,A large pitcher of some beverage is on the table next to orange slices.
0.7078617,0.16794519,0.27535327911376956,train/00212035.jpg,City street at night with bright lights shining.
0.4369799,0.6271569,0.26402849197387696,train/00212202.jpg,"Captain America is depicted wearing his mask and accompanied by Marvel Comics characters, in a painting by William Adolphe Bouguereau."
0.4414487,0.60760915,0.2693626594543457,train/00212239.jpg,Person wearing VR headset screams in dark landscape.
0.48500672,0.22578064,0.24732109069824218,train/00212257.jpg,Whole peeled and cut oranges in bowls on top of a kitchen counter.
0.25720394,0.4817515,0.2533057975769043,train/00212777.jpg,"The image is an aerial view of a motte-and-bailey structure, featuring art by artgerm, Greg Rutkowski, and Magali Villeneuve."
0.47386843,0.15668386,0.2670372772216797,train/00212861.jpg,A kitchen with marble counter tops covered in appliances.
0.5365429,0.511618,0.23017948150634765,train/00212871.jpg,An anthropomorphic fox wizard D&D portrait.
0.11858399,0.3289187,0.27362791061401365,train/00212899.jpg,A tree stands atop a cloud in the sky in a digital illustration by Chris Labrooy.
0.29595706,0.8564714,0.2221147346496582,train/00212928.jpg,"A young woman in white futuristic armor and helmet, with a blaster, riding a military speeder in a grassy plain with mountains in the distance."
0.40310165,0.068337835,0.24745471954345702,train/00213038.jpg,"A bathroom area with a standup shower, sink and mirror."
0.39445183,0.17528623,0.2690740203857422,train/00213062.jpg,A sparsely furnished room with shag carpet and electric heater
0.647761,0.42685306,0.28473228454589844,train/00213242.jpg,"A cat wearing a pink dress and black sunglasses, photographed from a low angle."
0.19317594,0.36737165,0.25361337661743166,train/00213318.jpg,A towering gothic structure inspired by amanita muscaria stands against mountains and a city in a dark surrealistic scene.
0.6652873,0.7030155,0.2877193069458008,train/00213363.jpg,A male android resembling a muscular Ken doll.
0.439765,0.49855065,0.24195363998413086,train/00213367.jpg,A surveillance camera captures an image of a dangerous SCP creature collecting biological material.
0.45333284,0.7875503,0.27522193908691406,train/00213431.jpg,"Digital painting of the Scorpion Queen, inspired by Horizon Zero Dawn, featuring an intricate and elegant machine face in high detail."
0.38468948,0.79262763,0.25082618713378907,train/00213649.jpg,"Portrait of young mystic meeting red Goddess in forest during thunderstorm, depicted in Mughal Tantric miniature."
0.86177206,0.38202435,0.2614169692993164,train/00213655.jpg,A woman standing next to a luggage cart on an airport.
0.4332037,0.65731925,0.25626649856567385,train/00213757.jpg,The image is a fantasy portrait of an anthropomorphic Marilyn Manson character.
0.41937536,0.8203657,0.2557210922241211,train/00213819.jpg,"The image depicts a female warrior dressed in fantasy style clothing, designed by wlop, with hyper detailed features and cinematic lighting."
0.49943727,0.35363752,0.2579499244689941,train/00213833.jpg,A bouncy castle with children inside during a thunderstorm.
0.1895148,0.5150321,0.2264914894104004,train/00214088.jpg,"Realistic detailed image of Lost Souls Catacombs featuring artwork by multiple artists with gothic and rich deep colors, including Beksinski and Takato Yamamoto."
0.09415451,0.3588363,0.24541259765625,train/00214210.jpg,Enchanted forest by RHADS.
0.49024412,0.7594974,0.25983978271484376,train/00214430.jpg,"The image is of a person on an LSD trip with a symmetrical face and beautiful eyes, shown in vivid colors and studio lighting."
0.64462876,0.366221,0.2857113456726074,train/00214489.jpg,Cat peeking out from under a parked motorbike.
0.9226997,0.3931983,0.2541458511352539,train/00214587.jpg,A plane parked in a large airplane hanger.
0.13600287,0.5358161,0.18082017898559571,train/00214762.jpg,A still frame of a reservoir dogs-themed side scrolling video game with a highly detailed pixel art background and dramatic lighting.
0.4586607,0.6275546,0.2651218795776367,train/00214893.jpg,Nic Cage portrayed as a muscular Spongebob Squarepants in a highly-detailed painted portrait.
0.23269348,0.3777371,0.27360734939575193,train/00215031.jpg,"A mosque with domes and arches is depicted in a dark, glowing underworld where people and androids wear traditional Japanese clothing."
0.5096807,0.6742676,0.2695576477050781,train/00215045.jpg,"A stylized portrait of Spiderman in armor, depicting the Emperor from Horus Heresy, created by artist Johannes Helgeson using ZBrush and Octane Renderer."
0.6642219,0.5029104,0.2773702430725098,train/00215235.jpg,"Sitting Rottweiler in a sad pose with arms crossed, depicted in an oil painting."
0.95707,0.42538935,0.2340865135192871,train/00215255.jpg,A distant airplane high up into the sky.
0.5700535,0.6983425,0.26735443115234375,train/00215305.jpg,"A man is seen walking on clouds above Kyoto in a colorful, super-detailed artwork by Murakami, Beeple and James Jean, with a color style similar to Aya Takano's work."
0.26980573,0.5041676,0.25677732467651365,train/00215338.jpg,"A detailed, vertical digital painting featuring intricate abstract art with a dark color scheme."
0.43195286,0.22973697,0.26000743865966797,train/00215423.jpg,An office desk holding multiple computers and various supplies.
0.48834577,0.8046644,0.27530181884765625,train/00215541.jpg,"The image is a close-up portrait of a goddess with an animal skull, surrounded by various creatures and intricate artwork by Tooth Wu, wlop, and beeple."
0.36434722,0.6687691,0.22456235885620118,train/00215684.jpg,Bryan Cranston is depicted as Thor.
0.8045792,0.28268716,0.27016157150268555,train/00215950.jpg,Motorcycle racer going around a curve in the road.
0.23222789,0.9659958,0.2507953262329102,train/00215984.jpg,"A girl with a flower for a face stands in a field with hills, trees, colorful clouds, and dramatic sunrise light in a surreal and impressionistic digital painting by Simon Stålenhag."
0.4499186,0.6437251,0.27359399795532224,train/00216330.jpg,"""Luffy from One Piece portrayed in the style of an Italian Renaissance oil painting."""
0.40626344,0.46789777,0.279214973449707,train/00216689.jpg,Stained glass artwork depicting purgatory of toads.
0.4548017,0.7169324,0.2505698776245117,train/00216729.jpg,"""Portrait of Pain from Naruto in intricate and elegant dark digital painting with sharp focus, illustrated by Artgerm, Greg Rutkowski, and Alphonse Mucha on Artstation as concept art."""
0.62988067,0.3596925,0.2733017158508301,train/00216780.jpg,The black and orange cat is standing on the bathroom sink. 
0.24399142,0.46562517,0.25435873031616213,train/00216841.jpg,"A digital painting of uranium in the style of Soviet realism with elements of watercolor, engraving, and manga illustration."
0.8123741,0.24943477,0.27169620513916015,train/00216909.jpg,a person on a motorcycle parked near a building
0.1339137,0.3401909,0.2556735801696777,train/00216939.jpg,"A painting of a tree in the desert by Breyten Breytenbach with detailed sand pattern and dystopian, apocalypse landscape."
0.47711977,0.82478637,0.27558443069458005,train/00216953.jpg,"The image is a detailed anime-style portrait of a female skull with intricate patterns, combining elements of pop art and nouveau styles."
0.5792519,0.6142108,0.2856564521789551,train/00217130.jpg,"Headshots of Baby Yoda from Star Wars, The Mandalorian."
0.28527984,0.5742901,0.22968358993530275,train/00217388.jpg,"A surrealist artwork featuring the False God by various artists with Neo-Gothic, gothic, and rich deep colors, reminiscent of Beksinski, Ghenie, Richter, and Yamamoto's styles."
0.59867436,0.6626222,0.2869889831542969,train/00217462.jpg,A man in a tuxedo wearing a golden heart-shaped mask with illuminated eyes.
0.27084455,0.39508945,0.269957218170166,train/00217466.jpg,"A crowded tavern with diverse fantasy characters, captured in a dark fantasy matte painting by artists Anato Finnstark, Craig Mullins, and Boris Vallejo."
0.14928609,0.54593194,0.24993474960327147,train/00217672.jpg,A Phoenix feather in a glass display.
0.47504938,0.18046111,0.27243545532226565,train/00217842.jpg,Food and metal pitchers are sitting on a countertop.
0.4701188,0.18587895,0.2769233512878418,train/00217843.jpg,Food and metal pitchers are sitting on a countertop.
0.83306646,0.18899523,0.29634952545166016,train/00217919.jpg,A motorcycle parked behind a one way stop sign.
0.82467854,0.18315908,0.2829448318481445,train/00218240.jpg,A bike is leaning against a wall with a fence near the street.
0.5770293,0.6534332,0.27867879867553713,train/00218449.jpg,"Medieval armored knight with a bucket on his head, painting with one arm."
0.44876012,0.6430812,0.26693153381347656,train/00218474.jpg,"A portrait illustration with radioactive themes and elements by Mucha, Kuvshinov, and Bilibin, featuring thick linings and a watercolor synthwave style."
0.4781027,0.1796188,0.2661545562744141,train/00218843.jpg,A table full of various pots and pans.
0.6698208,0.60605454,0.2935760879516602,train/00218971.jpg,A male android fitness model stands by a swimming pool wearing a white crop top and light orange shorts.
0.4941941,0.15302394,0.24731231689453126,train/00218997.jpg,A kitchen with a freezer refrigerator next to counters.
0.3988206,0.7999515,0.23924461364746094,train/00219071.jpg,"A close-up portrait of a cute girl with intricate details and a rugged, cinematic feel, created by artist Peter Mohrbacher and featured on ArtStation."
0.7086399,0.36908358,0.30065900802612305,train/00219083.jpg,A dog with goggles is in a motorcycle side car.
0.61144257,0.67455333,0.27904212951660157,train/00219194.jpg,A Green Witch is casting magic to create a magical garden with enchanted plants in a Disney Pixar animation.
0.40650517,0.8763446,0.2665936279296875,train/00219245.jpg,A portrait of Leela from Futurama with one eye and purple hair in a futuristic city.
0.76511455,0.3138946,0.27518287658691404,train/00219452.jpg,Woman with cellphone and red suitcase standing in open area.
0.627615,0.57322174,0.2792634391784668,train/00219558.jpg,"A cute little anthropomorphic Tropical fish knight wearing a cape and a crown in short, pale blue armor."
0.2834855,0.7031292,0.22570034027099609,train/00219664.jpg,"An advertising poster of a witch burning at the stake, drawn in a comic style by Junji Ito."
0.7064314,0.6253371,0.28650760650634766,train/00220101.jpg,"A statue of Anubis wearing aviator goggles, a white t-shirt, and leather jacket with Los Angeles in the background."
0.73774934,0.32020015,0.2879891777038574,train/00220283.jpg,A man holding an umbrella while walking down a street.
0.83037823,0.1914895,0.29518571853637693,train/00220341.jpg,A motorcycle bike leaning against a white trailer.
0.5883104,0.24849309,0.264532470703125,train/00220366.jpg,A person is holding a smartphone which is plugged in
0.7492403,0.48809278,0.2804688835144043,train/00220577.jpg,Two giraffe are walking close to a brick building. 
0.2803513,0.33331984,0.2794001388549805,train/00220621.jpg,"Inside view of a creepy cave with skulls, bones, and runes."
0.6080996,0.6695487,0.2752644348144531,train/00220755.jpg,A grey mechanized battle armor stands amidst a destroyed city under a dim moonlit sky with smoke and sparse yellow lighting.
0.31456733,0.43307528,0.27296417236328124,train/00220873.jpg,A Steven Universe cartoon spaceship resembling a mechanical jellyfish flying in hyperspace.
0.53474027,0.6348617,0.26907958984375,train/00220917.jpg,A steampunk ninja.
0.96100354,0.3981587,0.2761191177368164,train/00220993.jpg,a fighter jet with a bulls eye painted on it
0.41522744,0.6156994,0.25847444534301756,train/00221079.jpg,Mario depicted in the Mona Lisa style.
0.4382474,0.7723867,0.2607783126831055,train/00221299.jpg,"A mixed pastels and watercolor painting of Marina Diamandis with a lomo effect by Vanessa Lemen, Charlie Bowater, and Ross Tran, trending on ArtStation."
0.4574271,0.6624104,0.27042909622192385,train/00221707.jpg,"A portrait of an anthropomorphic Tom Cruise DnD character painted by Jason Felix, Steve Argyle, Tyler Jacobson, and Peter Mohrbacher."
0.3585807,0.86796606,0.25703149795532226,train/00221950.jpg,"A cyber vampire woman stands amidst meat, blood and bones in an abandoned night hangar, illuminated dimly by blue light creating a foggy room with a Blade Runner-style ambiance."
0.2511674,0.57473534,0.24803363800048828,train/00222248.jpg,The Hand of God by Kentaro Miura.
0.3849501,0.8840848,0.26614295959472656,train/00222488.jpg,A Japanese idol girl poses in a mini dress in a masterful ink pen liner sketch.
0.9665854,0.4203781,0.2531109237670898,train/00222519.jpg,a plane flying through the air during a sunny day
0.625459,0.43239373,0.27589643478393555,train/00222631.jpg,Renaissance painting portrait of a ginger Maine Coon cat by four famous artists.
0.40029436,0.45959756,0.29269865036010745,train/00222794.jpg,A digital artwork depicting a cheerful and detailed birthday celebration by various artists.
0.7312317,0.3771012,0.27883481979370117,train/00223176.jpg,A woman with a braid holds her dog in her lap.
0.39362097,0.7959034,0.2530527687072754,train/00223226.jpg,"A full-face close-up portrait of a cosmic horror mom with an alien ancient ruin background and an exploding exoplanet in the sky, rendered in 3D with neosurrealism digital concept art."
0.71013343,0.2924761,0.2896875762939453,train/00223365.jpg,A person laying on a small bench in the countryside.
0.49420324,0.8536672,0.27288213729858396,train/00223479.jpg,"A close-up portrait of a beautiful girl wearing a headdress made of dried moss and autumn leaves, with intricate color patterns created using oil paint and acrylic."
0.25605932,0.6746315,0.2392148780822754,train/00223501.jpg,Kurdish astronaut holding Iraqi Kurdistan flag in movie scene directed by Christopher Nolan.
0.36048704,0.4012835,0.28127925872802734,train/00223602.jpg,A summer swimming party with a dark fantasy theme depicted in a photorealistic style.
0.42644358,0.59623295,0.27022495269775393,train/00223706.jpg,A berry face with varied colors.
0.33178425,0.42080864,0.2760221672058105,train/00223777.jpg,An office nook with artwork by Leonardo da Vinci and belonging to Dmitry Spiros.
0.150517,0.3728295,0.2619073104858398,train/00223942.jpg,"A mountain road descending in curves, illustrated by Goro Fujita."
0.7628946,0.18182108,0.2778939628601074,train/00224041.jpg,two cars parked on the sidewalk on the street
0.53737,0.49133265,0.2562563705444336,train/00224116.jpg,Humpty Dumpty chicken egg fighting a pink rubber monkey in a cyberpunk post apocalyptic Tokyo.
0.5115895,0.6676492,0.287923583984375,train/00224141.jpg,"Portrait of an older bald man with glasses and a goatee, created as a digital painting."
0.41822326,0.5622886,0.24262004852294922,train/00224164.jpg,A robot walking in a Renaissance painting style.
0.2676268,0.4210856,0.2559659194946289,train/00224176.jpg,A large futuristic airship hovers above a modern city during the summer.
0.22107936,0.41942734,0.2574654769897461,train/00224229.jpg,An artwork depicting sustainable water regeneration technology with a sci-fi and cyberpunk twist.
0.5526729,0.35225153,0.27832191467285156,train/00224438.jpg,A butterfly outline with water droplets and ripples on a translucent and chaotic water surface.
0.6507953,0.39245787,0.2787294769287109,train/00224494.jpg,A cat flying in the sky.
0.56778866,0.5855278,0.27825054168701174,train/00224606.jpg,A robot with a broken old TV head and rusty appearance.
0.15190643,0.45310447,0.24508014678955078,train/00224800.jpg,A family and a robot navigate through a peaceful city in detailed movie concept art.
0.65989614,0.37281677,0.29087478637695313,train/00224818.jpg,A white cat playing with a yarn ball.
0.52051,0.89083165,0.29136106491088865,train/00224830.jpg,"A young woman with glasses sitting in a cafe, depicted in a pop art style and inspired by graphic novels, by artists Geof Darrow, Ashley Wood, and Alphonse Mucha."
0.36992416,0.8454828,0.23416481018066407,train/00224852.jpg,A young Black woman in a cyberpunk environment illustrated with highly detailed art.
0.414463,0.24404857,0.29169315338134766,train/00224948.jpg,"a laptop computer, a cell phone and a telephone on a table"
0.42526248,0.95655334,0.3147151184082031,train/00224955.jpg,Anime girl eating bacon near McDonald's.
0.8044929,0.36859277,0.24849245071411133,train/00225240.jpg,A MAN SURF BOARDING IN THE OCEAN WATER 
0.370446,0.041207056,0.26565433502197267,train/00225281.jpg,A towel is hung above the toilet in a small bathroom.
0.534055,0.8913701,0.2567789268493652,train/00225314.jpg,Closeup profile portrait of a tin toy princess eating cake while wearing a crown.
0.52309996,0.63651454,0.2925441360473633,train/00225327.jpg,A digital illustration of Nicolas Cage as a super Mecha anime robot with intricate details.
0.23595119,0.5306582,0.24408430099487305,train/00225415.jpg,"The image is a highly detailed digital painting with swirls of black, red, and green, created by artists artgerm, greg rutkowski, and alphonse mucha as concept art for Unreal Engine 5."
0.3114093,0.0579121,0.2620125961303711,train/00225613.jpg,A row of three wall mounted urinals in a bathroom.
0.49035975,0.70554334,0.2533022689819336,train/00225620.jpg,"The image depicts a black male rogue with a detailed and symmetric face in a dynamic and epic fantasy style by artist Greg Rutkowski, resembling art found on fantasy Magic the Gathering cards."
0.67140776,0.6778357,0.2827900886535645,train/00225803.jpg,"Bruce Willis holding a blue atomic orb in front of his body, surrounded by red chakra symbols."
0.3143713,0.6430115,0.2348865509033203,train/00226004.jpg,The image features a minimalistic digital representation of a lemon demon with warm red colors reminiscent of the Renaissance era.
0.36625102,0.8363131,0.23670989990234376,train/00226068.jpg,A manga portrait of a woman with 3 eyes.
0.40018642,0.08862757,0.231986141204834,train/00226307.jpg,A hotel room with a glass walled bathroom
0.8364152,0.2952046,0.2898455810546875,train/00226310.jpg,Man sitting on a motorcycle with bridge in background.
0.71577984,0.29910097,0.29940176010131836,train/00226336.jpg,Two elderly men sitting on a bench on a busy sidewalk.
0.664443,0.36201006,0.28970293045043943,train/00226477.jpg,A cat sitting next to a white bicycle on a green lawn.
0.36450833,0.50808644,0.2677677345275879,train/00226582.jpg,The image depicts a dark and surreal nightmare scene featuring various horror-themed characters.
0.34662285,0.052551392,0.2487538528442383,train/00226610.jpg,a white toilet in a small home bathroom
0.4889846,0.64896894,0.27210363388061526,train/00226715.jpg,"Closeup depiction of a Titan Fall character, with hyper-realistic details and atmospheric lighting."
0.37554294,0.44579524,0.2643223762512207,train/00226829.jpg,Fish print shaped like a potato.
0.21584596,0.50666827,0.24758001327514648,train/00227279.jpg,Image of World of Warcraft in the Doom game engine from 1994.
0.23811616,0.5263342,0.25492042541503906,train/00227335.jpg,Ice Cube inside an ice cube.
0.205394,0.38918647,0.26249759674072265,train/00227398.jpg,Seattle skyline captured by James Jean.
0.2081333,0.3656254,0.28393924713134766,train/00227424.jpg,"A digital painting of a colourful, detailed landscape featuring strange vegetation, cliffs, and water on an alien planet by Murayama Hideo."
0.42827764,0.78484756,0.25975465774536133,train/00227534.jpg,The image depicts a highly detailed chimera portrait of a goddess-like figure made of organic polycarbon.
0.4034854,0.2083395,0.2578450393676758,train/00227609.jpg,A blue door sitting next to a TV in a living room.
0.57648754,0.45307842,0.23874467849731446,train/00227920.jpg,"An anthropomorphic fox with a fluffy tail, depicted in a medieval setting, as digital artwork by Kawacy."
0.6965813,0.23414841,0.2729382133483887,train/00227928.jpg,The front of a small cabin with a window garden and green bench.
0.276983,0.45854455,0.2506973075866699,train/00227953.jpg,A kaleidoscope staircase maze coral reef with psychedelic colors and inspired by various artists' concept art and the golden ratio.
0.32715055,0.058788963,0.25785863876342774,train/00227969.jpg,The toilet seat was left in the up position.
0.24296424,0.6861527,0.2215557098388672,train/00228064.jpg,Minions Bob and Stewart partying during 2020 riots.
0.16405126,0.55258864,0.21312717437744141,train/00228272.jpg,"The painting by William Higginson, Kopera, Anton Fedeev, and Anka Zhuravleva depicts the fragility of the world and the potential for being trapped in an unspoken pact."
0.20675409,0.5991351,0.24228971481323242,train/00228336.jpg,The image is unsettling or frightening.
0.753057,0.34238386,0.2910768699645996,train/00228369.jpg,A young boy standing in the rain holding an umbrella next to a boy wearing a baseball cap. 
0.31433725,0.50555307,0.27304080963134764,train/00228443.jpg,An oil on canvas painting by Wassily Kandinsky of a triangle in a circle.
0.80669487,0.19917531,0.27901496887207033,train/00228659.jpg,There is a bike on the front of the bus.
0.2708237,0.51199543,0.2599006080627441,train/00228733.jpg,A bauhaus-inspired colorful print on canvas.
0.72609466,0.16894062,0.2884691619873047,train/00228847.jpg,A painting of Paris Opera on a snowy night with horse carriages on the street.
0.4762762,0.28267828,0.24769229888916017,train/00228980.jpg,The people have stopped to talk to each other.
0.3063167,0.49364233,0.2534417724609375,train/00229103.jpg,Alien warriors with brain-sucking abilities are seen near a large window inside a UFO in a detailed and realistic 3D rendering.
0.42010167,0.89007074,0.28161664962768557,train/00229110.jpg,A Ukrainian girl in national clothes stands defiantly with a gun ready to fight against a Russian warship in this fantasy concept art.
0.37143347,0.5914607,0.25093406677246094,train/00229147.jpg,A portrait of Genshin Impact with intricate fantasy art by multiple artists.
0.22955072,0.47471812,0.23995376586914063,train/00229180.jpg,"A frontal drawing of a rocket centered with a dark blue background and colorful clouds by Takashi Murakami, Beeple and James Jean in the style of Aya Takano."
0.4540354,0.78486013,0.27217658996582034,train/00229569.jpg,"Anya Taylor-Joy portrayed as a goddess with braided blond hair and adorned with flowers, in a detailed digital art piece by Artgerm, Mucha, and Bouguereau."
0.6627683,0.35699448,0.31025405883789064,train/00229611.jpg,A cat sitting on top of a a black car.
0.4245208,0.7893455,0.263084716796875,train/00229635.jpg,An anime portrait of Katie McGrath from Robotech.
0.6065143,0.54694885,0.2708595657348633,train/00229637.jpg,A person in a banana suit.
0.49244562,0.7135826,0.24661794662475586,train/00229753.jpg,A detailed digital painting of a Central Asian warrior in a fantasy portrait.
0.37418386,0.06484903,0.2425179100036621,train/00229801.jpg,A small bathroom with a toilet and a sink.
0.23330979,0.42830443,0.26148324966430664,train/00229954.jpg,A fantasy map created by Devon Rue for various D&D-related platforms.
0.530319,0.25864902,0.2708139419555664,train/00230040.jpg,a person taking a photo in a mirror 
0.22625,0.56789565,0.24462465286254884,train/00230154.jpg,"Image of two opposing forces representing all life phenomena, by Ivan Aïvazovski."
0.51776695,0.66798055,0.2768455696105957,train/00230501.jpg,A Gambit character in black and white '90s inspired ink art style.
0.31707403,0.32727405,0.25646415710449216,train/00230611.jpg,"A large vase on a wooden table with vegetables and a candle, set in a medieval concept art scene with dark, contrasted lighting and colors for a cinematic effect."
0.21057811,0.42168686,0.26422218322753904,train/00230724.jpg,A red lighthouse is depicted in a cave.
0.3921673,0.47281933,0.26138269424438476,train/00230769.jpg,A golden fish exoskeleton in a Starfinder-style sci-fi digital art concept.
0.82921565,0.18052298,0.29016790390014646,train/00230800.jpg,A bike is shown attached to a rack.
0.48500487,0.15661386,0.2621679878234863,train/00230915.jpg,"A kitchen with a stove, microwave and cabinets."
0.82149255,0.1987374,0.2790548515319824,train/00230951.jpg,A MOTORCYCLE IS PARKED ON THE STREET PAVEMENT 
0.44742543,0.6380682,0.2656914520263672,train/00230959.jpg,"The image depicts Ryan Gosling immersed in an Irish stew, created by artist Peter Mohrbacher and featuring a range of influences including Hajime Sorayama and Caravaggio."
0.7329796,0.28856087,0.2707948112487793,train/00231032.jpg,A lawn chair sits outside in the snow.
0.38495332,0.06906304,0.2459541702270508,train/00231080.jpg,"a washroom with a toilet basin, sink, sanitizers and bath tub"
0.52871656,0.78700083,0.27333578109741213,train/00231099.jpg,"Daenerys Targaryen, depicted as an otherworldly figure, stands amidst a turbulent sea of blood in a collaborative artwork by Greg Rutkowski and Thomas Kinkade."
0.33716244,0.039521515,0.277467098236084,train/00231151.jpg,A messy bathroom with pieces of toilet paper on the ground next to a toilet.
0.7060883,0.37885588,0.28336984634399415,train/00231223.jpg,a dog wearing sunglasses sitting in the backseat of a car
0.35809672,0.5079147,0.25478368759155273,train/00231451.jpg,Colorful vintage horror illustration of scary creatures emerging from cemetery with ghosts and gravestones surrounding.
0.82039505,0.22643545,0.28733131408691404,train/00231588.jpg,A motorcycle moves forward down an empty street.
0.40699056,0.47208786,0.27466005325317383,train/00231610.jpg,Vikings battling cyborg dinosaurs during Ragnarok.
0.6312547,0.3649231,0.2770315361022949,train/00231627.jpg,a room with a computer monitor and a black cat on a chair
0.32579654,0.7004374,0.21114154815673827,train/00231696.jpg,"Vince McMahon's face has a cowboy and Wall Street trader expression, with melted features and dollar signs in his eyes, against a backdrop of chrome reflections, black ink, and dripping glue, with snake oil skin, rimmed in purple and green neon light, rendered in a hyper bullish style reminiscent of Kiki Picasso."
0.8137391,0.25091916,0.2747599411010742,train/00231872.jpg,a photo with dozens of motorcycles with people on them
0.3151349,0.45904708,0.2797562789916992,train/00231954.jpg,The image shows a burning Earth.
0.54287905,0.6966308,0.2780707550048828,train/00231966.jpg,A portrait of an astronaut suit with intricate diamond 3D lace and iridescent skin details in a retro-futuristic style.
0.25804523,0.51167166,0.24650924682617187,train/00232082.jpg,An image depicting quasar astrophotography with inspiration from the artist Gustave Caillebotte.
0.7657969,0.30106714,0.24541488647460938,train/00232138.jpg,A man stands near the open train entrance. 
0.11428294,0.32741827,0.27272342681884765,train/00232218.jpg,Image: Enchanted forest by Lisa Frank.
0.9682835,0.41833386,0.26060537338256834,train/00232318.jpg,An airplane is flying over a huge mountain covered with snow.
0.4938318,0.1426565,0.25434169769287107,train/00232414.jpg,an overhead photo of a kitchen with cupboards a garbage can 
0.7455682,0.52966726,0.2816439056396484,train/00232813.jpg,A colorful iridescent bird made of sticks flying through a cloudy blue sky.
0.36752003,0.047513884,0.2652417182922363,train/00232845.jpg,A white toilet and a sink in a bathroom.
0.723694,0.4069553,0.2741513252258301,train/00232909.jpg,Some animals are attacking a white car in the middle of nowhere. 
0.5386058,0.4500884,0.2334480857849121,train/00232968.jpg,Annie Leibovitz headshot of a human infant-rabbit hybrid.
0.5540802,0.672592,0.28571929931640627,train/00233010.jpg,"A portrait of a human with a goat head and a pentagram on its forehead, with an empty background."
0.8275845,0.21404694,0.281949520111084,train/00233023.jpg,"A large group of motorcycles and cars outside, but no people."
0.2700355,0.5347033,0.27634611129760744,train/00233078.jpg,An expressive oil painting by Alphonse Mucha.
0.39620885,0.05448026,0.2621382522583008,train/00233099.jpg,"A bathroom with a vanity, toilet and a large glass shower."
0.59106755,0.6177873,0.2783653450012207,train/00233175.jpg,A young child dressed as a popular animated character.
0.41164154,0.22129525,0.2741643142700195,train/00233279.jpg,A remote control of some sort on a car dashboard.
0.6098421,0.19501995,0.25245262145996095,train/00233369.jpg,A blurry image with lights and cars in the background
0.66591674,0.69750386,0.28925041198730467,train/00233855.jpg,A male android named Diego Di Marco posing robotically with shiny skin and a blank stare.
0.16094857,0.40107363,0.24335039138793946,train/00233939.jpg,"A stunning epic landscape with floating rocks, storm clouds, levitating stones, and rising mist."
0.28586718,0.7097327,0.20170156478881837,train/00234104.jpg,Ronald McDonald action figure.
0.61094743,0.6898816,0.27370681762695315,train/00234135.jpg,"An astronaut with a curly mustache and oversized space cowboy hat stands in the foreground, while one thousand aligned cryogenic pods filled with snake oil fill the spaceship interior in the background."
0.92935807,0.38965243,0.2698709678649902,train/00234209.jpg,An airplane is mounted on a stand in a park.
0.3145105,0.65637,0.24318449020385743,train/00234244.jpg,Selfie of the last human on earth.
0.6010476,0.612617,0.2753351974487305,train/00234457.jpg,A scary clown creature DJs at a vibrant and surreal dark psytrance festival with confetti and streamers.
0.56779474,0.24330838,0.27129638671875,train/00234574.jpg,"Woman in knitted jump pants and yellow sleeveless top, in kitchen scene with matching yellow tone area."
0.3304682,0.40408486,0.2713152503967285,train/00234713.jpg,A Jeep off-roading on the moon amidst a lunar landscape.
0.50132173,0.5382462,0.2650522041320801,train/00234736.jpg,Sasquatch fighting in a boxing ring.
0.3420342,0.050268173,0.24939697265625,train/00234752.jpg,a toilet on the ground outdoors near a bath tub
0.4524629,0.71891934,0.24930940628051756,train/00234916.jpg,"Portrait of a middle aged man wearing colored clothing, with a dark complexion, well-trimmed beard, and a style reminiscent of Rembrandt."
0.45045882,0.48957777,0.2623721885681152,train/00234954.jpg,"An illustration featuring a menacing war elephant, inspired by the Lord of the Rings and created in the style of artist Zdzislaw Beksinski."
0.5572169,0.6656423,0.27718883514404297,train/00234973.jpg,A Kislev warrior wearing iron gauntlets in the shape of bear claws in a head and shoulders drawing.
0.53774405,0.8787132,0.275302848815918,train/00234982.jpg,A red hooded girl struggles with a printer.
0.67745686,0.808887,0.2677453994750977,train/00235006.jpg,Man inserts mind control chip into a baseball player cyborg in Westworld.
0.45922446,0.14721021,0.2753112602233887,train/00235037.jpg,A white kitchen with stainless steel appliances and granite counter top.
0.30050266,0.48662776,0.26903587341308594,train/00235409.jpg,The image depicts an Alex Grey inspired psychedelic star tetrahedron created using ray tracing techniques.
0.49520484,0.20233028,0.22773389816284179,train/00235544.jpg,There is green vegetable chopped up on a table
0.4366869,0.8130016,0.27513330459594726,train/00235581.jpg,A studio portrait of a young and elegant female holy mecha paladin with intricate and hyperrealistic facial details.
0.614272,0.40709245,0.26784711837768554,train/00235644.jpg,A cartoon illustration of a cat in a box with a question mark on the side of the box.
0.6407027,0.36695352,0.271787109375,train/00235753.jpg,A black and white cat waiting outside the window.
0.61499584,0.43323895,0.2675408172607422,train/00235771.jpg,A kitten knight travels through a windswept field in a digital painting.
0.27020714,0.41511324,0.2594577598571777,train/00235866.jpg,"A white box intended for architecture ideas, featuring on Behance and shown in KeyShot."
0.21819659,0.35665002,0.272789306640625,train/00235998.jpg,A multi-level building complex featuring a massive TV tower in the center and surrounded by lush gardens with a retro exotic city vibe.
0.9297561,0.4031721,0.24883661270141602,train/00236039.jpg,Several airplanes were on the runway under clouds.
0.6188211,0.90031314,0.265584831237793,train/00236063.jpg,"A red scarf blowing in the wind in the desert with an abstract Richard Benning sculpture in the background, showcasing feminine angles and a playful spirit."
0.813573,0.351445,0.2849644470214844,train/00236107.jpg,A couple of people with surfboards on a beach.
0.7053025,0.3868465,0.2781523132324219,train/00236108.jpg,"A doge stands outside of a car, which has another dog peeking out the back."
0.43067938,0.4518476,0.2642347717285156,train/00236143.jpg,A dragon in a library underground.
0.16161259,0.45490333,0.20790849685668944,train/00236172.jpg,A synthwave server room depicted in a movie still with an eerie and dark atmosphere.
0.63512874,0.3665604,0.2809990119934082,train/00236266.jpg,a cat sitting on a  gravel ground inside of a wooden doorway.
0.7082937,0.37653762,0.26597272872924804,train/00236318.jpg,A dog is chained to a bike post locked up.
0.17731243,0.39849672,0.2519234085083008,train/00236329.jpg,"A digital painting illustrating a mountainous landscape under a paisley-filled sky, in intricate detail and sharp focus, by Raphael Lacoste and Simon Stalenhag."
0.64592475,0.67739546,0.2792450141906738,train/00236494.jpg,A cellist plays in the rubble of a fallen building in a moody and slightly surreal painting.
0.46986705,0.7762031,0.28050994873046875,train/00236543.jpg,Hatsune Miku digital art by NakanoArt trending on Artstation.
0.20866112,0.37657684,0.26838523864746094,train/00236741.jpg,Burning jungle depicting a dystopian ruin with a digital art style.
0.72112894,0.17580003,0.27810039520263674,train/00236907.jpg,A row of white houses all down the road
0.42785776,0.7736062,0.26728933334350585,train/00236911.jpg,"Portrait of Madeline from Celeste, a digital painting concept art, illustrated by Greg Rutkowski and Alphonse Mucha."
0.43847322,0.78610164,0.2720367622375488,train/00236935.jpg,"Leila Bekhti portrayed as Nefertiti in a highly intricate and elegant digital painting by Rutkowski, featuring smooth illustration with Middle Eastern and art nouveau influences."
0.5456198,0.68520045,0.2765691375732422,train/00236966.jpg,"A front-view, symmetrical portrait of a biomechanical android alien robot Buddha with flowing hair, an intense stare, and a sarcastic smile."
0.50486654,0.79685485,0.2807476806640625,train/00237013.jpg,"A painting of Sailor Galaxia with manga and Soviet Realism influences, featuring thick lining and watercolor in a synthwave style."
0.33220023,0.73884827,0.21937803268432618,train/00237084.jpg,"Image of Aloy, the protagonist of the game ""Horizon Zero Dawn,"" wearing a combination suit armor with a backpack and a tribal aesthetic, holding a ninja-like robot mask helmet, radiating a glowing aura in a CGI artwork by Ilya Kuvshinov, Cushart Krentz, and Gilleard James."
0.29938978,0.63785946,0.22367963790893555,train/00237128.jpg,A black armored Knight is killing a demon in hell.
0.4288535,0.04749838,0.27183753967285157,train/00237236.jpg,"A bathroom with mirrors, a sink and railing with a towel draped over it"
0.33322805,0.6681242,0.22367725372314454,train/00237256.jpg,"Pink alien villain reference sheet from digital art on ArtStation by Rocha, Rutkowski, and Mohrbacher."
0.44279268,0.8756277,0.2720477867126465,train/00237376.jpg,A digital portrait of a teenage girl with a black to purple fade pixie undercut hairstyle.
0.56742644,0.5203967,0.2698498153686523,train/00237463.jpg,"A highly-detailed, symmetrical portrait of a gray owl with bright golden eyes in blue night lighting, illustrated by Greg Rutkowski as concept art for an album cover."
0.5669124,0.24524002,0.2685811805725098,train/00237635.jpg,A couple of chefs preparing food in a kitchen.
0.37393528,0.048638504,0.2671855926513672,train/00237741.jpg,A sink sitting in the corner of a bathroom next to a toilet.
0.28511366,0.6994036,0.21390100479125976,train/00237748.jpg,An image featuring Jurgen Klopp with Liverpool Football Club alongside a detailed artwork by Kawase Hasui.
0.52233016,0.50781566,0.27250694274902343,train/00237801.jpg,A painting of an iguana in the ukiyo-e style.
0.56500584,0.24494718,0.2739777183532715,train/00237825.jpg,a woman is standing next to an oven
0.3685886,0.5724114,0.2570326614379883,train/00237837.jpg,Futuristic silver ball chain necklace with a 3D behelit pendant featuring glowing eyes.
0.6216384,0.74526143,0.2527146339416504,train/00238132.jpg,An oil painting of a barbarian holding an oversized keyboard with a dramatic sky backdrop.
0.62921005,0.63257116,0.28013938903808594,train/00238207.jpg,Eikichi Onizuka shirtless and muscular.
0.32669628,0.43999326,0.2568038368225098,train/00238471.jpg,"A portrait photo featuring muted blueberry, orange, and teal colors with a vintage 1910s style, depicting a backdrop of explosions, rockets, bombs, sparkling snow, and fog."
0.3120347,0.97867244,0.26756608963012696,train/00238618.jpg,A woman wearing a translucent plastic bag outfit and paper bag clothes stands in the middle of a busy street with a paper bag over her head.
0.3148729,0.816752,0.21104679107666016,train/00238840.jpg,"A vogue model in a field, depicted in an oil painting with pale colors and high detail."
0.24448846,0.48772228,0.24846307754516603,train/00238868.jpg,"The image is a sketch of the Earth as a globe, popular on art-related online platforms."
0.24234821,0.39845508,0.2643647575378418,train/00238891.jpg,Muppet concept art of a dark sci-fi landscape at dawn.
0.44574317,0.65554625,0.25341426849365234,train/00238944.jpg,"A hemp man with a cannabis bloom head, green skin and chibi style, created by James Jean and Greg Rutkowski."
0.609694,0.7121787,0.27590877532958985,train/00239079.jpg,Portrait of a shaman guy wearing an ivy costume standing atop a red clay pot.
0.35773817,0.047557686,0.28004255294799807,train/00239084.jpg,Picture of a bathroom with three paintings over the toilet.
0.3179552,0.3681501,0.27631464004516604,train/00239114.jpg,A photograph of giant translucent colorful gummy bears destroying Budapest in a cinematic style.
0.33019844,0.046949334,0.271882495880127,train/00239292.jpg,A couple of toilets sitting in bathroom stalls.
0.33284292,0.5569918,0.26172653198242185,train/00239344.jpg,A painting by Lucian Freud and Jenny Saville featuring a golden eal and turquoise accents.
0.639707,0.48443583,0.28588611602783204,train/00239371.jpg,Goro Fujita illustration of a rabbit eating a giant watermelon.
0.3880269,0.8602175,0.2551273727416992,train/00239486.jpg,Portrait of a young gothic anime maiden.
0.5707866,0.4914398,0.2619668197631836,train/00239597.jpg,A ring-tailed lemur with symmetric patterns standing in front of the sun in an intricate and elegant digital painting by artist Artgerm.
0.40829954,0.47314283,0.2741428565979004,train/00239886.jpg,"A realist painting of peacocks engaged in an enchanted magick summoning ritual with ritual fire, mist and volumetric lighting."
0.62956834,0.44982222,0.28764877319335935,train/00240077.jpg,"The image is a digital painting of a cat wizard wearing a hood, depicted in a highly intricate and elegant style, created by multiple artists."
0.46147618,0.14627473,0.2683733940124512,train/00240164.jpg,The refrigerator is covered in papers with magnets.
0.4668253,0.158286,0.27025245666503905,train/00240199.jpg,A foot pushing a flush button in a blue tiled bathroom.
0.24084389,0.40399614,0.26428417205810545,train/00240309.jpg,A large apocalyptic city with tall buildings and London architecture in the style of Liam Wong.
0.32122463,0.9086006,0.26134666442871096,train/00240427.jpg,"A young female scientist examines a spherical black hole in a futuristic laboratory, surrounded by equipment and a vibrant color scheme."
0.47280276,0.22421008,0.25385744094848633,train/00240481.jpg,some cut up fruit is sitting in a blender
0.5912274,0.49391592,0.27150070190429687,train/00240642.jpg,A frontal view of a bear illustration with a flat bottom by Goro Fujita found on ArtStation and Deviantart.
0.30551884,0.52477366,0.2484426498413086,train/00240731.jpg,"A tetrapac in a cornfield depicted through digital art using realistic facial features and symmetrical composition by artists Donato Giancola and Greg Rutkowski, trending on ArtStation."
0.7350761,0.2913122,0.252470874786377,train/00240867.jpg,A man walks down the strip as it rains.
0.817403,0.26859444,0.30485206604003906,train/00241359.jpg,two men working on a motor cycle frame
0.46615353,0.82524437,0.26892921447753904,train/00241672.jpg,African American goddess portrait with auburn flower crown by Sylvain Sarrailh.
0.47938287,0.7159092,0.24948150634765626,train/00241684.jpg,"A portrait drawing of a chaos dwarf smith from warhammer fantasy, focused on the head and torso."
0.40925294,0.9119056,0.27814674377441406,train/00241709.jpg,"The image depicts an anime girl with white hair, cracks on her face, and Elden ring armor, against a black and white abstract patterned background, with a film grain effect, in a highly detailed Renaissance oil painting style and an unusual portrait angle."
0.32466742,0.47472957,0.2706540298461914,train/00241739.jpg,An artistic painting of a wallpaper pattern made of tulips with painterly motives and textures.
0.34351462,0.16474862,0.25094778060913087,train/00241832.jpg,"A colour still-life portrait of a concrete wall with a picture frame, table, and chair in Bauhaus style."
0.2724278,0.47225147,0.2688734436035156,train/00241922.jpg,"The image depicts hyperrealistic artwork showcasing sustainable water regenerative technologies, with a focus on disruptive creation in science and nature."
0.7252505,0.1768598,0.2667685508728027,train/00241955.jpg,A group of vans traveling over a bridge next to train tracks.
0.6009767,0.6027188,0.28174629211425783,train/00242163.jpg,A demonic crow wearing a man costume stands in an exterior desert oasis.
0.8244371,0.21094106,0.27796396255493167,train/00242204.jpg,a bunch of motorcycles parked beside a building 
0.8205875,0.20771877,0.2897859191894531,train/00242364.jpg,a motor bike and other cars sit parked at an intersection 
0.27103055,0.40549153,0.27911775588989257,train/00243239.jpg,"A Cyberpunk hackers bedroom with hi-tech computers, messy cables, neon lighting, reflective surfaces, and Sci-fi concept art by Syd Mead."
0.52465373,0.677227,0.27621931076049805,train/00243263.jpg,"A portrait of a white American man wearing assault powered armor, painted by Greg Rutkowski and rendered in high detail."
0.21238214,0.54244906,0.22509025573730468,train/00243292.jpg,First-person perspective of Pikachu using Thunderbolt.
0.44490486,0.8367589,0.28120883941650393,train/00243353.jpg,A portrait of a female character from the video game Poppy Playtime.
0.4398,0.9071717,0.2946931457519531,train/00243367.jpg,"An anime girl in Elden ring armour, with white wavy hair and cracks on her face, is portrayed in a highly detailed, Renaissance-style oil painting against a black and white abstract background with a grainy effect, using a unique and unusual portrait angle."
0.44256818,0.2475458,0.2668132781982422,train/00243573.jpg,Close-up of fruits and vegetables on a table.
0.8306365,0.18319686,0.2909460639953613,train/00243643.jpg,A white sports bike parked on cobblestones next to a stone wall.
0.24967174,0.504654,0.24579771041870116,train/00243645.jpg,"The image is a clean cel shaded vector art depicting gekkolings, gelatin brains, and vortices micro water in a maximalist pastel color palette with splatter paint, inspired by graphic novels from Fiona Staples and Dustin Nguyen, and featuring influences from Peter Elson, Alan Bean, and Wangechi Mutu, found on Artstation."
0.76113737,0.48236498,0.2707240676879883,train/00243695.jpg,A couple of giraffe eating from a basket.
0.47418275,0.8969632,0.2843684196472168,train/00243781.jpg,A digital art of a female marten cartoon character with blonde hair and jewelry.
0.2141897,0.3983841,0.2608848190307617,train/00243930.jpg,"Futuristic energy sustainable city with greenery and renewable energy, featuring AI assistance and clean, bright design showcased in an award-winning Revit render."
0.39169237,0.80250156,0.2392401885986328,train/00244092.jpg,"The image is a highly detailed illustration of a young woman wearing an ornate metallic helmet, with symmetrical facial features and elegant bone structure."
0.57737035,0.8105696,0.2786892127990723,train/00244187.jpg,A yellow-robed cultist revealing green tentacles from under her robe.
0.47850266,0.71220446,0.25462263107299804,train/00244252.jpg,Portrait of an Ottoman warrior from 1910 by Artgem.
0.92687786,0.39560458,0.266480884552002,train/00244286.jpg,A foggy view of an airplane sitting in a yard.
0.56161845,0.48675027,0.26728067398071287,train/00244340.jpg,An owl with John Lennon's face painted on it.
0.55095035,0.856252,0.2812941360473633,train/00244351.jpg,"The image depicts a character from the Lorax movie wearing a sable fur coat, jewelry, and a dress."
0.2813947,0.55920833,0.24894540786743163,train/00244473.jpg,Herobrine breaking reality in Gaston Bussiere's painting.
0.3520731,0.17665105,0.2707699203491211,train/00244527.jpg,"A color still-life portrait of a concrete wall with a picture frame in the middle, one table, and one chair on the floor, in the 1920s Bauhaus style."
0.23619938,0.9770733,0.2626264762878418,train/00244933.jpg,"A girl with a giant daisy on her head walks along a cliff amidst surreal surroundings with a solar eclipse, milky way, clouds, and dramatic lighting."
0.42413512,0.7866063,0.25222513198852536,train/00245038.jpg,"A highly detailed digital painting of a valkyrie in armor, depicted in a fantasy-themed D&D portrait, showcased as a concept art illustration on ArtStation and created by artgerm, greg rutkowski and alphonse mucha."
0.46078804,0.54469746,0.2655501937866211,train/00245055.jpg,"A humanoid popcorn creature with a graceful, symmetrical and cute structure, highly detailed and elegant, inspired by artists Marc Simonetti and Caspar David Friedrich, currently trending on Artstation."
0.8329836,0.29258922,0.2971137809753418,train/00245191.jpg,A man in sneakers standing near a motorcycle
0.5371127,0.9184664,0.2899528121948242,train/00245577.jpg,"A woman with braided brown hair wearing a low-cut tank top, sitting in a chair in an anime art style similar to Greg Rutkowski's work."
0.45218608,0.23811974,0.26794603347778323,train/00245650.jpg,Clear glass bowl full of bright orange oranges.
0.2472387,0.4211233,0.26062736511230467,train/00245682.jpg,A flying saucer line drawing by Joe Fenton over a canyon.
0.3331641,0.4653576,0.2714853858947754,train/00246002.jpg,Detailed depiction of a horror scene within a home.
0.5916821,0.73133606,0.26973686218261717,train/00246034.jpg,A portrait of Nicolas Cage as an adeptus mechanicus in a red hood and robe from Warhammer 40000.
0.4561678,0.47758633,0.24866416931152344,train/00246045.jpg,"The haggis, a cute and photo realistic representation of the mythical Scottish creature."
0.3189303,0.04033745,0.27411312103271485,train/00246161.jpg,"A toilet made out of cardboard, holding newspaper inside."
0.6520886,0.78786296,0.2718054389953613,train/00246172.jpg,A neon circle surrounds the head of a renaissance statue on a black background.
0.67169976,0.29160205,0.27754270553588867,train/00246299.jpg,The elderly man is watching the screen in front of him. 
0.7193331,0.18783182,0.263260612487793,train/00246452.jpg,a coffee cup with a spoon and a small bike next to it
0.33111644,0.3260582,0.2758438873291016,train/00246599.jpg,"Three teens standing on edge of cliff overlooking a city in a forest, with colorful puffy clouds in the background."
0.37477916,0.71243566,0.21893739700317383,train/00246620.jpg,"A highly detailed digital painting of a motorcyclist in sharp focus, created as a concept art illustration by Artgerm and Greg Rutkowski and displayed on Artstation."
0.5666386,0.6396677,0.29177040100097656,train/00246676.jpg,Barbie doll with a distorted face resembling an alien.
0.59167075,0.42127526,0.24786674499511718,train/00246865.jpg,"Portrait of a cat with heterochromia, painted in a colorful and detailed abstract style."
0.269294,0.5404938,0.25982152938842773,train/00246901.jpg,The image depicts death through intricate and highly detailed concept art by Einar Jonsson and Bouguereau.
0.25691795,0.4363305,0.26009723663330075,train/00246947.jpg,"A pencil drawing of futuristic house interiors with an aggressive aesthetic and extreme perspective, featuring super detailed textures on handmade paper."
0.3741522,0.94542444,0.2843391609191894,train/00247101.jpg,A young girl with long flowing blonde hair wears black military crusader armor in a baroque-style action shot.
0.6281876,0.25058615,0.27404653549194335,train/00247158.jpg,A bunch of people standing around and posing for a picture.
0.5320558,0.7277083,0.24907398223876953,train/00247344.jpg,A portrait of a cyborg with a hood and mechanical part.
0.3610739,0.5708973,0.25637514114379883,train/00247352.jpg,Spherical plasticine people at a restaurant.
0.48664734,0.6367495,0.2780733489990234,train/00247431.jpg,Gandalf in a Star Wars-inspired character design painting.
0.5081194,0.60345906,0.2695618629455566,train/00247441.jpg,A person wearing an anime Metroid costume.
0.70905393,0.6945579,0.2661511993408203,train/00247586.jpg,Metroid character standing on top of a subway train.
0.45755666,0.6898041,0.25279850006103516,train/00247840.jpg,"A highly detailed digital painting of Hades, the Greek god of the underworld, with intricate and dark design featuring symmetrical elements."
0.14016436,0.36309788,0.24371442794799805,train/00248017.jpg,"A beautiful house with 6 levels made of multi-colored plastic balls, surrounded by network cables and features stunning volumetric light at sunset."
0.1952198,0.42064056,0.24150753021240234,train/00248091.jpg,"The image depicts travellers exploring an underground cavern filled with cathedral-like structures, mist and pools of water with hyper-maximalist details, created through digital rendering by Sparth and Greg Rutkowski."
0.40201026,0.7543078,0.2326425552368164,train/00248124.jpg,Lindsey Pelas portrayed as Gillian Anderson's character in a digital painting of the President of the United States by artist Artgerm on ArtStation.
0.7249548,0.6566328,0.26100963592529297,train/00248211.jpg,Man running in front of a Baroque painting.
0.47635892,0.6549289,0.27633493423461913,train/00248213.jpg,A digital painting of Peter Sellers with a fantasy-inspired elegant and intricate design.
0.19212747,0.4038365,0.25013477325439454,train/00248249.jpg,Concept art of Dante's Divine Comedy featuring a dark fantasy cave palace and stone throne illuminated by a beam of light amid fiery and foggy surroundings.
0.3939242,0.5056106,0.27136716842651365,train/00248847.jpg,A surreal painting by Ronny Khalil featuring freaky monsters with dramatic glowing lighting and wild emotional expressions reminiscent of 1930s Fleischer cartoon characters.
0.6473103,0.8652917,0.28208839416503906,train/00249018.jpg,An angel is protecting a man who is praying inside a gothic church.
0.24867041,0.39229873,0.28044790267944336,train/00249210.jpg,"A detailed interior of a shipwrecked flooded ruined cruise ship depicted in a colorful, creepy Craig Mullins landscape painting."
0.36465088,0.6722077,0.23200788497924804,train/00249252.jpg,Elton John portrayed as the pope in a highly detailed renaissance-style painting by multiple artists.
0.25666475,0.33292094,0.2867996025085449,train/00249258.jpg,City lights shining bright pink and orange overhead while giant birds land in a beautiful harbor with a warm feeling.
0.7646817,0.5293567,0.2696100425720215,train/00249433.jpg,The Pope drinking in a back alley.
0.6777193,0.4691968,0.27925958633422854,train/00249514.jpg,"A sad married couple having lonely dinner on a Saturday night painted by Marius Van Dokum, Norman Rockwell."
0.46630943,0.66329896,0.2738761329650879,train/00249551.jpg,"Digital portrait of a cyborg from Ghost in the Shell by Enki Bilal and Salvador Dali, showcasing cyberpunk themes in an impressive aesthetic manner."
0.29028,0.7707756,0.23859094619750976,train/00249556.jpg,Death wearing black cloak in the jungle with a tarsier watching.
0.19177018,0.41205472,0.22239990234375,train/00249632.jpg,People wait at a bus stop in a quiet city night in Disney Pixar's Up.
0.27760288,0.5550127,0.24072906494140625,train/00249953.jpg,"The Ayahuasca Spirit, an art piece by Greg Rutkowski."
0.41766727,0.0619816,0.2606200218200684,train/00250072.jpg,A bathroom sink sitting inside of a bathroom.
0.15729408,0.3948485,0.2443533134460449,train/00250094.jpg,An image of a paper origami moon in a natural landscape with volumetric lighting.
0.5296531,0.43679234,0.22247467041015626,train/00250096.jpg,"A capybara holding a sign that says ""hello."""
0.37125686,0.037633453,0.26304805755615235,train/00250250.jpg,a toilet a shower a gray shower curtain and some shelves
0.72039175,0.18738918,0.2628373718261719,train/00250273.jpg,An empty commuter train trimmed in red and gold.
0.75569546,0.18342946,0.2772541046142578,train/00250339.jpg,A silver truck on street next to other vehicles.
0.5761267,0.54709774,0.2781330871582031,train/00250422.jpg,A cute humanoid fluff creature that is scared of humans.
0.52478385,0.66922265,0.2960391044616699,train/00250594.jpg,"A digital painting of an elderly cyborg merchant in ornate clothing adorned with amber jewels, with a Baroque style and hyperdetailed features."
0.2780974,0.4505393,0.25152503967285156,train/00250814.jpg,"A digital painting of a highly detailed dieselpunk Lamborghini Countach, with sharp focus and illustrated by Raphael Lacoste and Greg Rutkowski."
0.2983465,0.8315563,0.2090510368347168,train/00250836.jpg,An anime key visual depicts maids riding early tanks and using old bolt action rifles during the horrors of the 1918 Great War.
0.35131443,0.8628033,0.2491461944580078,train/00250860.jpg,An anime girl with red-black hair in the Soviet pioneer form.
0.6519251,0.3691109,0.27873733520507815,train/00251028.jpg,a close up of a cat in the back of a car 
0.16532667,0.38356733,0.2568692779541016,train/00251035.jpg,"""The image is a panoramic view of a craggy mountain landscape with a three-color color palette."""
0.1362087,0.42515194,0.2172198486328125,train/00251132.jpg,A lithograph print by Taizi Harada depicting a winter scene of a town located at the base of Mount Fuji.
0.6368215,0.5948418,0.3057535934448242,train/00251206.jpg,"A closeup of a cute, smiling superhero action figure surrounded by swirly tubes and splashing water drops."
0.17657317,0.3779669,0.2584174919128418,train/00251255.jpg,"A 2D cinematic keyframe depicting a serene field with a glass castle and a dragon, rendered in a cel-shaded style by various artists including Studio Ghibli, with a joyous gaze."
0.55105793,0.5435771,0.2763153266906738,train/00251426.jpg,"The image depicts a mecha anthropomorphic penguin with shark teeth, metallic features, and glowing eyes, in a horror-themed style, created by multiple artists and currently trending on Artstation as a detailed illustration."
0.39320096,0.17784347,0.2582016372680664,train/00251475.jpg,A red painted wall is against a television.
0.23390956,0.5313622,0.2436063766479492,train/00251512.jpg,A post-capitalist future immersed in Acid Communism.
0.4538247,0.9416337,0.28553529739379885,train/00251569.jpg,A woman in a white uniform holds a laser pointer while standing in front of a blueprint background.
0.3917316,0.92347723,0.27699167251586915,train/00251705.jpg,"""Sorrowful anime schoolgirls depicted in a mirror room with a backdrop of dark pink and blue tones."""
0.3945675,0.849333,0.2558152389526367,train/00252106.jpg,A gothic girl in a cyberpunk world.
0.9638694,0.3974312,0.27539295196533203,train/00252247.jpg, An airplane suspended from a ceiling over a museum.
0.16654246,0.41980168,0.22643117904663085,train/00252284.jpg,"The image depicts a highly intricate and detailed digital painting of a mountainous landscape with a paisley filled sky, created by multiple artists including Roger Dean and Michael Whelan."
0.34933895,0.8545537,0.2401573371887207,train/00252292.jpg,"A female soldier with cyberpunk goggles and tactical armor, sporting robotic wings, stands amidst symmetrical orange and blue lights and smoke, reminiscent of sci-fi classics."
0.4474783,0.23085986,0.2621613502502441,train/00252337.jpg,Balance scales with apple and onion.
0.399036,0.7837579,0.25084939956665037,train/00252572.jpg,A portrait of a gardenia maiden by Alphonse Mucha in an Art Nouveau style.
0.45659342,0.78638804,0.27578207015991213,train/00252573.jpg,A portrait of a gardenia maiden by Alphonse Mucha in an Art Nouveau style.
0.28455,0.5024246,0.2604705429077148,train/00252655.jpg,A digital art by Skottie Young and Adolf Hiremy-Hirschl depicts a decaying flower with muted colors that evoke melancholy.
0.4746962,0.79118514,0.2507185363769531,train/00252720.jpg,Snow globe with a trapped female beach volleyball player in bikini holding a ball inside.
0.4744879,0.52655077,0.26561885833740234,train/00252943.jpg,A female tennis ball monster illustration by Basil Gogos.
0.33254108,0.03380695,0.27655351638793946,train/00253137.jpg,a white toilet with its lid open in a stall
0.7615791,0.49553293,0.2701565933227539,train/00253203.jpg,A giraffe licks a girl who is giving it food.
0.37298337,0.7727109,0.226949462890625,train/00253427.jpg,"A detailed and intricate artwork of a beautiful goddess made from technical drawings and architectural plans by James Jean, Ross Tran, and WLOP."
0.5805342,0.6309836,0.2835179328918457,train/00253678.jpg,Oil painting of a black and red spider-man suit hybrid by Greg Rutowski.
0.5495826,0.93471515,0.27823844909667966,train/00253699.jpg,Myrtille Revemont sitting on a beach in Moorea at sunset in an artwork by William Buguereau.
0.19225514,0.3881789,0.2550800132751465,train/00253762.jpg,"A fisherman's village on a tropical island with wooden pier, houses made of boat parts, and boats and nets scattered around, captured in a scenic matte painting by Marc Simonetti, Rhads, and Donato Giancola, currently trending on ArtStation."
0.3529042,0.6493956,0.23725873947143555,train/00254171.jpg,The image depicts Cayde-6 character from Fortnite.
0.4165288,0.8289716,0.2637417602539063,train/00254262.jpg,"The image depicts a stylized anime kunoichi with beautiful lineart, created by artist Ilya Kuvishinov."
0.5078939,0.76855904,0.2652644729614258,train/00254336.jpg,"A portrait of a gobelin with long hair and wise expression, illuminated in cinematic lighting."
0.7998766,0.22289273,0.26826255798339843,train/00254395.jpg,Bike shop inside with many prospective buyers also
0.50092375,0.5096418,0.26558040618896483,train/00254486.jpg,"A 2D character resembling a cockroach with a ""gigachad"" physique, consisting of head, torso, legs, and feet, inspired by the Lorax movie and showcased on ArtStation."
0.4545596,0.22304896,0.26487953186035157,train/00254712.jpg,A bbq sandwich served in a basket with fries.
0.2476257,0.5879864,0.244128475189209,train/00254717.jpg,Disney Concept Artists created a red invisible portrait with blunt borders and following the rule of thirds.
0.72585434,0.32256693,0.28728973388671875,train/00254936.jpg,two people in the rain sharing an umbrella
0.28633535,0.43716893,0.26650888442993165,train/00254947.jpg,The image features a spherical room decorated with fractal gems and crystals in a hyper-realistic and colorful style by several artists.
0.8233714,0.36699194,0.2663531684875488,train/00255064.jpg,Ski lift with some skiers moving rapidly down the mountain
0.43856394,0.9045145,0.2665561103820801,train/00255095.jpg,"A young woman, depicted by H.R. Giger, wearing a white tank top, a white short wet skirt, a black choker, and black open-toed heels, with dark black pigtails and entirely black eyes, smirking."
0.53308284,0.064134195,0.2821732711791992,train/00255225.jpg,A white toilet sitting between a car and a truck.
0.44970906,0.5959795,0.26801702499389646,train/00255299.jpg,"A manga illustration of ""A Hat in Time"" showing the main character wearing a hat."
0.4415745,0.64350903,0.2681441879272461,train/00255321.jpg,One sentence: The image depicts Braco the Gazer in high detail.
0.2641981,0.73088586,0.21065284729003905,train/00255336.jpg,Game of Thrones characters depicted as My Little Pony characters.
0.60863805,0.47647962,0.26956472396850584,train/00255579.jpg,"The image depicts a hamster dressed as Yoda from Star Wars, in a cinematic style and with grainy texture and lighting."
0.3822005,0.85696876,0.24525279998779298,train/00255644.jpg,"The image is a digital painting of a young woman in a futuristic setting, featuring neon lights, intricate details and tech elements."
0.95979613,0.40816164,0.2594470977783203,train/00255662.jpg,A toy navy air plane being flown  over a yard. 
0.4146254,0.7862687,0.26293081283569336,train/00255830.jpg,A closeup portrait art of Megumin from Konosuba by Craig Mullins.
0.7616124,0.28066215,0.2563299560546875,train/00255892.jpg,a man in a uniform checking out the wreckage of a bus crash
0.41318443,0.87072736,0.2709017181396484,train/00256309.jpg,A Cyberpunk-themed illustration of a young Black woman with a Blade Runner city background.
0.545748,0.56579405,0.27172887802124024,train/00256370.jpg,"Humpty Dumpty is in a fight with a pink rubber monkey in a cyberpunk, post-apocalyptic Tokyo setting."
0.3292941,0.4487116,0.26988264083862307,train/00256466.jpg,A padlock in a nebula.
0.4568326,0.6427322,0.2626500129699707,train/00256516.jpg,A graffiti portrait of Iron Man.
0.44518337,0.77395844,0.2694190788269043,train/00256860.jpg,A digital art image of Laura Bailey portraying the character Jester.
0.7637505,0.43343586,0.26881296157836915,train/00257027.jpg,baby lambs eating grass off the ground on a leach 
0.34779128,0.05167805,0.2610159492492676,train/00257437.jpg,A toilet that is very clean in a bathroom.
0.697289,0.38059333,0.2924441719055176,train/00257496.jpg,A dog is watching a little boy on TV.
0.47308847,0.8299596,0.29072397232055663,train/00257754.jpg,Portrait of a princess wearing amethysts with intricate details and dramatic lighting.
0.28868815,0.4678363,0.25451786041259766,train/00257877.jpg,"An image of a highly detailed time travel machine, transporting the viewer to the wild west in 1884."
0.44430402,0.7971935,0.27276134490966797,train/00257935.jpg,The image is a digital art depiction of a female angel warrior with detailed features by artist Magali Villeneuve.
0.25343502,0.70754945,0.20823631286621094,train/00258064.jpg,"Medieval painting depicting a samurai, knight, demon, and wizard by Giotto di Bondone."
0.7658499,0.42721263,0.25412649154663086,train/00258121.jpg,A dog in an enclosure with a  herd of sheep
0.07272639,0.73991144,0.22573101043701171,train/00258372.jpg,An ivory and crimson volcano produces a demonic eye-shaped smoke in a Don Bluth creation.
0.38236895,0.59641606,0.2493910789489746,train/00258380.jpg,An artwork by Greg Rutkowski depicting a man standing while a revelation is sent down from the creator of earth and heavens.
0.65160364,0.53816664,0.301574649810791,train/00258539.jpg,A lion dressed as a cowboy wearing sunglasses in a digital painting.
0.18953693,0.59858215,0.23159633636474608,train/00258576.jpg,"A painting titled ""Beyond Good and Evil"" by Jean-Honore Fragonard."
0.2140852,0.59435314,0.24142494201660156,train/00258579.jpg,"A painting titled ""Beyond Good and Evil"" by Jean-Honore Fragonard."
0.49291196,0.6708535,0.2779005241394043,train/00258583.jpg,"Henry Cavill depicted as a Victorian King with red eyes and intricately detailed jewelry in a digital painting by Artgerm, H R Giger and Alphonse Mucha."
0.83644533,0.19102503,0.2915559387207031,train/00258727.jpg,A black motorcycle parked on the side of a road.
0.4133602,0.95560145,0.29890663146972657,train/00258762.jpg,A levitating dancer made of a starry galaxy with flowing hair and a sundress.
0.83714205,0.19864573,0.3036259460449219,train/00258953.jpg,A colorfully painted motorcycle on display with other motorcycles.
0.3173242,0.630066,0.22699644088745116,train/00259100.jpg,The image depicts cyborg eyes.
0.40683442,0.80588776,0.24482343673706056,train/00259316.jpg,"The image is a highly detailed, digital painting of an Achaemenid princess as a fantasy character, portrayed in a painted character portrait style with sharp focus and available on ArtStation as concept art."
0.7147096,0.3093371,0.3070391654968262,train/00259388.jpg,Two people siting together on a bench matching .
0.4735961,0.80478114,0.2796300315856934,train/00259546.jpg,Portrait of Danny Trejo as church nun in manga style.
0.48193577,0.67781764,0.2736306571960449,train/00259686.jpg,"The image is a highly detailed digital painting of a rugged bearded man in a suit, with a fantasy theme, marketed as concept art on ArtStation and credited to artists Artgerm, Greg Rutkowski, and Alphonse Mucha."
0.6686125,0.70474267,0.27914091110229494,train/00259818.jpg,"A male android boxer, Canelo Álvarez, stands still with a blank expression, his shiny half robot, half humanoid body depicted in realistic detail."
0.42487794,0.7822176,0.2679556274414063,train/00260020.jpg,"A digital painting of a detailed portrait of a teak empress, created by artists Artgerm, Greg Rutkowski, and Magali Villeneuve, and trending on ArtStation as concept art."
0.32295898,0.5647166,0.25281438827514646,train/00260033.jpg,A painting by Lucian Freud and Jenny Saville featuring a golden eal and turquoise.
0.9252356,0.37726283,0.26980525970458985,train/00260079.jpg,a white plane sits on a tarmac near a row of parked cars
0.34448862,0.54151255,0.25838550567626956,train/00260209.jpg,A painting by Nychos from the Weird Crew.
0.4634684,0.7914377,0.2758062553405762,train/00260231.jpg,"A digital painting of Bryce Dallas Howard as a replicant from Blade Runner, created by multiple artists, featuring a beautiful and hyperrealistic face."
0.3978063,0.5928633,0.270087833404541,train/00260471.jpg,Person standing in front of a portal to another dimension in artwork by Emmanuel Shiu.
0.30421436,0.6825906,0.22511455535888672,train/00260520.jpg,"Terence McKenna portrait in a garden full of psilocybin mushrooms and exotic flowers, depicted in colorful and intricate 3D vector art illustration."
0.34760004,0.05376479,0.2464741897583008,train/00260525.jpg,A white toilet sitting under a bathroom window.
0.72438246,0.39618155,0.2770532989501953,train/00260682.jpg,a small dog attached to a leash behind a bigger dog
0.44608155,0.6536415,0.271668872833252,train/00260721.jpg,"A portrait of Thor by Gregory Manchess, James Gurney, and James Jean."
0.4013418,0.59798664,0.2586114501953125,train/00260813.jpg,A close up of President George Washington controlling a personal attack mech.
0.813884,0.34861752,0.27757940292358396,train/00260859.jpg,A skateboarder doing tricks on the edge of a wall.
0.5011956,0.7012367,0.2533474540710449,train/00260865.jpg,A guardsman in a space hulk from Warhammer 40k Darktide is depicted as very sad and crying.
0.37362838,0.8212308,0.2408474540710449,train/00260920.jpg,A movie poster for an animated film titled DOMINION featuring a female lead character and exploring themes of alternate dimensions and betrayal by our higher selves.
0.4217925,0.0037345032,0.29393936157226563,train/00261021.jpg,A bathtub sits next a window showing a ferris wheel.
0.41957653,0.014727898,0.2814599800109863,train/00261023.jpg,A bathtub sits next a window showing a ferris wheel.
0.43869406,0.5117063,0.25852075576782224,train/00261163.jpg,McDonald's Happy Meal mascot and minions engaging in a gunfight.
0.36201018,0.8650896,0.23891616821289063,train/00261177.jpg,Close up portrait of a punk goth fashion girl in a futuristic city.
0.5654711,0.8489159,0.2666293907165527,train/00261254.jpg,"Alice Eve as Sue Storm in an iridescent shimmering wedding dress, showcasing her force field powers as the Invisible Woman from the Fantastic Four in a hyperreal studio setting."
0.2878535,0.46714273,0.2674434280395508,train/00261266.jpg,"A view of a wall with circular portals to another world, depicted in a highly detailed digital art by artist Greg Rutkowski."
0.55289954,0.23979692,0.2616470527648926,train/00261278.jpg,A person is jarring orange slices into multiple jars.
0.7147701,0.643387,0.26737483978271487,train/00261282.jpg,"Aristocrat eating a cooked sandworm on a plate in a restaurant with a dark color scheme and soft lighting, depicted in commissioned concept art for the Dune movie."
0.32623342,0.029288242,0.2847815704345703,train/00261460.jpg,a metal thing is sitting on top of a urinal
0.28524378,0.5542845,0.25108697891235354,train/00261491.jpg,The image is a concept art of an unknown zodiac sign named Wasopius.
0.9522862,0.39631623,0.27603906631469727,train/00261684.jpg,A large airplane in the air on top of a runway taking off.
0.740838,0.39275533,0.2885442352294922,train/00261747.jpg,A man tossing a teddy bear off the side of a bridge with a parachute.
0.73799384,0.16070758,0.27845489501953125,train/00261766.jpg,a police car that is parked at a light
0.62145627,0.4481719,0.27390083312988284,train/00261910.jpg,A digital painting of Disney's Bambi Cat in Pixar style.
0.48607558,0.15594967,0.25961875915527344,train/00262010.jpg,"A kitchen with a stove, oven, and refrigerator."
0.2745601,0.6350823,0.23407863616943358,train/00262015.jpg,"The image shows the mount Epic Cartel Master's Gearglider from the video game World of Warcraft, with artwork by several artists and a comic by Jesper Ejsing."
0.0878847,0.3507594,0.24562788009643555,train/00262335.jpg,Moon visible through the trees in an ominous and gory horror film scene.
0.6542839,0.75554127,0.26233041763305665,train/00262338.jpg,"A cute female collectable toy with a video camera, designed by Jon Burgerman and Pixar in pastel 3D."
0.21471849,0.5686995,0.24102249145507812,train/00262371.jpg,"The image is a promotional movie poster featuring the phrase ""ART with AI"" repeated eleven times."
0.4169302,0.67984754,0.2532094192504883,train/00262588.jpg,"A portrait of half Steve Buscemi wearing a loaf of sourdough bread, by Anders Zorn and Greg Rutkowski."
0.42950994,0.23342437,0.269735221862793,train/00262684.jpg,A laptop is set up at the dining room table.
0.18648499,0.39856464,0.24387138366699218,train/00262825.jpg,"A screenshot of the last guardian's shadow in an Unreal engine 5 game, set against a tidal wave and a white ball-shaped building in an Icelandic cliff-face village with red banners waving in the wind."
0.44968027,0.23230045,0.2569203758239746,train/00262996.jpg,A large bunch of bananas hanging from a tree.
0.33323076,0.92716175,0.2584382629394531,train/00263006.jpg,"A stunning artwork featuring a tropical island landscape with a beautiful girl surrounded by lush forest, roses and coconuts in a rainy, misty ambiance."
0.44072855,0.6452464,0.26937156677246094,train/00263018.jpg,The image is a portrait of Christopher Columbus painted by Van Gogh.
0.6164625,0.47721505,0.2768875694274902,train/00263063.jpg,An anthropomorphic fox fursona created by Kawacy.
0.75533414,0.41047943,0.24271377563476562,train/00263095.jpg,A mustang car and horse who the car is named after
0.6027059,0.6718385,0.294354133605957,train/00263147.jpg,Portrait of a fat sinister joker in a red and yellow Ronald Macdonald costume with a red M on the chest.
0.8080727,0.2486523,0.27525768280029295,train/00263152.jpg,A few people on motor scooters riding down a street.
0.25157332,0.96548045,0.26391380310058593,train/00263166.jpg,"An impressive closeup of a giant rose flower head in dramatic light, with a girl in a suit featured in the surreal, impressionist digital painting by Simon Stalenhag."
0.8329387,0.21524893,0.2955738639831543,train/00263485.jpg,a group of motorcyles placed side by side parked on the street
0.16072701,0.45771927,0.22098520278930664,train/00263620.jpg,"A detailed fantasy map created by Devon Rue for Critical Role, WOTC, Roll20, DnDBeyond, and Godsfall depicting a bright fantasy world."
0.29654977,0.34642643,0.2640313529968262,train/00263780.jpg,An overview of land and snow capped mountains.
0.70405763,0.16944787,0.2649996566772461,train/00263794.jpg,there is a large sign that says a street name on it
0.7967284,0.27461717,0.27043569564819336,train/00263962.jpg,A women who is standing next to a motorcycle.
0.23244157,0.38077348,0.27581214904785156,train/00264003.jpg,"A city street with a Frank Gehry building in organic style, captured during a sunset with hyperrealistic and futuristic elements."
0.71237075,0.3060087,0.293427848815918,train/00264153.jpg,A woman drinking water and a man with a backpack stand by a city bench.
0.40429306,0.076169886,0.23403717041015626,train/00264199.jpg,A mirror and soap dispenser in a bathroom.
0.2148128,0.9641994,0.23338546752929687,train/00264320.jpg,"A girl walks on salt flats mountains through giant daisy flower head amidst a colorful sunrise with dramatic clouds, resembling an impressionist or digital painting by artist Simon Stalenhag on ArtStation."
0.40907592,0.9224022,0.2863434600830078,train/00264458.jpg,"An anime girl with white hair and cracks on her face wearing a dress suit with tie, illustrated by Yoshitaka Amano with abstract black and white patterns in the background."
0.6557256,0.48973748,0.2903507995605469,train/00264511.jpg,An Anthropomorphic west highland white terrier is shown as a heavy metal guitarist playing an electric guitar on a rock concert stage.
0.49664503,0.1375844,0.23763648986816407,train/00264549.jpg,a sink and white cabinets in a kitchen
0.30244532,0.6044275,0.2363776969909668,train/00264657.jpg,Giordano Bruno practicing alchemy in Botticelli-style illustration.
0.6574324,0.21972777,0.24357675552368163,train/00264660.jpg,"A hill climb is a difficult feat, even for an experienced rider."
0.35955694,0.7246072,0.20589570999145507,train/00264968.jpg,"A digital portrait of Adam Jensen from Deus Ex in Blade Runner 2049, featuring vibrant colors and dynamic lighting, illustrated by Greg Rutkowski."
0.72402585,0.37517557,0.2793829345703125,train/00265093.jpg,A man sits on the back of a car patting a dog.
0.46145564,0.7250564,0.24723995208740235,train/00265172.jpg,"A baroque oil painting of an anime shaman in a brutalist, dark fantasy setting."
0.6696647,0.30158803,0.291411190032959,train/00265379.jpg,A black and white image of a lady on her cell phone while sitting down. 
0.75544876,0.16339923,0.29496522903442385,train/00265397.jpg,A parked silver Nissan Titan four door pickup truck.
0.7502247,0.1704118,0.2930068588256836,train/00265399.jpg,A parked silver Nissan Titan four door pickup truck.
0.5068092,0.5985302,0.2687635803222656,train/00265421.jpg,"A 3D stylized illustration of a ninja armor Gundam emitting an aura, created by global artist Jesper Ejsing and Rhads."
0.6709918,0.36181644,0.298067684173584,train/00265470.jpg,A big orange cat sitting on a wooden bench.
0.5326659,0.6085446,0.2617569351196289,train/00265479.jpg,A golem with a 12-sided dice for a head in a dark fantasy concept art by Kouichirou Harada.
0.41916403,0.06149731,0.2644111442565918,train/00265516.jpg,"A small bathroom has a corner shelf not in a corner, a standing sink, and a corner tub."
0.5432349,0.6131536,0.2708500099182129,train/00265571.jpg,Judy Hopps interrogates Hannibal Lecter in a movie still mashup.
0.25094074,0.5580513,0.2643556022644043,train/00265786.jpg,Digital art by Z.W.Gu.
0.17499541,0.38417518,0.2542426681518555,train/00265894.jpg,"A mixed media landscape artwork of a desert scene with mountains in the background and a bright sky, showcasing vibrant colors and intricate detail."
0.8211484,0.26136655,0.28118463516235354,train/00265958.jpg,Two policemen on their motorcycles on a sunny day
0.32111257,0.4693235,0.25918270111083985,train/00266411.jpg,A mechanical bouquet of flowers with highly detailed design.
0.6472452,0.35960132,0.28204309463500976,train/00266447.jpg,A cat sitting on a desk next to a window.
0.6120238,0.80886513,0.27141357421875,train/00266462.jpg,A father and his young daughter are illustrated in a colorful digital style resembling popular artists.
0.83873117,0.19372138,0.2970823669433594,train/00266492.jpg,A motorcycle on the sidewalk next to a porch. 
0.670254,0.7007851,0.28912691116333006,train/00266606.jpg,A male android fitness model resembling Cristiano Ronaldo poses robotically with shiny skin and a blank stare.
0.46948734,0.21991508,0.27103973388671876,train/00266631.jpg,Fish swimming in a food processor.
0.26429155,0.6761512,0.23435001373291015,train/00266632.jpg,Angelyne battles Scorpion in a tea room painting by Mark Ryden.
0.44328567,0.7711004,0.2589765739440918,train/00266806.jpg,"quality painting of a strong black African tribal warrior woman with an afro, by Jean-Michel Basquiat."
0.37423867,0.03815079,0.27290666580200196,train/00267025.jpg,A bath tub sitting next to a white toilet.
0.5326069,0.4288011,0.21667505264282227,train/00267140.jpg,A cow interrupts a scene from Star Wars Episode 4.
0.6507001,0.37076965,0.2783256721496582,train/00267153.jpg,Basket of old stuffed animals upside down in the trash. 
0.39796,0.82765853,0.24767675399780273,train/00267205.jpg,"The image features a female boss in Elden Ring, wearing a renaissance noble costume with a gorgeous mask and sharp edges, illuminated by stage light on her shining crown."
0.51958036,0.7019448,0.26465229034423826,train/00267406.jpg,"A portrait of a space pirate warrior next to his spaceship, illustrated by Juan Giménez and Moebius."
0.54975265,0.28169894,0.27456108093261716,train/00267503.jpg,A person sits on the toilet in a bathroom reading a magazine.
0.2164074,0.58677375,0.23431875228881835,train/00267532.jpg,Disney Concept Artists' hug with blunt borders follows the rule of thirds.
0.5143519,0.81811863,0.26996755599975586,train/00267765.jpg,"A woman screams in the etheric hypothalamus of her mind, depicted in a symmetrical and intricate pink illustration style reminiscent of Edward Robert Hughes and Zdzislaw Beksinski."
0.6142131,0.3406434,0.29344173431396486,train/00267895.jpg,A stainless steel toilet with a little pink bunny inside.
0.17001742,0.4836067,0.2170777702331543,train/00267916.jpg,Realistic detailed image of iridescent holographic glass prismatic rainbow light reflecting unknown entity in neo-gothic style with rich deep colors.
0.3582444,0.6258993,0.2328657341003418,train/00268036.jpg,The image depicts a human-robot concept in science fiction with a biorobot design.
0.21933162,0.3988531,0.26820734024047854,train/00268113.jpg,A small town with a demonic magical portal depicted through a matte painting.
0.45496005,0.5220769,0.2632676315307617,train/00268147.jpg,Tribal warrior rides on a war elephant in a concept art by Beksinski.
0.16323656,0.66300565,0.2331792449951172,train/00268148.jpg,Howard Carter discovers Pepperoni Pizza in Tutankhamun's tomb.
0.49254653,0.6172711,0.27077531814575195,train/00268197.jpg,Illustration of Darth Vader in a GTA 5 loading screen style.
0.42173648,0.23032802,0.2652155113220215,train/00268227.jpg,A desk that has a laptop computer on it.
0.3613043,0.6531917,0.24588415145874024,train/00268357.jpg,Android face.
0.38678387,0.061318316,0.25531864166259766,train/00268372.jpg,"A small bathroom has a toilet, sink, and bathtub."
0.48807898,0.5322676,0.26013940811157227,train/00268385.jpg,Oil painting of a crow alchemist in a medieval bookstore background.
0.65157664,0.863288,0.2767582321166992,train/00268402.jpg,"A couple in love sit in a living room with a dark, mystical energy surrounding them, and a plant off to the side."
0.41409177,0.6665965,0.24775171279907227,train/00268484.jpg,"The image is a highly detailed, psychedelic digital painting featuring a surreal mecha face and tarot imagery by various artists including Josan Gonzales and Krenz Cushar."
0.6988789,0.23407507,0.25017431259155276,train/00268541.jpg,"A man, woman and child in an advertisement vehicle for a seafood restaurant."
0.6629149,0.6504257,0.2755322074890137,train/00268684.jpg,A bearded king of the sea standing in his garage.
0.34733233,0.31975794,0.2519261932373047,train/00268831.jpg,This cake is being doused in liquid chocolate
0.4251062,0.86161,0.2765684127807617,train/00268851.jpg,A young Asian girl wearing an ankh necklace stands in a river in a hyperdetailed painting by Artgerm.
0.31434917,0.42972216,0.24961481094360352,train/00269340.jpg,Electric guitar and beer can on the moon.
0.5865563,0.8125892,0.27993494033813476,train/00269602.jpg,"An intricate and highly detailed digital painting of a damaged cyborg being repaired by a beautiful astronaut soldier in a futuristic military medical bay, with a cyberpunk sci-fi aesthetic."
0.46453732,0.8241026,0.2727136993408203,train/00269627.jpg,A stunning 3D render of a futuristic biomechanical humanoid woman with a lace headdress.
0.2204435,0.60170686,0.23845109939575196,train/00269860.jpg,"The image features a sufi symbol, designed in the style of Zeen Chin."
0.56908137,0.6553446,0.2884658622741699,train/00269990.jpg,A muscular samurai wearing a cybernetic oni mask in a movie still.
0.41612926,0.7824921,0.2646193504333496,train/00270025.jpg,"The goddess of China depicted in a highly-detailed digital painting with sharp focus and smooth lines, created by a team of artists on ArtStation for use in the Unreal Engine 5 platform."
0.29095602,0.4525174,0.2704855155944824,train/00270073.jpg,A black and white matte painting depicting the start of a new era.
0.5000473,0.860861,0.2837913703918457,train/00270194.jpg,"A portrait of a woman wearing a futuristic headdress with daisies, colorful puffballs, mushrooms and rhizomorphs, and a laser cut paper lace collar, with fine gold details and red lips."
0.4303843,0.072488114,0.263702392578125,train/00270291.jpg,White bathroom sink with tile countertop and wood cabinet.
0.38331312,0.843647,0.23955955505371093,train/00270312.jpg,Portrait of a young gothic cyborg anime maiden.
0.6150822,0.6915279,0.28399139404296875,train/00270382.jpg,"A cyborg clown vampire in red, surrounded by cables, depicted in a 19th century wood-engraving style."
0.59576285,0.2769611,0.2741971397399902,train/00270394.jpg,A plate with two hot dogs and a cup of coke on a table next to a bike.
0.42224878,0.8126941,0.2682648658752441,train/00270450.jpg,"The image depicts a beautiful woman in a super heroine costume with intricate and elegant details, showcasing her superpowers in a fantasy setting, as portrayed in a digital painting by Stanley Lau on ArtStation."
0.23972608,0.5697761,0.2541839218139648,train/00270518.jpg,Two contrasting art styles: Dadaism and realism.
0.5251928,0.2587714,0.2740289497375488,train/00270615.jpg,man with camera looking into a reflective mirror 
0.4066782,0.5125931,0.2671307373046875,train/00270695.jpg,"Colorful coat with intricate prints and chrome accents, perfect for a rave or fashion statement."
0.3983512,0.05132378,0.2571650505065918,train/00270711.jpg,"Looking at a bathroom with a ladder shelf, bathtub, toilet and sink."
0.64003336,0.3561623,0.2791525650024414,train/00270956.jpg,A cat sitting on top of a window sill over a sink.
0.59702545,0.82402474,0.28185787200927737,train/00271007.jpg,A damaged female spec ops cyborg is being repaired in a futuristic military medical bay with hanging and lying cables.
0.5921223,0.7121466,0.28299449920654296,train/00271085.jpg,A close-up portrait of a young male anime character with white hair and green eyes from the video game Genshin Impact.
0.8433676,0.19106597,0.303186206817627,train/00271226.jpg,A BMW motorcycle parked on a brick street.
0.48857257,0.7227602,0.2870758819580078,train/00271397.jpg,The image depicts Katheryn Winnick as a muscular and ruggedly handsome heroine in an intricately detailed digital painting.
0.831297,0.28920707,0.2939518165588379,train/00271514.jpg,A man riding a bike down a street next to a giant panting.
0.1928689,0.49107635,0.24614900588989258,train/00271560.jpg,A Nintendo 64 made of stone with ancient Egyptian style and hieroglyphs.
0.32984027,0.04620065,0.2701514053344727,train/00271630.jpg,"A toilet has a rug, and a plunger next to it."
0.5035599,0.8445045,0.26977781295776365,train/00271705.jpg,A war cleric in robes walks through a flower meadow with a starry sky backdrop in a hyperrealistic portrait.
0.1523337,0.35750452,0.263598747253418,train/00271738.jpg,"A landscape painting by Monet featuring a lake, stream, trees, and grassy hills with dramatic lighting."
0.2805995,0.658913,0.23880624771118164,train/00271888.jpg,Portrait of acephalic birth.
0.93726075,0.36845672,0.2829981803894043,train/00271996.jpg,A plane sitting parked on the cement near grass.
0.5558717,0.5951932,0.27176958084106445,train/00272051.jpg,An evil fairy with big teeth and terrifying presence resembling that of a horror creature or insect monster from a fairytale.
0.38827682,0.024699422,0.28191307067871096,train/00272077.jpg,A all white bath room with blue tape on the floor . 
0.3254775,0.45892927,0.274703254699707,train/00272175.jpg,I do not know what this image is if it is a cake or not.
0.57426906,0.24239089,0.24981719970703126,train/00272228.jpg,Bride and groom feed each other piece of cake 
0.21107009,0.41265526,0.25745832443237304,train/00272587.jpg,Atlanta in ruins after nuclear war in Fallout 4.
0.18353295,0.46871492,0.22927091598510743,train/00272648.jpg,Sketches of spikey rocks with a painterly style.
0.8522462,0.18919693,0.3057408332824707,train/00272728.jpg,A purple motorcycle parked in front of a red brick building.
0.3421999,0.046399824,0.268859920501709,train/00272847.jpg,A bathroom with a strange round shaped toilet.
0.8453766,0.19397809,0.308289852142334,train/00272987.jpg,A shiny black motorcycle with gleaming chrome is parked on a city sidewalk.
0.23386978,0.6300364,0.2377259063720703,train/00273033.jpg,"A still from the movie ""The Lord of the Rings: The Return of the King."""
0.47576967,0.7125597,0.24757434844970702,train/00273200.jpg,Portrait of a tentacle warrior.
0.65856403,0.13786295,0.2578902244567871,train/00273246.jpg,a pointed clock tower of an investment building
0.45291388,0.18562181,0.24910787582397462,train/00273306.jpg,There is an orange in the cup and a bag in the water.
0.83009064,0.35401642,0.2784965705871582,train/00273525.jpg,many people and snowboards at the bottom of a snowy mountain
0.19271849,0.6686829,0.22085697174072266,train/00273568.jpg,"The image features a titan with amazing detail, depicted in a low angle with cinematic style and dramatic lighting."
0.45970997,0.64336485,0.27146392822265625,train/00273605.jpg,"""A highly detailed discord profile picture for the user thecomputato trending on Artstation."""
0.31184378,0.64894515,0.22587806701660157,train/00273668.jpg,Werewolf illustration by Ron Spencer.
0.40241024,0.8121243,0.24471567153930665,train/00273876.jpg,A robotic cybernetic goddess with feminine features walks menacingly on a peaceful path.
0.5955622,0.8436014,0.2948937034606934,train/00273887.jpg,A digital painting of two AI androids facing each other with closed eyes.
0.5282288,0.51997584,0.27335893630981445,train/00274242.jpg,An adorable baby dragon.
0.51980907,0.72930163,0.2578125,train/00274285.jpg,"Portrait of a long-haired king with a gentle and wise expression, with cinematic lighting."
0.71079177,0.369131,0.2870815467834473,train/00274307.jpg,A dog attache by his leash to the side car of a motorcycle parked in a parking lot.
0.52593,0.4661302,0.25058895111083984,train/00274322.jpg,Seven hens dressed in Andy Warhol-style dresses.
0.72790855,0.16531791,0.27666229248046875,train/00274416.jpg,A red fire hydrant mounted to the side of a building.
0.50353676,0.82160634,0.2828211784362793,train/00274595.jpg,A portrait of a sun goddess wearing a golden crown by Jules Bastien-Lepage.
0.8027849,0.28588584,0.27065696716308596,train/00274731.jpg,A guy riding a motorcycle in a big parking lot.
0.41667518,0.8111893,0.265015983581543,train/00274799.jpg,A nature goddess using her cellphone in a detailed acrylic painting by Josephine Wall.
0.39795563,0.062152453,0.25552154541015626,train/00274842.jpg,"The bathroom has a sink, toilet, and a bath tub."
0.56314224,0.24543032,0.2754307746887207,train/00274848.jpg,A woman cooking in a wok while wearing a scarf.
0.40020934,0.5726298,0.25029329299926756,train/00275104.jpg,Lego minion astronaut in a yellow spaceship.
0.27193257,0.4488128,0.243032283782959,train/00275212.jpg,A drawing of a vertical space rocket on a dark blue background with colorful clouds and stars by various artists.
0.6681153,0.44415072,0.2814551544189453,train/00275247.jpg,Depressed Santa Claus kissing a white fluffy cat in his dark workshop while crying.
0.40912804,0.81097704,0.2552072143554687,train/00275276.jpg,"A portrait of a princess with ornate and intricate details, featuring dynamic lighting and intricate design."
0.4381527,0.6844926,0.24553373336791992,train/00275352.jpg,Tom Cruise in power armor as Warhammer 40000 inquisitor.
0.5969405,0.27126157,0.26553218841552734,train/00275378.jpg,Two women sit at a table with wine glasses and papers.
0.10454648,0.35424584,0.2544738960266113,train/00275465.jpg,"The image depicts a submerged, wrecked swamp with reflections and camouflage, created by artists Ben Copeland, Richard Hendrick, and Richter."
0.11704629,0.35267335,0.253477840423584,train/00275803.jpg,"A painting of a grassy field with trees in the background by Blanche Hoschede Monet, in the impressionist style."
0.14470746,0.36362725,0.2580771064758301,train/00275870.jpg,A forest fire in California with a style reminiscent of Leonardo da Vinci.
0.6097648,0.45132548,0.26120307922363284,train/00275966.jpg,A person's Minecraft dog has been killed by their friend.
0.63101256,0.8486961,0.27056493759155276,train/00276269.jpg,"A woman with braided brown hair sits in a chair, wearing a low cut tanktop, in a dimly lit scene reminiscent of the art style of Greg Rutkowski."
0.4837584,0.15229529,0.25592655181884766,train/00276365.jpg,View of a stove next to a stainless kitchen sink under a window.
0.37277687,0.07185981,0.2386741256713867,train/00276430.jpg,"A toilet, sink, mirror, sanitizer and a window"
0.33546028,0.041781723,0.26345617294311524,train/00276545.jpg,Small white toilet with a small window above it. 
0.3903036,0.64838165,0.245051326751709,train/00276548.jpg,"The image depicts a god in the astral void with a head made of glass filled with stars, surrounded by a purple void split open like a cracked egg, glowing with the universe and having glowing eyes and no nose, showcasing psychedelic art with stunning aesthetics."
0.328161,0.045530938,0.27749914169311524,train/00276608.jpg,A white toilet sitting underneath a picture on a wall.
0.44617274,0.6963512,0.260139102935791,train/00276687.jpg,"The image depicts a digital illustration of a Tree Person as an Apex Legends character, with a dynamic and detailed portrait design by Mark Brooks and Brad Kunkle."
0.4352668,0.79519045,0.2628079605102539,train/00276693.jpg,A painted portrait of a mad goddess of the wind in an art nouveau style with vibrant color lines and backlighting.
0.82049114,0.19722024,0.2808116912841797,train/00276931.jpg,a motorcycle that is parked in side a buliding
0.46176925,0.6977358,0.25697290420532226,train/00277106.jpg,"The image is a detailed fantasy portrait of male polar explorer Luke Evans, created as digital painting concept art by artists Artgerm, Greg Rutkowski, and Magali Villeneuve, and is trending on Artstation."
0.44311175,0.86583567,0.2888248062133789,train/00277156.jpg,"A woman in a summer dress with blonde hair, in a highly detailed and intricate digital painting."
0.4170431,0.044886295,0.26479164123535154,train/00277178.jpg,An intricate shower handle in a bathtub. 
0.3494556,0.03294851,0.27127838134765625,train/00277219.jpg,a toilet with grab bars around it and a baby changing table
0.43380368,0.8193041,0.27007904052734377,train/00277394.jpg,"Portrait of a cosmonaut girl creature with biological parts, illuminated by neon light, in a highly detailed digital painting by Artgerm and Greg Rutkowski."
0.52484816,0.26105085,0.26687965393066404,train/00277414.jpg,A persons reflection in the bathroom mirror holding a camera
0.46686226,0.5067792,0.2938360595703125,train/00277535.jpg,Object with googly eyes attached to appliances.
0.1936076,0.57587737,0.23305116653442381,train/00277808.jpg,"A science fiction movie poster with a classic Mayan mythology theme featuring deep jungle creatures, aquatic plants, and drawings in the style of Terry Gilliam."
0.924909,0.39834502,0.25785619735717774,train/00277911.jpg,A plane is on the tarmac at Naha Airport.
0.54171675,0.2505239,0.2738259506225586,train/00278039.jpg,A man taking a selfie in his microwave reflection of himself and coffee cup.
0.41531262,0.7799941,0.25953964233398436,train/00278170.jpg,A 3D cell shaded portrait painting of a witch in a cubist style reminiscent of Picasso.
0.5515829,0.7001527,0.26819280624389646,train/00278305.jpg,"A portrait of an old vampire with intricate wrinkles and sharp black fangs, illuminated by night light and candles."
0.6184321,0.3710803,0.26018217086791995,train/00278371.jpg,a cat goes through a bag as it lays on a bed
0.44963342,0.7027605,0.258626708984375,train/00278477.jpg,"A portrait of a collector of souls, depicted through pen and ink with intricate line drawings, featuring dynamic cinematic lighting and a post-processed style by artists Raphael Lacoste and Eddie Mendoza, available on ArtStation."
0.58316547,0.57018137,0.2885442733764648,train/00278521.jpg,Bart Simpson and Harry Potter are shaking hands in statue form.
0.6298555,0.5093055,0.29105859756469726,train/00278707.jpg,"A digital painting of a geometric wolf with a moon in the background, featuring intricate details and elegant design."
0.4113586,0.40115854,0.2768044853210449,train/00278729.jpg,A lemon and a tomato dance romantically under candlelight.
0.4066542,0.3788551,0.27545494079589844,train/00278730.jpg,A lemon and a tomato dance romantically under candlelight.
0.09079326,0.3444349,0.253476505279541,train/00278754.jpg,Enchanted forest.
0.23145373,0.6165585,0.23484224319458008,train/00278765.jpg,"Album cover for ""Spirit Weaver Light"" by Akihiko Yoshida."
0.6566538,0.42574248,0.2813118362426758,train/00278806.jpg,"Brown and white dog sitting attentively while looking out the living room window, illustrated by Goro Fujita."
0.41002312,0.7718999,0.2543144607543945,train/00278827.jpg,A depiction of a goddess with a mid-journey aesthetic.
0.54253995,0.65838397,0.29466331481933594,train/00278922.jpg,A portrait of a white-faced robot from the Westworld series with intricate details on its face and hands.
0.53013855,0.89031994,0.2832421112060547,train/00278939.jpg,A woman with brown hair and green eyes wearing an elegant dress and earrings sits in a red and black painted chair in an intricate anime art style reminiscent of Ilya Kuvshinov and Greg Rutkowski.
0.4521172,0.7694551,0.260838623046875,train/00279181.jpg,Adele depicted as an angel by artists Greg Rutkowski and Frank Frazetta on Artstation.
0.7430319,0.31780377,0.2903066062927246,train/00279186.jpg,A person sits on a patch of grass observing the scenery.
0.6113986,0.72303045,0.2660707473754883,train/00279237.jpg,"Portrait of a man in an Ivy costume standing on a lichen covered stone, with poison oak disguised as human behind him."
0.43205097,0.65891904,0.2572307968139648,train/00279387.jpg,"The image features a person with a contemptuous and inquisitive expression, amidst a psychedelic interpretation of art, in a centered composition."
0.55912375,0.72736496,0.2584576225280762,train/00279549.jpg,Homeless warrior with metal weapons embedded in his body in a steampunk style.
0.48828682,0.54328287,0.2762997055053711,train/00279601.jpg,"An insectoid muppet god stands in front of an alien temple, with segmented eyes and a fuzzy body, in an absurdist fantasy concept art."
0.26136735,0.53514874,0.26315486907958985,train/00279865.jpg,An organism's end from Magic the Gathering.
0.4934378,0.71564084,0.2518671798706055,train/00279988.jpg,"A portrait of a lizardman warrior with a tribal theme, created by Beksinski and Moebius with a background by Moebius."
0.4896136,0.65037876,0.2750957679748535,train/00280109.jpg,"Kobe Bryant depicted as a cyborg in ""The Terminator"" movie poster fan art."
0.34737998,0.05759616,0.25017578125,train/00280120.jpg,A white toilet with white tile in a bathroom.
0.44710836,0.8532144,0.2642980575561523,train/00280148.jpg,"The image is a Joshua Middleton comic art of a stunning female spy named Eva Green, with an eye patch over her left eye, a beautiful evil smile, and wearing leather clothing, including long straight green-black hair and a Midnight pattern on a symmetrical face and symmetrical eyes."
0.42649677,0.9433832,0.307404842376709,train/00280361.jpg,"Anime girl holding M4 assault rifle wears green tank top and black shorts, with long hair and aviator sunglasses, against an empty background."
0.7024604,0.18283252,0.24540115356445313,train/00280408.jpg,A lot of traffic are traveling near the green lights. 
0.7086787,0.18129456,0.25764127731323244,train/00280409.jpg,A lot of traffic are traveling near the green lights. 
0.4618201,0.6734909,0.25836341857910156,train/00280475.jpg,"The image depicts the Sacred Spirit King in a symmetrical oil painting style by artists Fabián Jiménez, Michael Divine and Amanda Sage, trending on ArtStation."
0.18829459,0.626668,0.21550588607788085,train/00280483.jpg,"A vintage comic titled ""The Binding of Isaac"" illustrated by Greg Rutkowski."
0.28749985,0.5989466,0.24913604736328124,train/00280531.jpg,A portrait of Iblees.
0.7581253,0.4599596,0.262130012512207,train/00280578.jpg,The family of elephants are traveling through the field.
0.54592615,0.8558276,0.25552486419677733,train/00280743.jpg,"Luke Skywalker wields a lightsaber as he approaches an ancient temple in a foggy environment, with a female Sith lord in the distance."
0.48766857,0.544551,0.2685690879821777,train/00280806.jpg,"A tarot card showing a majestic mushroom deity with a large mushroom hat, based on a Greek statue, created by Greg Rutkowski and Wayne Barlowe."
0.6482621,0.3819993,0.2601047134399414,train/00280969.jpg,Cat riding a dog.
0.23600282,0.38868558,0.2841107177734375,train/00280995.jpg,"A hyperornate oil painting of futuristic heavenly temples with a giant sphere and bright sun rays, trending on Artstation."
0.4184885,0.23736842,0.29286506652832034,train/00281022.jpg,A desktop computer monitor sitting on top of a wooden desk.
0.45856535,0.59482604,0.2716660499572754,train/00281066.jpg,A scary clown by Alex Grey.
0.15916342,0.42314216,0.21746700286865234,train/00281100.jpg,"The image features a mountainous landscape with a starry sky filled with paisley designs, in a highly detailed digital painting showcasing concept art and illustration by several artists."
0.43672347,0.53163874,0.26563230514526365,train/00281114.jpg,Mario walking in Elwynn Forest on a computer screen.
0.35446873,0.77493936,0.21462759017944336,train/00281240.jpg,"A cartoon female character inspired by the orphan with a detailed and symmetrical body, illustrated by Artgem Lau, Wlop, and Rossdraws on Arstation."
0.4135067,0.035381082,0.27471927642822264,train/00281318.jpg,"A small, white bathroom has a bamboo plant, a single sink and a shower with a shower curtain."
0.5642902,0.44389898,0.23415904998779297,train/00281499.jpg,An illustrated French boy plays football with a polka dot scarf-wearing corgi on the streets of Paris in 1966.
0.43877697,0.98062414,0.2933615112304688,train/00281566.jpg,"A little girl with curly hair sitting in a field of orange lilies, digital art."
0.38083845,0.9400357,0.2820803833007812,train/00281610.jpg,"A young girl wearing black military crusader armor with long, flowing brown hair and delicate features gazes quietly in a symmetrical full body action shot."
0.67645663,0.71525264,0.2642282295227051,train/00281922.jpg,"The image depicts a male android, half robot and half humanoid, posing like a statue in a baseball uniform, with a blank stare and shiny skin."
0.47595862,0.49080086,0.27164390563964846,train/00282149.jpg,An animation key shot of a dragon sleeping on a pile of treasure by Studio Ghibli.
0.41556382,0.65900457,0.2569149208068848,train/00282211.jpg,The image depicts Caleb from Critical Role.
0.1782875,0.439629,0.23176279067993164,train/00282232.jpg,"A painting of the flooded, destroyed interior of an underwater marine theme park, LeMU, painted by Craig Mullins."
0.46987456,0.6401817,0.2757292938232422,train/00282306.jpg,The image is a hyperrealistic mixed media painting of Gary Busey as the Emperor from Star Wars.
0.4110058,0.8837186,0.2723831558227539,train/00282309.jpg,A full body portrait of a cyberpunk anime woman set in a rainy futuristic Tokyo street.
0.5187991,0.66675246,0.2810723876953125,train/00282350.jpg,The image depicts a colorful and intricate illustration of a holy character in anime style.
0.3215202,0.9322933,0.2634608840942383,train/00282365.jpg,A man wearing paper bags over his head stands before a background reminiscent of the works of several artists including Edward Hopper and Thomas Kinkade.
0.38495246,0.41856718,0.27921443939208984,train/00282478.jpg,An ink sketch of a medieval coat-of-arms with a dieselpunk high fantasy aesthetic.
0.4450872,0.88313824,0.27716869354248047,train/00282554.jpg,A futuristic cyborg necromancer girl with white hair and blue eyes stands in an elegant garden surrounded by highly detailed illustrations.
0.36796322,0.9427152,0.2775338935852051,train/00282594.jpg,"An oil painting of anime maids firing rifles in a dark fantasy world, using a brutalist aesthetic with elements of various artists' styles."
0.44340867,0.6421333,0.27176212310791015,train/00282609.jpg,"Homelander character in the video game GTA V, depicted in the cover art by artist Stephen Bliss on the site ArtStation."
0.43262082,0.5380512,0.257623291015625,train/00282643.jpg,"Image of Technological Nightmare Abomination Monster God, Neo-Gothic style with rich deep colors, featuring art by Lisa Frank, Ayami Kojima, Amano, Karol Bak, Greg Hildebrandt, and Mark Brooks, Beksinski, Adrian Ghenie, Gerhard Richter, and Takato Yamamoto."
0.20842907,0.416965,0.24603681564331054,train/00282740.jpg,A city plaza animation key shot by Studio Ghibli with dramatic lighting and bloom effects.
0.47592407,0.5902369,0.2761168098449707,train/00283115.jpg,Human version of Rouge the Bat in a matte painting.
0.49230552,0.91833836,0.3115945243835449,train/00283138.jpg,A photo of an ice queen warrior sitting on her ice throne.
0.7490317,0.16823111,0.28231164932250974,train/00283235.jpg,some cars on a ferry on a body of water
0.46740133,0.50528187,0.26585540771484373,train/00283343.jpg,"A painting of birds conducting an enchanted summoning ritual, featuring exotic owl wizardry and mist."
0.45285925,0.64908075,0.26422935485839844,train/00283461.jpg,Steve Carell depicted as a Star Trek character in a vibrant and awesome piece of digital art.
0.61399335,0.49862477,0.28117033004760744,train/00283511.jpg,A 3D-rendered cow character holding a cup of coffee on its head as seen in a movie still.
0.42926005,0.8031614,0.2683343315124512,train/00283626.jpg,"A hyperrealistic portrait of Jisoo from Blackpink in a Bladerunner street setting, by Justine Florentino, with a very detailed face and intricate complexity."
0.43144375,0.81925297,0.26097118377685546,train/00283636.jpg,Concept art painting portrait of a goddess sinking into the sea with carrot colored hair.
0.6662369,0.6955135,0.2950857543945313,train/00283667.jpg,"The image is of a male android named Ludwig, with shiny skin, in a statue-like pose and a blank stare."
0.56262946,0.83781505,0.27218372344970704,train/00283743.jpg,A painting of a woman wearing a red dress and royal jewelry by Michelangelo Merisi da Caravaggio.
0.45211744,0.16149393,0.28226322174072266,train/00283822.jpg,A bunch of pans that are hanging on the wall.
0.45535097,0.15895423,0.27805185317993164,train/00283823.jpg,A bunch of pans that are hanging on the wall.
0.099921264,0.74015474,0.26568361282348635,train/00283925.jpg,"A volcanic eruption with ivory vines and crimson rocks spewing smoke in a demonic eye shape, by Charles Addams."
0.40247092,0.19631934,0.2858436393737793,train/00283954.jpg,A living room is arranged so people can watch the television.
0.4417021,0.64792466,0.2657977867126465,train/00284265.jpg,Bob Ross painted portraits with unique hair details.
0.38286364,0.073177576,0.24779268264770507,train/00284395.jpg,a bathroom with a sink and a toilet
0.3325871,0.9652664,0.27236907958984374,train/00284526.jpg,Portrait of a man wearing a paper bag over his head.
0.45027223,0.7437569,0.2709445381164551,train/00284593.jpg,A frontal portrait of Cher painted by Norman Rockwell.
0.26425502,0.6112981,0.23613874435424806,train/00284735.jpg,"Oil on canvas painting titled ""Dream: The Oracle of Waters"" by Ross Tran and Claude Monet."
0.5478431,0.60993516,0.2682067108154297,train/00284857.jpg,"A sci-fi portrait of an indigo mech droid with a visor, accompanied by a raven black bird, featured on the cover of a 2000 edition and listed as a top all-time post on r/imaginationcyberpunk."
0.10376262,0.3380315,0.25704595565795896,train/00284906.jpg,"A dark, dense forest with tall trees and no visible sources of light."
0.20186195,0.39556435,0.2656949806213379,train/00284917.jpg,"The image is a digital painting of a garden filled with snakes in a style that combines elements of Soviet realism, manga, and grunge art."
0.37757835,0.7559541,0.23513534545898437,train/00284984.jpg,Portrait of Daniel Trejo as church nun illustrated by Kentaro Miura.
0.33568573,0.4464346,0.25186275482177733,train/00285053.jpg,Abstract circular pattern of purple and blue paint layers on canvas.
0.465476,0.53234076,0.2782877349853516,train/00285237.jpg,An image of an alien brainsucker creature created by various artists and shared on multiple online platforms.
0.81378603,0.37570554,0.25610891342163083,train/00285262.jpg,The large group of people are playing Frisbee in the park. 
0.09094673,0.35203218,0.2332327651977539,train/00285648.jpg,An enchanted forest with a swamp.
0.36930832,0.49103045,0.28331771850585935,train/00285698.jpg,The image depicts a group of elves and has gained popularity on various art platforms.
0.32728225,0.83145237,0.2240816116333008,train/00285916.jpg,"A hyper realistic painting of a paludnitsa in a pitch black barn, wearing a white dress and with long black hair, painted by Eddie Mendoza."
0.8323795,0.19807221,0.28956371307373047,train/00285969.jpg,Cars and bikes are sitting outside of a storefront.
0.8219722,0.19567434,0.2884574508666992,train/00285971.jpg,Cars and bikes are sitting outside of a storefront.
0.58419734,0.28666922,0.28440088272094727,train/00286095.jpg,A little girl in a high chair eating an entire cake.
0.5071525,0.45834878,0.23108573913574218,train/00286128.jpg,A miniature ceramic figure of an animal with its tongue out is shown disassembling in a studio setting while surrounded by flying parts and an explosion drawing.
0.38282353,0.27628228,0.26093435287475586,train/00286185.jpg,A city skyline is shown with clouds in the sky.
0.17198655,0.45669878,0.22395122528076172,train/00286200.jpg,A 3D render of nature observing itself through all life in a surrealist concept art style.
0.67429686,0.7201704,0.26654895782470706,train/00286214.jpg,"A male android wrestler named Daton Fix, with a robotic half and blank stare, posing like a statue on display."
0.41523963,0.7050082,0.22992927551269532,train/00286292.jpg,"The image is a highly detailed character portrait of an emo farmer with a fantasy/D&D vibe, created by artists Artgerm, Greg Rutkowski, and Alphonse Mucha."
0.3936893,0.025531689,0.27926700592041015,train/00286307.jpg,A very cluttered and cramped pink bathroom. 
0.68055254,0.1704666,0.25527292251586914,train/00286488.jpg,A sign outside of a restaurant for Italian food. 
0.6709015,0.17789213,0.25204145431518554,train/00286490.jpg,A sign outside of a restaurant for Italian food. 
0.5768288,0.64757633,0.29029251098632813,train/00286507.jpg,An orcish biker character sits on a motorcycle in a highly-detailed oil painting with vibrant colors and futuristic punk rock fashion.
0.8492482,0.1914652,0.30064504623413085,train/00286719.jpg,Three bicycles are hanging from a tree next to a building.
0.37402987,0.15674646,0.2676322555541992,train/00286722.jpg,An old-fashioned kitchen window overlooking a flower garden.
0.66470855,0.12334732,0.28225671768188476,train/00286762.jpg,The top of a steeped church building with clocks and small windows.  
0.3435783,0.6853671,0.2353910255432129,train/00286792.jpg,A person falling through billowy clouds in a wide shot.
0.83047557,0.2067371,0.2919181823730469,train/00286910.jpg,Old fashioned motorcycles parked in front of a doughnut shop.
0.6628935,0.12735228,0.27475748062133787,train/00286925.jpg,The building has a clock built into the tower.
0.9141273,0.41438165,0.25272670745849607,train/00287088.jpg,Looking through windows into the run way of an airport.
0.9321384,0.41142124,0.2656218147277832,train/00287090.jpg,Looking through windows into the run way of an airport.
0.6757381,0.70322067,0.28454191207885743,train/00287269.jpg,"A male android with half human and half robot features, identified as Brooklyn Beckham, stands in a stiff pose with shiny skin and a vacant expression."
0.40021223,0.8791162,0.2711112594604492,train/00287336.jpg,"Concept art of a Japanese schoolgirl in a hi-tech uniform with a cybernetic leg prosthesis, wearing high set geometric tailoring clothes, accessorized with tiffany blue straps and a silver metal belt."
0.3670466,0.9078464,0.25999906539916995,train/00287348.jpg,Full body portrait of lone anime female in Japanese school uniform standing on a balcony overlooking downtown Tokyo.
0.32720605,0.5896997,0.25135087966918945,train/00287370.jpg,"The image depicts an eyeless watcher and dutiful return in the Golden Age seraph bunkers, created by artists Yasar Vurdem and Matt Stewart with high detail and a cinematic style."
0.6331056,0.5784122,0.262957878112793,train/00287400.jpg,A poster depicting an ancient skull with pineapple leaves and various butterflies surrounding it in an Art Nouveau style.
0.8259616,0.21669923,0.2814857292175293,train/00287504.jpg,A group of multi-colord motorcycles parked on the street
0.61193985,0.32116348,0.30157936096191407,train/00287550.jpg,A pink stuffed animal sitting at the bottom of a toilet.
0.8458558,0.28897047,0.2982566452026367,train/00287806.jpg,a man riding a small motorcycle with a blue box on a public street
0.57019866,0.25389332,0.27677473068237307,train/00287873.jpg,A couple of women standing on either side of a table.
0.2139139,0.50286007,0.23460351943969726,train/00287956.jpg,"The image is a medieval-style digital illustration with intricate, highly detailed elements created by artists Ruan Jia, Mandy Jurgens, and Rutkowski."
0.61779964,0.50573623,0.286794490814209,train/00288011.jpg,A cartoon lion in a river designed in a flat style for young children.
0.5384315,0.7889942,0.26987150192260745,train/00288034.jpg,Max Caulfield wearing Ravenclaw robes from Life is Strange game.
0.43831664,0.59438026,0.25405216217041016,train/00288041.jpg,A sleep paralysis demon resembling Vasco Rossi in intricate detail and soft lighting.
0.23099963,0.4089148,0.2576226806640625,train/00288091.jpg,"A digital painting of a city at night, featuring highly detailed and vivid grunge elements, created in the style of Soviet realism, engraving, watercolor, and manga."
0.2841368,0.5796714,0.2517708206176758,train/00288165.jpg,"Portrait of a hand pointed at the sun, painted by Salvador Dali."
0.4575979,0.19679838,0.27025556564331055,train/00288222.jpg,A green table with pots piled on it 
0.5013444,0.70921576,0.2609008598327637,train/00288430.jpg,"Anubis wearing a flight jacket armor in a steampunk style, depicted in a highly detailed, polygon digital painting."
0.47116083,0.16797018,0.2549571990966797,train/00288446.jpg,a remodel of living room with an open concept to the kitchen
0.39926454,0.062502794,0.25395238876342774,train/00288452.jpg,"A bathroom with a sink, toilet and large mirror."
0.42749274,0.61380386,0.2602463150024414,train/00288618.jpg,Hologram of Elvis Presley footage with glitches.
0.14302,0.4195554,0.22359031677246094,train/00288932.jpg,A glass bottle with an isometric village inside.
0.27902195,0.46000007,0.2439982032775879,train/00289077.jpg,A vintage black and white photo of an exploding moon with fragments on one side and a shattered appearance over New York City in the 1920s.
0.6325141,0.779192,0.26605537414550784,train/00289138.jpg,A blue female anthropomorphic dragon with ice crystals growing off her is depicted in a 3D render.
0.10472955,0.39336163,0.2103443145751953,train/00289236.jpg,A cabin in the woods painted by Salvador Dali on canvas.
0.54085743,0.5491167,0.2807139205932617,train/00289467.jpg,The image is a 3d animal totem in an Aztek tribal style with vibrant pastel colors and ornate details.
0.52534837,0.8474701,0.2820893859863281,train/00290001.jpg,"A female samurai in futuristic biomechanical armor donning a porcelain ivory mask, standing against a red sun in the background."
0.4000762,0.18660204,0.2679485321044922,train/00290107.jpg,A monitor screen mounted on a wall next to the entrance
0.12984522,0.38805625,0.24402320861816407,train/00290127.jpg,A wooden bridge texture designed for use in a video game asset.
0.6405365,0.29990813,0.2937567901611328,train/00290266.jpg,A man sitting at a computer desk with two laptop computers.
0.28410274,0.43455985,0.26236501693725583,train/00290321.jpg,An intricately detailed flower fountain captured by artist Gediminas Pranckevicius.
0.22132577,0.7206705,0.2123270034790039,train/00290356.jpg,"A cyberpunk round portal with chaotic cables hanging from the ceiling, featuring a floating grace goddess in the center and a deep space star wave background."
0.5323304,0.27695596,0.2807374382019043,train/00290852.jpg,a man taking a picture in the mirror of him self
0.69838285,0.19921595,0.24969545364379883,train/00291334.jpg,A rickshaw is parked outside the kitchen today
0.13881235,0.2899567,0.280949649810791,train/00291568.jpg,A forest with large chess pieces.
0.25410387,0.38470978,0.2696866035461426,train/00291642.jpg,A comic book style painting of the uppercase letter X dominating a futuristic Tokyo cityscape.
0.63482046,0.82617944,0.26968420028686524,train/00291791.jpg,"An illustrated image of an awkward couple in a Victorian Gothic style, influenced by the works of Edward Gorey, Anna Lagerstedt, and Tim Burton."
0.48136297,0.8086584,0.28047847747802734,train/00291938.jpg,"A princess sitting on a throne in a digital painting, created by Artgerm and Alphonse Mucha with a style similar to Ross Tran and Ilya Kuvshinov."
0.41584283,0.6969087,0.2454913330078125,train/00292133.jpg,Portrait painting by Yuri Darashkevich.
0.43606105,0.65986454,0.2586161422729492,train/00292256.jpg,A portrait of Darth Vader in an oil painting style by Rembrandt.
0.71876234,0.3002216,0.30140310287475586,train/00292577.jpg,a indian man standing on a corner with a blue shirt on holding a cellphone
0.34567142,0.541854,0.2525783157348633,train/00292605.jpg,"Jesus, Einstein, and Darwin smoking weed in the afterlife, depicted in a colorful and detailed artwork by Greg Rutkowski, Mars Ravelo, Wlop, and Alphonse Mucha."
0.43605256,0.81842226,0.27411657333374023,train/00292733.jpg,"A digital painting of a woman in a super heroine costume with intricate details and a fantasy feel, created by Stanley Lau."
0.48491117,0.5003953,0.26535526275634763,train/00292758.jpg,"A portrait of Charmeleon, a Pokemon, taken in the wilderness."
0.38979286,0.05360246,0.26113430023193357,train/00292903.jpg,a a bathroom with a bath tub a toilet and a window
0.4846193,0.2429457,0.28433656692504883,train/00293081.jpg,Yellow green and white cake with ornaments sitting in a box. 
0.17187537,0.35833007,0.25685108184814454,train/00293162.jpg,A painting of a Chinese temple with a wuxia walking on the stone steps in a rainy mood.
0.5980193,0.81587285,0.2641332817077637,train/00293181.jpg,A water witch in blue robes with a staff.
0.48075953,0.81180423,0.2664042091369629,train/00293281.jpg,"Seraphine from League of Legends with pink hair poses with new musical instruments in a digital art piece with an art style inspired by Klimt, Nixeu, Ian Sprigger, Wlop, and Krenz Cushart."
0.49773204,0.58045155,0.2684156799316406,train/00293314.jpg,"A colossal marble statue depicts the mushroom deity Shrigma with a godlike bodybuilder physique, reminiscent of a Lovecraftian god."
0.40080857,0.54276925,0.2710663032531738,train/00293323.jpg,A group of cartoon characters collectively known as Gorillaz.
0.37822643,0.6391118,0.24556884765625,train/00293325.jpg,Image of Cristiano Ronaldo in the style of Hieronymus Bosch.
0.5639019,0.72062564,0.2561598777770996,train/00293411.jpg,"An Aztec warrior is depicted utilizing fire magic, showcased by the detailed design of his mid view, on a white background by Studio Muti."
0.4735302,0.25258398,0.28808801651000976,train/00293429.jpg,Cars driving down a street surrounded by tall buildings in a street art style.
0.7289685,0.34834072,0.26946044921875,train/00293500.jpg,A person on a motorcycle with puppies in a cage
0.48598522,0.16198263,0.256372013092041,train/00293648.jpg,A kitchen filled with appliances and dishes on counter tops.
0.1623894,0.4347299,0.21750513076782227,train/00293652.jpg,"A magnificent landscape painting featuring a lost valley with dynamic lighting and detailed elements by artists Alex Ross, Eddie Mendoza, Raphael Lacoste, and Sebastian Ludke."
0.35440165,0.40926236,0.2586127471923828,train/00293750.jpg,Blue butterflies on vintage patterned background.
0.33501735,0.039700564,0.27483793258666994,train/00293827.jpg,A white toilet sitting up against a yellow wall.
0.38058558,0.07399021,0.24120866775512695,train/00293895.jpg,"The interior of a modern bathroom including toilet, shower, and cabinet"
0.66554695,0.695151,0.2896596145629883,train/00293977.jpg,"A photo of half-robot, half-humanoid Bryce Harper posing stiffly like a statue with a blank expression."
0.61216205,0.5797636,0.27142452239990233,train/00294150.jpg,A screenshot of Saul Goodman defending Judy Hopps in Zootopia.
0.20813635,0.54848105,0.23239532470703125,train/00294421.jpg,The image features a plaster texture with a procedural tile pattern.
0.798133,0.2595882,0.2805870819091797,train/00294446.jpg,A CAR LOADED WITH BICYCLES ON TOP AND PEOPLE STANDING AROUND WITH UMBRELLAS
0.46368358,0.7728958,0.27888208389282226,train/00294559.jpg,"Jennifer Love Hewitt wearing a curly English mustache in an ultra-realistic, highly-detailed digital painting on ArtStation by artgerm, Greg Rutkowski and Alphonse Mucha."
0.69595224,0.8537867,0.2765810203552246,train/00294853.jpg,"A man and woman bounce in a caffe with dark energy surrounding them, with a living plant in the background."
0.2569116,0.5890551,0.24810998916625976,train/00295014.jpg,A baseball team logo designed by Greg Rutkowski on Artstation.
0.6349207,0.7222056,0.28013393402099607,train/00295302.jpg,"A museum painting of a tall, pale young man with long, blonde hair, dressed in 18th century black and white clothing with gloves, standing in front of a portiere, with a rich curtain on a window in the background."
0.4361166,0.7066225,0.24048858642578125,train/00295452.jpg,"Portrait of an Eldar from Warhammer 40k by HR Giger, Greg Rutkowski, Luis Royo, and Wayne Barlowe."
0.44778186,0.6887944,0.2564801597595215,train/00295454.jpg,"Portrait of an Eldar from Warhammer 40k by HR Giger, Greg Rutkowski, Luis Royo, and Wayne Barlowe."
0.2581792,0.5565621,0.25770139694213867,train/00295468.jpg,"The image features a logo without text on a simple white background, created by artists Victo Ngai, Kilian Eng, Jake Parker and Anton Fadeev."
0.17053355,0.5194549,0.2290981101989746,train/00295565.jpg,The image features a colorful gradient watercolor design of a serum cavity.
0.48911524,0.7308063,0.24775238037109376,train/00295572.jpg,A warrior wearing wasp armor.
0.66516376,0.616245,0.292246036529541,train/00295898.jpg,A black figure in a grey cloak holding his black spear up to the sky.
0.26842925,0.52469915,0.2615233993530273,train/00295914.jpg,Concept art of the power of the mind with intricate details and clear focus.
0.6759666,0.5477557,0.29456552505493167,train/00296013.jpg,An anthropomorphic lemon wearing sunglasses at the beach.
0.5919622,0.5586969,0.27173912048339843,train/00296129.jpg,A cyberpunk panda with cyborg implants is portrayed in a pop art style illustration.
0.40043265,0.8434033,0.26025861740112305,train/00296318.jpg,Closeup portrait of a young woman with a cyberpunk aesthetic.
0.6317148,0.66998106,0.2870474433898926,train/00296343.jpg,An undead mage lord sitting on a scarab in a dramatic pose.
0.49783835,0.15113913,0.2444001007080078,train/00296376.jpg,An empty kitchen with a center island made out of wood.
0.47837853,0.8367143,0.2820720100402832,train/00296610.jpg,"A feminine cyborg wearing a full body skin space suit and helmet, with intricate and highly detailed features, against a space background."
0.6755069,0.3866541,0.2900404357910156,train/00296696.jpg,A group of dogs huddled around a dog door.
0.5052499,0.6630184,0.28465171813964846,train/00296917.jpg,A hyperrealist portrait of a glowing head made of stars with very detailed faces.
0.43384802,0.22522342,0.2701869583129883,train/00296992.jpg,A busy office desk holds a laptop computer and a desktop computer.
0.39047307,0.6523708,0.2526706695556641,train/00297018.jpg,Portrait by Giorgio de Chirico with a sense of despair.
0.44403824,0.21793008,0.27663330078125,train/00297195.jpg,"A large vase on a wooden table with vegetables and a candle, featuring a medieval concept and dark lighting."
0.252047,0.3752483,0.2765724563598633,train/00297390.jpg,Colorful street view of a steampunk Paris.
0.427483,0.22665586,0.27333667755126956,train/00297446.jpg,A full view of a working office with computers. 
0.20080674,0.43790188,0.22126520156860352,train/00297560.jpg,A matte painting of an alien desert landscape with a futuristic city and hangar in the distance.
0.47344598,0.14661294,0.25582447052001955,train/00297624.jpg,kitchen with a wooden kitchen island and checkered floor
0.2971947,0.8651566,0.2362254524230957,train/00297684.jpg,A fox warrior princess holding a sword in a snowy landscape.
0.34019125,0.4760166,0.2679585838317871,train/00297953.jpg,Geometric ink design in grayscale on paper.
0.83707595,0.29482654,0.3002720832824707,train/00298002.jpg,A man standing next to a motorcycle on the side of a hill.
0.17869051,0.36589557,0.26641897201538084,train/00298010.jpg,"An airbrushed painting of a bioluminescent alien mountain landscape featuring glowing plants, waterfalls, flowers, and willow trees."
0.9629665,0.4238022,0.2543270492553711,train/00298320.jpg,The wing of an airplane over a large area with mountains.
0.558077,0.8733808,0.2653589630126953,train/00298575.jpg,A girl looks out of a window in a cozy room in a dramatic 3 panel scene.
0.4944939,0.42620155,0.20484237670898436,train/00298720.jpg,A game keyart featuring radical snowboarding penguins painted by Sylvain Sarrailh and currently trending on Artstation.
0.9392458,0.39724326,0.2664348220825195,train/00299010.jpg,a large airplane with its door wide open
0.25586018,0.6769874,0.21744661331176757,train/00299320.jpg,A figure stands in front of a portal to another dimension in art by Emmanuel Shiu.
0.55321765,0.78343046,0.23390430450439453,train/00299487.jpg,"Illustration of a cyborg being repaired in a futuristic medical bay with a human scientist observing, featuring cyberpunk and sci-fi elements."
0.5946841,0.87618804,0.26270896911621094,train/00299621.jpg,"""Yolandi Visser depicted eating a network of yellowcake and milky fruit, surrounded by iridescent flowers and polyp blossoms."""
0.7412657,0.3193735,0.2641074752807617,train/00299648.jpg,A man sitting on a park bench near some lambs
0.3666304,0.056738075,0.2602453804016113,train/00299663.jpg,"A tiled hotel bathroom contains a basin, toilet, and small trash bin. "
0.4546323,0.13999316,0.267862548828125,train/00299678.jpg,Small orange tiled kitchenette in wood and stone structure.
0.42055404,0.8935422,0.28132755279541016,train/00299853.jpg,A full body portrait of a female paladin with blonde hair in a detailed concept art by Akihiko Yoshida.
0.5799455,0.2922116,0.2826710891723633,train/00299892.jpg,A baby in a wooden high chair eating.
0.3824453,0.0760744,0.2370953941345215,train/00299954.jpg,"An uninstalled toilet and an uninstalled bath tub in a room with a grill, table and sink cabinet."
0.5553374,0.74848473,0.2634439468383789,train/00300087.jpg,"Man wearing dark robes and hood, illustrated by Greg Rukowtski."
0.7939064,0.21360843,0.2494446563720703,train/00300299.jpg,"Bikes lined up at a bike stop with an advertisement near by that says ""your butts""
"
0.42412135,0.66928244,0.25949079513549805,train/00300309.jpg,A time traveler from 2100 appears in a 1920s black and white historical photograph.
0.24357975,0.5698892,0.2555409622192383,train/00300413.jpg,The image depicts gratitude and thankfulness.
0.5887137,0.7863345,0.2755539321899414,train/00300521.jpg,A human face made of leaves and flowers on a vine wall.
0.6602035,0.35078523,0.28508304595947265,train/00300639.jpg,A person is sniffing markers.
0.38697574,0.04756896,0.27262020111083984,train/00300744.jpg,"A bathroom with a wash pan, toilet, and tub."
0.40306053,0.4232006,0.28523582458496094,train/00300951.jpg,"Colorful tin-toy robots are scattered amongst the control room of a spaceship, surrounded by fuzzy furry plush toys."
0.21920905,0.9715898,0.23997909545898438,train/00301194.jpg,"Girl standing in a flower field, surrounded by large trees and colorful clouds, reminiscent of an impressionist or pointillist painting, by artist Simon Stålenhag on ArtStation."
0.5551714,0.83502233,0.26470193862915037,train/00301241.jpg,"A painting of a beautiful bloody vampire woman with fangs wearing a long royal red dress and ornate jewelry, by Michelangelo Merisi da Caravaggio."
0.82714707,0.2862211,0.2879804992675781,train/00301253.jpg,a person is wearing a black helmet and a black and gray motorcycle
0.8108926,0.23770075,0.2742243957519531,train/00301267.jpg,The people are waiting outside with their bicycles 
0.41627142,0.07002885,0.26088882446289063,train/00301434.jpg,"A bathroom with tiled walls, a sink and cabinets in it."
0.44418168,0.79544795,0.27835586547851565,train/00301461.jpg,"A female warrior with wings, depicted in highly detailed digital painting, by artists Artgerm and Greg Rutkowski."
0.4455637,0.8849491,0.26463340759277343,train/00301477.jpg,"A fashion illustration of a Dutch milkmaid costume with cowbell choker and silicone cow udders at the midriff, worn by a drag queen."
0.5713873,0.26707348,0.2703220748901367,train/00301557.jpg,Three women standing in a kitchen next to each other.
0.16263142,0.530972,0.2199652099609375,train/00301572.jpg,"The image depicts a liquid text with a venom-like design, featuring glossy reflections and intricate details."
0.26449433,0.45158082,0.26230138778686524,train/00301668.jpg,Three vibrantly colored doors in a cubist style appear in a theatre access corridor.
0.36194482,0.9360317,0.25883487701416014,train/00302015.jpg,Women dancing across a bridge to the sounds of joyful fiddles against a backdrop of abstract cubist art.
0.47434288,0.83568937,0.2772222137451172,train/00302038.jpg,A portrait of a woman wearing a futuristic headdress made of various natural elements.
0.43723166,0.7228413,0.23597640991210939,train/00302116.jpg,"A portrait of a sad half-boy, half-wooden Pinocchio with muted colors, motion blur, and vintage style clothing and hair."
0.19860898,0.3500515,0.267755126953125,train/00302195.jpg,An oil painting by Greg Rutkowski featuring a leaf arch.
0.59407336,0.62961525,0.2942450714111328,train/00302272.jpg,A painting of the four-armed god Shiva with light blue skin and intricate detailing by Ayami Kojima.
0.3694522,0.9374655,0.28414493560791015,train/00302417.jpg,Anime girl holding a sunflower in detailed digital art.
0.64735377,0.6154974,0.27939855575561523,train/00302427.jpg,The image features a cartoon character dressed in a red ninja outfit holding a strawberry.
0.3930397,0.4098218,0.2677692222595215,train/00302474.jpg,Godzilla climbing up the side of a large wooden ship illustrated by Donato Giancola and Tom Bagshaw.
0.5627429,0.5469348,0.2733650207519531,train/00302778.jpg,"A colorful creature with a blue body, long arms and legs, and a large yellow nose, stands against a pink background."
0.1486841,0.41563025,0.2267313575744629,train/00302864.jpg,A highly-detailed art piece by Martin Ansin featuring a Kurdish village atop a mountain.
0.23591119,0.55207866,0.24016000747680663,train/00302905.jpg,"Blobs can be created using various data and can be sliced, depicted by multiple artists with cel-shaded style."
0.608908,0.42181024,0.268580265045166,train/00303295.jpg,Poster of Cookie Cat.
0.35099655,0.66107494,0.2389268684387207,train/00303308.jpg,Stephen Hawking wearing an Iron Man suit.
0.48165473,0.6695675,0.2797384262084961,train/00303338.jpg,"A digital painting of James Gandolfini in a dark and intricate fantasy style, with highly detailed and smooth brushwork by multiple artists on Artstation."
0.30173048,0.37265816,0.2589376258850098,train/00303357.jpg,"A large donut falls from the sky, crushing a tall building and causing destruction."
0.0816322,0.5870464,0.21225358963012694,train/00303392.jpg,Advertisement poster for a cooperative vehicle company with modern graphic design and detailed visuals.
0.23471884,0.63421094,0.23453790664672852,train/00303472.jpg,A hyperrealistic mixed media image of SpongeBob SquarePants flipping burgers next to a stove.
0.62382436,0.58286035,0.30007669448852536,train/00303774.jpg,Cartoon occult sculpture toy on display.
0.23917268,0.5340321,0.24948884963989257,train/00303846.jpg,The image features an interface design for a user interface (UI).
0.73471457,0.18359368,0.2750623893737793,train/00303910.jpg,A busy street with lots of car traffic.
0.35656777,0.7851509,0.21442703247070313,train/00304024.jpg,"A woman and robot are depicted in an intricately detailed, cyberpunk-themed digital painting by artgerm, Greg Rutkowski, and Alphonse Mucha."
0.45876712,0.68009025,0.26294794082641604,train/00304139.jpg,"An oil painting featuring the figure of Oliver with dramatic lighting, sharp focus, and vibrant colors."
0.6503494,0.64571,0.28938892364501956,train/00304209.jpg,A man in a Venus Flytrap costume stands on a red pot.
0.17170806,0.562468,0.21326208114624023,train/00304423.jpg,The image features artwork by various artists and depicts themes related to hate and related emotions.
0.61907333,0.68187124,0.281898136138916,train/00304589.jpg,A comic book cover featuring Homelander using his laser eyes against a human.
0.5535942,0.6727632,0.28633058547973633,train/00304687.jpg,"Portrait of a blonde man in armor, drawn in pen and ink by various artists."
0.7685721,0.48762873,0.2485220718383789,train/00304740.jpg,Giraffe and zebras in a dusty zoo enclosure.
0.35946894,0.9363237,0.265151252746582,train/00304769.jpg,The image is a baroque oil painting of a young female military officer dressed in a black uniform with long blonde hair and blue eyes.
0.17905892,0.3464918,0.2623954391479492,train/00304849.jpg,A tree with a house in the center situated amidst a highly-detailed cityscape in a digital artwork on ArtStation.
0.5408631,0.61136293,0.2707515716552734,train/00305050.jpg,Navy SEAL superhero in DC comics style.
0.37312582,0.4091269,0.2878409385681152,train/00305447.jpg,"A realist comic book style painting of flowers launched into the cosmos, surrounded by hummingbirds and a solar eclipse."
0.40955722,0.8476379,0.2572188949584961,train/00305512.jpg,A beautiful woman posing heroically in a detailed superhero costume.
0.5364059,0.7247449,0.26763248443603516,train/00305592.jpg,"An adult wizard wearing a star and moon patterned robe and byzantine hat, with focus eyes and large star crystals, depicted in an ultra-realistic soft painting."
0.4556856,0.60061693,0.26568721771240233,train/00306097.jpg,A pixel art cyborg.
0.55583376,0.72031754,0.27452400207519534,train/00306187.jpg,A fractal face drawn in black ink with micron pens.
0.18548264,0.52296597,0.23078027725219727,train/00306230.jpg,An awesome blue pastel watercolor background is the backdrop of this picture.
0.2012956,0.52878946,0.23764081954956054,train/00306445.jpg,"The image is a surreal fantasy piece titled ""I Woke Up in Pieces"" by artists Andreas Franke and Santiago Calatrava, featuring highly detailed digital art."
0.6696484,0.713911,0.26789695739746094,train/00306557.jpg,"A half-robot, half-humanoid male android, Ninja Tyler Blevins, poses stoically in his gaming room."
0.6271259,0.45518658,0.2856879234313965,train/00306645.jpg,A crab sits in front of an open laptop.
0.2988113,0.5078701,0.26925559997558596,train/00306726.jpg,"The image is a digital painting of a highly detailed, intricate dumbbell, with an elegant and smooth design, created as concept art and illustrated by three artists: Artgerm, Greg Rutkowski, and Alphonse Mucha."
0.5469704,0.71707344,0.2685114097595215,train/00306841.jpg,portrait of noir robot detective with mechanical face and hard surface.
0.41301382,0.094833985,0.2474527931213379,train/00306850.jpg,"A holder with toothbrushes, toothpaste, make-up and earrings."
0.13016087,0.33558106,0.2588697052001953,train/00306937.jpg,"A multi-colored plastic ball house of six levels with stunning volumetric light, situated on a stunning ski and surrounded by a multi-colored moss and lichen manicured zen carved lawn."
0.9522723,0.39165515,0.27193536758422854,train/00306982.jpg,A small silver air plane sitting on top of a smaller jet.
0.5567553,0.61820364,0.2794084167480469,train/00307141.jpg,A cybernetic Anubis made of steel in light armor.
0.8012865,0.26439276,0.27510839462280273,train/00307350.jpg,A driver and another person pose beside a motorcycle.
0.74953854,0.21797724,0.25937137603759763,train/00307382.jpg,A city street with people walking and vehicles on the road.
0.64877933,0.41502368,0.2917953681945801,train/00307473.jpg,A cat is on a rocket travelling through space towards Mars.
0.35113126,0.79858,0.20879222869873046,train/00307580.jpg,A digital painting featuring an attractive young female wearing ornate metallic battle armor with intricate details and an elegant design.
0.44337764,0.6800269,0.24326301574707032,train/00307704.jpg,A grotesque portrait of Nicolas Cage in a Lovecraftian horror style with cinematic lighting and digital art inspired by Wayne Barlowe and Gerald Brom.
0.19166385,0.5703805,0.2178499221801758,train/00307968.jpg,The image depicts the two complementary forces of life.
0.48975486,0.67006344,0.2723720169067383,train/00308073.jpg,A young man steps into a computer screen opening up to a mystical realm with advanced technology and artistic elements by Alex Grey and Thomas Kinkade.
0.21859407,0.97084105,0.24183835983276367,train/00308216.jpg,A girl runs through a flower field with a giant rose flower head as colorful clouds loom in a surreal sunrise scene.
0.9684627,0.41751182,0.25711801528930667,train/00308221.jpg,Jet flying in the sky among the clouds.
0.16912855,0.41841775,0.2389723014831543,train/00308312.jpg,A landscape painting featuring a peaceful scene by artists Ivan Bilibin and Zhang Kechun.
0.34146938,0.9071731,0.2675478744506836,train/00308755.jpg,Man wearing paper bags over his head with a unique artistic style resembling the works of famous artists.
0.5032531,0.8447961,0.28760982513427735,train/00308883.jpg,"A digital painting of Queen Elizabeth of Scots in ornate green clothing, with wrinkles and amber jewels."
0.6014226,0.611414,0.2930284118652344,train/00308950.jpg,A red robot painted in a retro style.
0.5822302,0.42647976,0.24704113006591796,train/00309032.jpg,"A portrait of a cat wearing a spacesuit with a surreal background, created by Krenz Cushart and popular on art-focused websites."
0.36764136,0.47781894,0.28079023361206057,train/00309042.jpg,A black metal logo with symmetrical artwork.
0.18399884,0.43016818,0.23741737365722657,train/00309068.jpg,A serene landscape digital painting of a fantasy scenery by Edward Hopper and Robert McGinnis.
0.83874446,0.29241467,0.2990462112426758,train/00309110.jpg,A man dressed all in leather standing next to a motorcycle.
0.31396636,0.9660482,0.26270326614379885,train/00309160.jpg,A sniper wearing a ghillie suit walks through a field of flowers.
0.4970981,0.39544672,0.25956058502197266,train/00309303.jpg,"A dire wolf is depicted sleeping on a mat inside an adobe house corner, with torchlight, in a concept art by Marc Simonetti and Christophe Vacher."
0.19069716,0.43964413,0.22671401977539063,train/00309480.jpg,"A futuristic, opulent solar punk palace interior with hyperornate oil paintings and an aerial view."
0.21152599,0.6982603,0.19086357116699218,train/00309484.jpg,An eldritch monster with fiery eyes and huge teeth descends over a city of lost souls.
0.64551115,0.37769186,0.28505760192871094,train/00309568.jpg,A kitty cat walks along the edge of a ledge.
0.28425217,0.35529172,0.28708812713623044,train/00309574.jpg,"A Victorian-era street with tall and intricate buildings, volumetric lighting, thunderstorm, smog, and orange street lamps."
0.5602089,0.7614719,0.24664806365966796,train/00309636.jpg,"A 3D close-up portrait of a human skull mixed with various elements, surrounded by smoke and water energy flow."
0.6107298,0.7319458,0.2554823112487793,train/00309637.jpg,"A 3D close-up portrait of a human skull mixed with various elements, surrounded by smoke and water energy flow."
0.45528355,0.81907743,0.2738321113586426,train/00310005.jpg,"A detailed painting depicting a clown girl with piercing and anxious eyes, presented in a moody and hyperrealistic style."
0.6837263,0.29177353,0.2896004295349121,train/00310048.jpg,An Asian gentleman sitting in a blue chair at an open office area.
0.81226873,0.29726645,0.2924391555786133,train/00310098.jpg,a man is riding a motorcycle painted like a tiger
0.5801772,0.47703516,0.26492332458496093,train/00310210.jpg,A furry tardigrade.
0.74999696,0.16490257,0.28952211380004883,train/00310235.jpg,There is a police car parked in front of an old building.
0.33512512,0.3863285,0.27089523315429687,train/00310269.jpg,A red cube sits in the corner of a white room with purple light surrounding it in an isometric view.
0.55999035,0.24311803,0.26628812789916995,train/00310438.jpg,Two women are in kitchen by a cut up turkey.
0.33732814,0.4290517,0.25860044479370115,train/00310476.jpg,A realist comic book style painting of flowers launched into the cosmos with hummingbirds circling around them during a solar eclipse.
0.37749913,0.38994056,0.28971988677978516,train/00310478.jpg,A realist comic book style painting of flowers launched into the cosmos with hummingbirds circling around them during a solar eclipse.
0.59143925,0.69879645,0.2773004722595215,train/00310518.jpg,"A laughing young man in black clothing, standing symmetrical, depicted as a dark fantasy character."
0.24232286,0.5655461,0.2506064796447754,train/00310574.jpg,"An image labeled ""dan mumford"" with no further context or visual elements present."
0.23499325,0.6118032,0.2351064682006836,train/00310608.jpg,"Realistic image of the horsemen of the apocalypse at night, featuring various artists' styles and influenced by Neo-Gothic and Gothic art movements, including Beksinski, Adrian Ghenie, Gerhard Richter, and Takato Yamamoto."
0.6244104,0.4263837,0.2671793746948242,train/00310650.jpg,A painting of a winged cat leaving rainbow trails in the style of Michelangelo.
0.38967988,0.8381842,0.2398788070678711,train/00310656.jpg,Futuristic android girl in medieval chainmail armor.
0.17098647,0.56447905,0.22294038772583008,train/00310746.jpg,Vector honeycomb filled with honey.
0.55352014,0.73095584,0.26768150329589846,train/00310816.jpg,"A full body portrait of a kneeling figure at the cross, created in the 1970s."
0.68078214,0.57181346,0.28719558715820315,train/00310930.jpg,"A close-up portrait of Baby Groot eating a banana in front of a serene landscape, captured in a highly detailed and cinematic still."
0.49315372,0.65648377,0.2846954154968262,train/00311009.jpg,"Portrait of Goku in highly detailed digital painting with intricate upper body and smooth focus, illustrated by Hajime Sorayama."
0.4804156,0.69039285,0.2564798355102539,train/00311341.jpg,"A couple stands in the dark in an artwork by various artists, with no discernible art style or technique mentioned."
0.7224584,0.5196938,0.2718203353881836,train/00311533.jpg,"A figure sitting at a Chrysler parked on a rainy New York road, depicted in a painting by George Tooker."
0.305938,0.49834102,0.2518992805480957,train/00311563.jpg,A photo of SCP-096 in a dimly lit room discovered posthumously.
0.5763786,0.7963368,0.2753753089904785,train/00311566.jpg,A surrealistic 3D illustration of a non-binary robotic head made of iridescent holographic material and depicting the concept of cyborg and artificial intelligence.
0.38048452,0.71646553,0.21174209594726562,train/00311604.jpg,"Portrait of Timothee Chalamet in digital painting style by Studio Ghibli, Fujita Goro, Atey Ghailan, Tom Whalen, Jean Giraud."
0.41740876,0.755657,0.24983264923095702,train/00311671.jpg,"Portrait of Bjork in a science fiction style inspired by Edward Hopper and James Gilleard, with highly detailed elements reminiscent of Zdzislaw Beksinski's work."
0.25008368,0.5501673,0.26150238037109375,train/00311681.jpg,The image portrays the end of an organism.
0.27908692,0.5294251,0.2644120979309082,train/00311857.jpg,The artwork created by artist Whallowton Tallywhacker.
0.26188266,0.6339659,0.23942665100097657,train/00311886.jpg,Kim Doyoung of NCT is spying on his estranged wife in a cosmic horror-inspired scene.
0.7100557,0.37998223,0.27401674270629883,train/00312082.jpg,Man reading a book in his car with a small Yorkie. 
0.45155233,0.5073691,0.26330869674682617,train/00312115.jpg,A funny mechanical mechabot toy sculpture made from chrome wires and tubes in an empty studio.
0.4405459,0.1341727,0.2709468650817871,train/00312197.jpg,The kitchen had a yellow wall and checkered floor. 
0.21802497,0.97158426,0.23816164016723632,train/00312316.jpg,A girl in a suit stands in front of a giant daisy flower head during a dramatic sunrise in a surreal and impressionist-style digital painting by Simon Stalenhag on Artstation.
0.43911648,0.6318564,0.27000730514526367,train/00312446.jpg,An illustration of the character Eikichi Onizuka created by Fujisawa.
0.5536509,0.28617775,0.2747492790222168,train/00312513.jpg,A woman is sitting sideways on a toilet holding a bottle.
0.82650244,0.35189947,0.2833389091491699,train/00312657.jpg,Black and white photo of three people on skis
0.11841202,0.6158231,0.2184082794189453,train/00312700.jpg,Magnet on floor in Witcher 3.
0.4768211,0.8893413,0.2909255027770996,train/00312722.jpg,A portrait of a woman wearing a black French beret hat with short pink hair and intricate artwork in a symmetrical composition.
0.74944884,0.17976423,0.2792808723449707,train/00312755.jpg,A vibrant UK city with red double decker buses riding along the street.
0.8383282,0.21554731,0.29595829010009767,train/00312817.jpg,A row of motorcycles parked on the side of a busy street.
0.55475545,0.69515413,0.29349723815917966,train/00312845.jpg,A person resembling Mona Lisa walking dogs.
0.2819177,0.5418626,0.23850675582885741,train/00313123.jpg,A luminous jellyfish armor portrayed in surreal photography by various artists.
0.95630074,0.37560272,0.30188444137573245,train/00313206.jpg,A green and grey helicopter in a hazy sky.
0.13450496,0.3886978,0.23373600006103515,train/00313292.jpg,"A tower resembling an amanita muscaria mushroom with three spires at the top, set against mountains and a city backdrop."
0.33572668,0.4722178,0.2797220039367676,train/00313430.jpg,Tiny people exploring the quantum realm.
0.41299468,0.033555705,0.28113508224487305,train/00313446.jpg,An old fashion above ground tub is shown with gold feet.
0.20291404,0.4012284,0.26456489562988283,train/00313497.jpg,"The image features a fantastical, alien landscape teeming with exotic plant and animal life, rendered in 3D using the Octane Render software, and created by artists Mathew O and Aleksandr Pronin, with a stylized touch from Android Jones."
0.3637275,0.5752993,0.2540641975402832,train/00313763.jpg,A manga comic of My Hero Academia by Kohei Horikoshi.
0.83777153,0.19351064,0.29782115936279296,train/00313849.jpg,A motorcycle in the foreground parked in a dirt parking lot
0.57774436,0.54463285,0.2799387550354004,train/00313975.jpg,"A small frog standing on two feet at a hotel reception entry, resembling Tove Jansson's Moomins."
0.35359234,0.04181029,0.2484990882873535,train/00313980.jpg,"A bathroom toilet, scrub brush holder and a spider plant on the windowsill"
0.50553256,0.47164467,0.25687891006469726,train/00314222.jpg,Pixel art of Pikachu in the style of Paul Robertson.
0.2907395,0.2677837,0.2700996398925781,train/00314253.jpg,Horseback knights at a scenic overlook with a deteriorating fort city in the background and a forest nearby.
0.51949793,0.7996296,0.2903664016723633,train/00314285.jpg,A fantasy owl queen wearing an opulent costume.
0.5684586,0.2796976,0.29077001571655275,train/00314536.jpg,A woman with a blue wig brushes her teeth. 
0.42047307,0.92805016,0.27999507904052734,train/00314737.jpg,Full body portrait of anime female in Japanese school uniform on a balcony overlooking downtown Tokyo.
0.6509826,0.534807,0.2801225280761719,train/00314927.jpg,"A fox-like guy in a lab coat is casting a spell, inspired by Doctor Who."
0.4778577,0.14772648,0.25437456130981445,train/00315131.jpg,A white refrigerator freezer sitting inside of a kitchen.
0.4311283,0.7810516,0.2719020462036133,train/00315253.jpg,"The image is a digital painting of Willow Smith as a Himba girl, with intricate and elegant details, part of a concept art illustration by artists Greg Rutkowski, Bouguereau, and Aleksi Briclot on Artstation."
0.14056386,0.5333076,0.21729715347290038,train/00315327.jpg,Colorful marble texture.
0.4629079,0.86912686,0.2889620018005371,train/00315445.jpg,"A female cyborg in a detailed space suit is holding a gun, with a space background behind her."
0.83255076,0.29362267,0.3002183532714844,train/00315713.jpg,A man wearing a leather jacket standing next to a black motorcycle.
0.5783744,0.52844125,0.2770225715637207,train/00315965.jpg,Architectural drawing of a rooster in detailed technical sketch with dimensions and elevation.
0.54818606,0.5503772,0.2804117774963379,train/00315991.jpg,A detailed concept art of a badass bat character by Ghibli Studio.
0.5131506,0.48920676,0.2618008232116699,train/00316144.jpg,A fiery rooster phoenix.
0.47315356,0.6356115,0.2667474174499512,train/00316185.jpg,Portrait painting of two business men making a deal.
0.81058806,0.19911015,0.27146669387817385,train/00316246.jpg,Old motor bike sitting on display in a museum. 
0.4482138,0.6986645,0.26439342498779295,train/00316309.jpg,The image is a stylized character model of Luz Noceda from The Owl House by Disney Pixar.
0.44817278,0.7789244,0.26441932678222657,train/00316487.jpg,"Shanina Shaik portrayed as Medusa, with snakes for hair in an intricate and elegant digital painting."
0.49588022,0.8417173,0.28335094451904297,train/00316506.jpg,"A portrait of a teenage girl with black hair and distinctive white bangs, wearing purple clothes and featuring red irises, in an intricate, glowing digital painting by artist Wlop on ArtStation."
0.48433948,0.68812346,0.2736137199401856,train/00316675.jpg,"A portrait photo of various Star Wars characters with cinematic lighting, digital coloring and a stippled effect by Edward Gorey and Kim Jung Gi."
0.77081907,0.3054362,0.28165737152099607,train/00316765.jpg,A crowd of people standing around a field.
0.20294167,0.3616969,0.2733561325073242,train/00316937.jpg,"Japanese garden concept art featuring a highly detailed indoor greenhouse with a sunny bay window, inspired by Art Nouveau."
0.68991977,0.15434241,0.2625971794128418,train/00316961.jpg,A tall building is topped with a billboard and beside a smaller market place.
0.1493846,0.34268808,0.2743267059326172,train/00317554.jpg,"A digital painting of an abandoned house in a swamp, illustrated in high detail and shared on ArtStation by artists Artgerm and Greg Rutkowski."
0.540885,0.54815036,0.26532682418823245,train/00317563.jpg,A Mickey Mouse toy fighting an alien.
0.3241173,0.97032094,0.27734560012817383,train/00317846.jpg,"A young woman smiles in amazement among firefly lights while wearing a full, intricate dress amidst nature."
0.39671123,0.72335786,0.25169021606445313,train/00317956.jpg,The image depicts the whitewinged angel of death in a crimson and black robe descending on the innocent in their graves.
0.512552,0.19732337,0.2723422050476074,train/00317969.jpg,A car show features a yellow hot wheels car.
0.8287799,0.19396612,0.2939813804626465,train/00317975.jpg,A motorcycle parked next to a black truck.
0.42976737,0.79748076,0.22570341110229492,train/00318111.jpg,"Movie poster featuring Brittany Renner as Queen of Pain from Dota2, with accentuated hips and a whip, portrayed in a vibrant and sexy lowbrow style."
0.43084234,0.82869774,0.27102602005004883,train/00318115.jpg,"The image depicts a female supervillain with a pixie hairstyle, surrounded by fantasy magic and highlighted by a rim light."
0.6255892,0.35678717,0.2757084274291992,train/00318227.jpg,Cat caught getting into the bathroom sink 
0.36858684,0.050693847,0.2628715324401856,train/00318235.jpg,A small bathroom with a toilet next to a cabinet.
0.24868101,0.54566216,0.2544650650024414,train/00318366.jpg,A basse-taille guilloché objet de vertu.
0.5379843,0.43324992,0.21522369384765624,train/00318480.jpg,"A digital cyberpunk fox fursona with backlighting, by Kawacy."
0.6338117,0.2874601,0.27862823486328125,train/00318518.jpg,a man sitting and using a laptop on a table
0.1265391,0.41790578,0.2151719093322754,train/00318616.jpg,The image features a 3D render of a jungle level viewed from above for the N64 console.
0.32221133,0.98245835,0.26723020553588867,train/00318733.jpg,A woman in a golden brown dress picks flowers with an open mouth in a blue shallow stream flowing from left to right.
0.43158212,0.7644228,0.23537809371948243,train/00318909.jpg,Medium shot of a knight in golden wet armour near running water in a foggy forest.
0.45895278,0.67670345,0.26970035552978516,train/00319029.jpg,Anime portrait of George Washington in the style of Violet Evergarden.
0.41812283,0.73362976,0.23797706604003907,train/00319212.jpg,A cyborg laboratory operator with cybernetic enhancements in a dystopian scifi setting.
0.23152119,0.3816779,0.2812314033508301,train/00319365.jpg,"A dirty and decaying alley in Kowloon Walled City captured during Golden Hour, depicted in a piece of art by Syd Mead."
0.6636705,0.3582645,0.2955255889892578,train/00319428.jpg,A small cat sitting on top of a parked car.
0.6508481,0.35910395,0.2963077926635742,train/00319500.jpg,A cat laying on a pillow on a desk.
0.6530549,0.35795993,0.2924301910400391,train/00319502.jpg,A cat laying on a pillow on a desk.
0.59257376,0.61346,0.2934070014953613,train/00319589.jpg,"An oil painting depicting a red and black, spider-man inspired, superhero suit with hyperdetailed features."
0.23988035,0.6865664,0.22173313140869141,train/00319696.jpg,The image shows a gnome riding on a clockwork golem surrounded by graffiti and spray paint.
0.5642835,0.48465326,0.2742621994018555,train/00319815.jpg,A pixel art of a sloth.
0.14148177,0.34512407,0.2618180465698242,train/00319833.jpg,"A beautiful, non-Euclidean house with six levels made of multi-colored plastic balls and surrounded by a manicured lawn, bathed in stunning volumetric light during sunset."
0.41857868,0.9406175,0.28873146057128907,train/00319877.jpg,Concept art of a girl holding a spear in a jungle background by various artists.
0.83615685,0.18168822,0.30399480819702146,train/00319916.jpg,a pink scooter parked next to a car
0.23120822,0.9505219,0.24884607315063476,train/00319920.jpg,Woman with pumpkin hybrid in a field of oversized pumpkins with a sun resembling a pumpkin.
0.47487673,0.15299995,0.2665595054626465,train/00320009.jpg,A kitchen with hard wood floors under a window.
0.15191536,0.3499528,0.2619549560546875,train/00320101.jpg,"A log cabin in the forest depicted with a cinematic matte style, reminiscent of the work of artist Vincent van Gogh."
0.74731416,0.39556924,0.2649278259277344,train/00320181.jpg,"Brezhnev and Churchill sit together in a boat, facing the river, with atmospheric lighting and a romantic ambiance, surrounded by trees and blue water."
0.26033172,0.6130361,0.24241844177246094,train/00320339.jpg,"90s cyberpunk horror comic cover for the movie Escape from New York, with Japanese script, drawn by Ilya Kuvshinov, Hiromu Arakawa and Tsutomu Nihei."
0.35382774,0.8662856,0.2512637138366699,train/00320368.jpg,A young woman with large glasses is depicted in a black and white ink drawing as a character portrait.
0.53569496,0.8179054,0.258305606842041,train/00320377.jpg,"Catwoman, portrayed with symmetrical eyes, sits on a city rooftop adorned with artistic styles from popular artists such as Phil Noto, Peter Mohrbacher, Thomas Kinkade, and Artgerm and embodies the classic 1950s rockabilly style while portrayed by actress Anya Taylor-Joy in DC Comics."
0.112753324,0.65048134,0.21346429824829102,train/00320460.jpg,Toy Story film by Pixar with beers and a Polaroid camera present.
0.38760206,0.83373,0.2462836265563965,train/00320464.jpg,"A colorful anime girl with a detailed and scary face, in a cinematic atmosphere, created by wlop and ilyu kuvshinov."
0.20904903,0.50805056,0.23222396850585938,train/00320520.jpg,The image is a digital hand fractal with intricate recursive branching fingers.
0.33496508,0.9106033,0.25679737091064453,train/00320673.jpg,A Ukrainian girl in national clothes wielding a gun stands against a massive Russian warship in a concept art by Greg Rutkowski.
0.4247206,0.8149944,0.26428348541259766,train/00320684.jpg,"A portrait of a cyborg woman with closed eyes, turning her head to the right, by Artgerm."
0.21010068,0.54296595,0.23205410003662108,train/00320688.jpg,Colorful John Berkey painting of a chocolate bar ad.
0.9394308,0.37853935,0.286186580657959,train/00320696.jpg,Two small airplanes parked on a lush green field.
0.81772023,0.2416576,0.27773031234741213,train/00320746.jpg,Adults with bikes crowd downtown sidewalk outside of local business.
0.33798066,0.42292878,0.2665155601501465,train/00320787.jpg,A couple stands by the Icelandic waterfall Skógafoss in a highly detailed digital painting.
0.4464022,0.9425678,0.2633209228515625,train/00320845.jpg,"An Asian girl sits alone in a warm, sunny classroom surrounded by rows of empty chairs and desks, with an anime wallpaper in the background, as light beams through the windows casting shadows on the furniture."
0.20040962,0.34784642,0.2803975677490234,train/00320969.jpg,The image depicts a magic palace surrounded by pink and white sakura trees on an island with luminous water.
0.478493,0.48256353,0.2500205612182617,train/00321248.jpg,"A bizarre creature featuring a horse's head, with eight twisted tentacles in place of a body."
0.5817026,0.76093876,0.274562931060791,train/00321642.jpg,"A 3D model of Lucifer flying with wings, demon horn, fire above head, and long dark hair in a sci-fi and fantasy style."
0.43687204,0.64212984,0.27308284759521484,train/00321759.jpg,Magneto from the X-Men portrayed in a painting.
0.27938685,0.9495954,0.2454771614074707,train/00321840.jpg,Image of a woman wearing a paper bag over her head and standing next to a flooded oxygen tank.
0.90207976,0.37076133,0.28005964279174805,train/00321904.jpg,A group of passengers sitting on an airplane in flight
0.17845623,0.6858995,0.23193357467651368,train/00321956.jpg,Stalker and witcher sitting near campfire.
0.34477803,0.84667706,0.24507919311523438,train/00322064.jpg,"The image features a detailed, bio-mechanical woman sleeping with mushroom camouflage in a fantasy environment."
0.22433968,0.46123496,0.2281159782409668,train/00322176.jpg,Stormy interstellar terrain with magenta overlay.
0.2500549,0.49652374,0.24829050064086913,train/00322375.jpg,"A detailed digital painting featuring intricate abstract lines, with a grunge-style and darker gradient towards the bottom."
0.3679211,0.81647706,0.24091867446899415,train/00322456.jpg,"Portrait of a geisha from ""Ghost in the Shell"" with dynamic lighting."
0.20988512,0.28219905,0.27439170837402344,train/00322581.jpg,A rock structure resembling a knight stands in front of a background of trees with dramatic evening lighting.
0.8418584,0.2847096,0.2988061332702637,train/00322730.jpg,Black and white photo of two men riding bikes.
0.2140833,0.50525403,0.24175868988037108,train/00322748.jpg,The image depicts a room designed by Akihiko Yoshida.
0.8210858,0.21732529,0.28530269622802734,train/00322762.jpg,a bunch of bikes in the middle of a road
0.8224523,0.339127,0.2762939071655273,train/00322805.jpg,Black and white photograph of a man in black jacket on skateboard.
0.20041311,0.6869615,0.20860246658325196,train/00322812.jpg,"A cinematic still of Steve Buscemi smoking on a building top, overlooking a rainy city in Blade Runner."
0.698894,0.84367156,0.26495262145996096,train/00322815.jpg,"A cinematic still of Steve Buscemi smoking on a building top, overlooking a rainy city in Blade Runner."
0.59360874,0.8243368,0.2832441711425781,train/00323283.jpg,A damaged female spec ops cyborg being repaired in a futuristic military medical bay with hanging cables and intricate details.
0.40763608,0.8090862,0.24836435317993164,train/00323285.jpg,A realistic and detailed portrait of a girl wearing a pearl earring against a moody background with influences from Art Nouveau and Neo-Gothic styles.
0.5966699,0.6039948,0.2778864860534668,train/00323411.jpg,A skull inside a deep sea diving helmet.
0.7404626,0.30175254,0.3013959503173828,train/00323505.jpg,A group of people with umbrellas standing around a white car.
0.53115004,0.56440145,0.28006198883056643,train/00323562.jpg,A detailed Hindu image of a technological monster god with gothic influences and rich colors.
0.70650387,0.53395796,0.2859156036376953,train/00323727.jpg,"A robot holding an umbrella in a rainy New York City night with neon lights in the background, by artist Stanley Lau."
0.56694853,0.29690585,0.25309158325195313,train/00323778.jpg,Close up of the flower extending from a banana tree stalk
0.45042592,0.6005798,0.26276727676391604,train/00323858.jpg,Batman dressed as the Joker.
0.58727044,0.49755198,0.27644304275512693,train/00324101.jpg,A potato with a machine gun shooting at a wall.
0.7928273,0.25091136,0.25899251937866213,train/00324157.jpg,Bicyclists dressed in vintage attire sit on a city street with modern cars.
0.47377673,0.7273984,0.2404427146911621,train/00324238.jpg,An anime portrait of Nicol Bolas wearing a kimono from Skyrim as a beautiful man.
0.807681,0.29456517,0.2815187644958496,train/00324268.jpg,A photo in an airport showing a backpack and a cell phone.
0.6065354,0.75184256,0.27819765090942383,train/00324471.jpg,Anime character playing poker and drinking in a bar.
0.18006743,0.34100425,0.2851059722900391,train/00324570.jpg,Autumn village with vibrant Lisa Frank style.
0.24334973,0.39861444,0.26252361297607424,train/00324606.jpg,"A reflective sphere floats in a misty, magical landscape amidst glowing runes and falling stones."
0.40258285,0.5051031,0.271141414642334,train/00324646.jpg,"A surreal digital art image of a submerged creature infusion with a luscious, parfait-like appearance."
0.35019404,0.039707106,0.2711059761047363,train/00324707.jpg,A bathroom toilet that has a curtain in it.
0.40330794,0.49524698,0.26465324401855467,train/00324782.jpg,"Indoor workshop featuring a Cthulhu sculpture on a pedestal, created in the Italian Renaissance style."
0.38833737,0.89142454,0.2616969871520996,train/00324828.jpg,"Anime girl with red hair and orange eyes smirking, trending on Pixiv."
0.659482,0.51553607,0.3093792724609375,train/00324847.jpg,A cartoonish rat rides a bike made of swiss cheese in a digital painting.
0.28011322,0.48326764,0.2557341384887695,train/00324910.jpg,An oil painting by Greg Rutkowski depicting a surreal gate representing the idea that the end is the beginning.
0.38259536,0.7871531,0.23872060775756837,train/00324920.jpg,A portrait of Megan Fox as a space pilot from Robotech 1985 anime.
0.39136964,0.841195,0.2564660835266113,train/00324938.jpg,A neoclassical portrait of a stressed filipina chinese girl from the 1860s in oil on canvas.
0.46057507,0.1883738,0.2599385452270508,train/00325131.jpg,A hot plate sits on an old wooden table in a hovel.
0.61186486,0.5632928,0.27406293869018555,train/00325139.jpg,A guy being transformed into a pony.
0.41528556,0.8103401,0.2569817924499512,train/00325258.jpg,"Portrait of a gothic cyberpunk maiden inspired by Warhammer, illustrated in high detail by Gustav Klimt and Range Murata."
0.14297132,0.5085016,0.21757314682006837,train/00325316.jpg,"A digital illustration of a satanic government rising, created by Jeffrey Smith and Tim Biskup, and presented as a wallpaper on Behance."
0.46303526,0.90853155,0.28494232177734374,train/00325323.jpg,A colour pencil drawing of a Clown girl amidst a hallway of mirrors.
0.49446177,0.15367569,0.2613431167602539,train/00325445.jpg,"An oven, and clothes washer are in a small kitchen."
0.42369476,0.67539006,0.24640508651733398,train/00325537.jpg,Portrait of Max Mayfield in Rembrandt style.
0.80584174,0.28525746,0.2683799362182617,train/00325566.jpg,A man popping a wheelie on a motorcycle on a street.
0.6262766,0.5207481,0.2735238456726074,train/00325569.jpg,"An illusion painting with a hidden image of a small fox in the ruins of King Solomon's Temple and dreamy clouds shaped like the Third Temple, with a laughing old man in a brown tunic."
0.42277488,0.6288954,0.263450984954834,train/00325585.jpg,The artwork depicts Nightcrawler from the X-Men created by William Adolphe Bouguereau.
0.37070867,0.89631134,0.26583333969116213,train/00325650.jpg,"The image is a 3D infrared portrait of anime schoolgirls underwater, with a dramatic lighting effect."
0.7210762,0.1826449,0.26616138458251953,train/00325691.jpg, A highway filled with heavy traffic near a cement bridge.
0.42073828,0.23556723,0.27162837982177734,train/00325758.jpg,An empty chair is at a messy desk with a laptop and a monitor on it.
0.30212685,0.45020932,0.25472450256347656,train/00325818.jpg,"A biopunk personal vehicle with armed features, featuring luminescent lighting and detailed artwork by Syd Mead, Greg Rutkowski, Wlop, and Artgerm."
0.27449602,0.88473415,0.2273422050476074,train/00325988.jpg,Reimu Hakurei walking in a nighttime forest.
0.38853696,0.025795529,0.29117530822753906,train/00326316.jpg,"A black and white bathroom scene includes a sink, a toilet, and a bathtup."
0.5501304,0.6351279,0.2760798645019531,train/00326397.jpg,A portrait of octopus Davy Jones in a cyberpunk cafe.
0.11647578,0.3257673,0.2682260322570801,train/00326424.jpg,Oil painting of willow tree next to raging river by Albert Bierstadt.
0.8151102,0.46176946,0.2587360954284668,train/00326480.jpg,Octopus jumping from plane on parachute.
0.23990497,0.49517742,0.24536020278930665,train/00326598.jpg,A highly detailed digital painting featuring a radioactive symbol in a vivid grunge style.
0.6084413,0.73123634,0.26389968872070313,train/00326743.jpg,Top view shot of a man in white futuristic armor holding a katana.
0.7155369,0.62158144,0.27247932434082034,train/00326813.jpg,A woman with a cow's head.
0.38681662,0.07361103,0.23511531829833984,train/00326899.jpg,a bathroom with a toilet sitting next to a bath tub 
0.3409243,0.37987638,0.2774410820007324,train/00327133.jpg,An endless corridor with a ball pit for a floor.
0.6728758,0.5407226,0.2934651756286621,train/00327188.jpg,A buffalo with a unicorn horn.
0.6594129,0.460222,0.29365015029907227,train/00327233.jpg,Hedgehog eating pizza at a tiny table.
0.5327352,0.72740835,0.2627389717102051,train/00327317.jpg,A portrait of a person connected to a brain-machine interface with a Byzantine religious icon in the background.
0.18257116,0.5251874,0.24227209091186525,train/00327352.jpg,Grand Theft Auto 5 covert art depicting the Vietnam War.
0.5241011,0.25985372,0.27093284606933593,train/00327397.jpg,A person taking a picture and there image reflecting in a mirror.
0.34587047,0.9328469,0.2480984115600586,train/00327488.jpg,A full-body baroque oil painting portrays a young female military maid donning a black uniform with long blonde hair and sharp blue eyes.
0.41820025,0.51752174,0.2694254875183105,train/00327551.jpg,A polaroid of a creepy inter-dimensional cryptid peeking into a childhood bedroom.
0.34741935,0.4918015,0.248635196685791,train/00327580.jpg,A fighter jet has a Jesus crucifix mounted on top.
0.1609607,0.3562932,0.251549072265625,train/00327665.jpg,A landscape painting featuring a Chinese temple with rain droplets and a lonely monk walking on stone steps.
0.6690096,0.6255545,0.2519239807128906,train/00327765.jpg,A cute boy playing saxophone in a vibrant anime cartoon style.
0.38956475,0.54685277,0.26456445693969727,train/00327811.jpg,An astronaut mech in a pearlescent eva suit made of knitted ceramic multi colored yarn with insectoid camera lenses floats through a cave canyon grotto.
0.7386114,0.4953857,0.3025080871582031,train/00327924.jpg,A woman with microphone standing in front of two giraffes.
0.8181467,0.34783033,0.2679768180847168,train/00328220.jpg,A MAN DRIVING A BOAT IN THE OCEAN WATER 
0.47775373,0.8518532,0.2969082832336426,train/00328269.jpg,A princess wearing chains with fair skin in an ornate and intricate frame.
0.5321171,0.22519898,0.2620485496520996,train/00328420.jpg,a woman a bathroom a mirror and a toilet
0.13576017,0.6254786,0.20960777282714843,train/00328604.jpg,A screenshot of the game Doom by Peter Mohrbacher.
0.69824946,0.1745342,0.25855192184448245,train/00328776.jpg,"A two hour parking sign, sitting in the middle of a empty street."
0.2225104,0.4075687,0.25975135803222654,train/00328802.jpg,A digital art piece of a sprawling and dramatic mega city.
0.37935695,0.5677933,0.2515251922607422,train/00328976.jpg,The image is a zoomed-in portrait of tin toy fuzzy kaiju moth dragons wearing armor in a medieval London setting.
0.45241475,0.49557093,0.2840254211425781,train/00328978.jpg,The image is a zoomed-in portrait of tin toy fuzzy kaiju moth dragons wearing armor in a medieval London setting.
0.5823313,0.5344419,0.27866167068481446,train/00329466.jpg,A demonic goat summoned by a wicked sorceress inside a pentagram.
0.20550348,0.5621331,0.24388891220092773,train/00329528.jpg,The image tells a heartfelt story through its visuals.
0.74051464,0.45379165,0.2792849540710449,train/00329728.jpg,two horses standing in the grass by a bighouse 
0.25518462,0.5091361,0.25512937545776365,train/00329746.jpg,Thomas Blackshear's artwork depicts an interstellar scene with a dark retrowave theme and glitch art elements.
0.49133494,0.6911669,0.26528459548950195,train/00329780.jpg,"The image is a digital painting of an emperor in armor, captured in a highly detailed and sharply-focused portrait."
0.45525703,0.7759955,0.2685020637512207,train/00330157.jpg,"The image features Theresa Russell portrayed as a Mark Ryden doll in a detailed and intricate environment, created with hyperrealistic digital art using Octane Render and trending on ArtStation."
0.38370782,0.39105245,0.2855356025695801,train/00330182.jpg,A Dutch windmill is depicted with a Gundam robot in an anime style.
0.49036002,0.14421241,0.2530321502685547,train/00330189.jpg,Kitchen with window stove sink dishwasher and tile floor. 
0.3306683,0.35979626,0.2850857353210449,train/00330384.jpg,"The image depicts guardians in an alley filled with trash cans, in a whimsical and magical style, created using digital art techniques."
0.52944165,0.26641458,0.2713006401062012,train/00330474.jpg,"A man standing with his back to a mirror, but his reflection facing him. "
0.46279466,0.9156472,0.2803350448608398,train/00330610.jpg,"A portrait painting of a person with a short, messy pixie haircut, black tank top, leather jacket, knee-length black skirt, and a choker."
0.38626644,0.628372,0.25068580627441406,train/00330633.jpg,Bob Ross as a wizard in the game Dark Souls set in Anor Londo.
0.30269095,0.65468645,0.2279789924621582,train/00330640.jpg,Christopher Walken depicted as an apple in an appletree in a hyper-detailed digital art piece by Peter Mohrbacher.
0.35234073,0.50941354,0.26271209716796873,train/00330658.jpg,"A giant hand made of blood and fire floats through a living room, from a film directed by Denis Villeneuve with art direction by Salvador Dalí."
0.7491706,0.48775026,0.27843263626098635,train/00330690.jpg,Giraffes entering and exiting a building and grazing in a fenced area
0.14485945,0.536854,0.2183009910583496,train/00330828.jpg,A screenshot of the game Doom by Syd Mead and James Gilleard.
0.42621002,0.7876893,0.2551965141296387,train/00331091.jpg,"A wood print image of Tessa, a female D&D character, with intricate details and a fanciful style by artgerm, greg rutkowski and alphonse mucha."
0.50735676,0.9437666,0.2713263702392578,train/00331127.jpg,"Description: A young girl wearing a red bow in her hair and glasses stands facing the viewer, wearing a striped shirt and holding a book."
0.31173557,0.71119076,0.21191478729248048,train/00331152.jpg,Wukong-inspired character concept art from Ghibli Studio.
0.31703094,0.5473325,0.2677304458618164,train/00331177.jpg,Oscar winning scene from The X-Men movie.
0.74761,0.38074565,0.28760322570800784,train/00331211.jpg,Two people that are walking a dog together.
0.22260056,0.6009293,0.24043668746948244,train/00331394.jpg,"A painting titled ""ethos of ego. mythos of id."" by Thomas Eakins."
0.1669054,0.45678023,0.2199622344970703,train/00331408.jpg,"A post-apocalyptic scene in Kreuzberg featuring colorful smoke, burned cars, explosions, and destruction, captured through drone photography with high details."
0.389699,0.031692605,0.2713475799560547,train/00331463.jpg,a small bathroom with green carpet and towel
0.32871655,0.6956671,0.2197055435180664,train/00331520.jpg,"A painting of a fantasy raven, portrayed as a Kenku rogue, featured on canvas by Keith Parkinson in 1985."
0.6211869,0.49262705,0.2795327377319336,train/00331670.jpg,"Head and shoulders portrait of an anthropomorphic fox, digital art on ArtStation."
0.56376314,0.26147112,0.2688095474243164,train/00331730.jpg,A man standing in a kitchen holding a box of fish sticks.
0.4604853,0.6530293,0.26984375,train/00331825.jpg,"A World of Warcraft paladin wearing Lightbringer armor with a distinct art style reminiscent of artists like Klimt, Nixeu, Ian Sprigger, Wlop, and Krenz Cushart."
0.22135058,0.39699814,0.267943058013916,train/00331862.jpg,A futuristic house in a fractal landscape.
0.37457174,0.77352804,0.2369700241088867,train/00331876.jpg,"The image depicts Slavic goddess Marana with six arms, in vibrant color and intricate detail."
0.2976391,0.89220285,0.24558046340942383,train/00331984.jpg,Princess Peach working out in gym wearing leggings.
0.6940902,0.39884067,0.2746768569946289,train/00332097.jpg,A dog in a madonna shirt is sitting next to feet in high heels
0.35148534,0.7976376,0.2136092185974121,train/00332124.jpg,"A woman wearing a carved half mask with mineral incrustations in a baroque and rococo setting, depicted in a detailed and intricate illustration."
0.34861404,0.9419834,0.27137807846069334,train/00332225.jpg,"Two young women with braided blonde hair, one pale and the other darker-skinned, posing in full-length in an illustration inspired by the work of William-Adolphe Bouguereau."
0.17053476,0.4011636,0.2487674903869629,train/00332378.jpg,Halloween-themed artwork by Kenton Nelson depicting a scene under a blue summer evening sky.
0.51245016,0.571687,0.2700212860107422,train/00332391.jpg,An insanely detailed screaming action figure is melting.
0.46503603,0.77454275,0.264982967376709,train/00332427.jpg,"The image portrays the character Illaoi from the game League of Legends in a digital painting style with vibrant bioluminescent colors, designed by multiple artists and showcasing her abilities as a mage, fighter, and assassin."
0.3237954,0.80798167,0.20659347534179687,train/00332632.jpg,"A hyperrealistic portrait of the K-pop group Blackpink against a Bladerunner-inspired street backdrop, created by Karol Bak and Agnes Cecile for ArtStation."
0.48789385,0.15903431,0.2503998947143555,train/00332679.jpg,an image of kitchen setting with an island kitchen
0.6369717,0.3335854,0.30105335235595704,train/00332703.jpg,Old man yelling at a pizza.
0.27668646,0.50462455,0.2469889450073242,train/00332721.jpg,an image of graphic art on a garage door
0.41538063,0.5463059,0.26440120697021485,train/00332725.jpg,Scary black voodoo doll paintings by Jean-Michel Basquiat.
0.43205634,0.8190645,0.270809268951416,train/00332949.jpg,A portrait of Aqua from Konosuba.
0.45454746,0.24554504,0.26579689025878905,train/00332970.jpg,"a tray with breakfast of orange juice, cereal with milk, a banana and a piece of bread"
0.6054685,0.4101325,0.2615402412414551,train/00332994.jpg,"An illustration of a cat being vital to the functioning of an accounting department, by Dr. Seuss."
0.5984073,0.5031525,0.2749456214904785,train/00333173.jpg,A baby chick dressed as an inmate.
0.42330906,0.060232908,0.2573374176025391,train/00333229.jpg,A TV inside of a bathroom mirror next to a light.
0.5308831,0.26720184,0.278133487701416,train/00333337.jpg,We see two pictures of people using bananas as phones.
0.12503818,0.4079536,0.23619117736816406,train/00333440.jpg,"Anime-style illustration of a rural Japanese scene including a tram, sunset, and birds in flight."
0.7334832,0.64482355,0.2707801818847656,train/00333569.jpg,A glass skull smoking a cuban cigar on Varadero beach with smoke rising in a symmetrical manner.
0.22762209,0.55811554,0.2453978729248047,train/00333735.jpg,"The artwork ""Helium"" by M.C. Escher."
0.8981342,0.40054336,0.22738351821899414,train/00333803.jpg,People at the beach watching an airshow with eight jets.
0.4284909,0.65609294,0.25678024291992185,train/00333944.jpg,Portrait of Nicolas Cage painted by Gustav Klimt.
0.41612664,0.84417146,0.25860591888427736,train/00334337.jpg,"The image depicts two disintegrating synthwave cowgirls in metallic armor, alongside Aigis from Persona 3 and Ciri from The Witcher 3, with a lunar cyberpunk city as the backdrop."
0.24931559,0.56036913,0.24202268600463867,train/00334537.jpg,An image representing the birth of logic and mathematics from philosophy.
0.17192204,0.3468949,0.28234567642211916,train/00334699.jpg,"A multistory fairytale hut in the forest, intricately detailed and painted digitally in the style of Laurie Greasley."
0.40002,0.9123222,0.274654483795166,train/00334705.jpg,"A Yoshitaka Amano inspired manga girl with white hair and black eyes wearing patterned suit, placed against a black and white abstract background with film grain effect."
0.20332861,0.43167755,0.24873109817504882,train/00334712.jpg,"The image is ""Zakho City"" by Hieronymus Bosch."
0.5429284,0.23182486,0.25550136566162107,train/00334793.jpg,A person and a sink in a small room.
0.18398507,0.34075823,0.29141944885253906,train/00334821.jpg,A cottage on a lake surrounded by vibrant vegetation in a cinematic and intricately rendered style.
0.18456402,0.43395987,0.22698858261108398,train/00334952.jpg,"A colorful 3D diorama of a small island with two tall New York buildings on top, rendered by Filip Hodas."
0.6901168,0.63002914,0.26887681961059573,train/00335089.jpg,A portrait of a male furry anthro Black Reindeer cyberpunk fursona standing in a cyberpunk city at night in the rain.
0.5986519,0.505592,0.2793857955932617,train/00335099.jpg,Linocut print of robot dog with explosive device attached.
0.35613587,0.82906485,0.2350408935546875,train/00335233.jpg,A digital art piece showcasing a lone showgirl in sitting pose with contour lighting and sharp edges.
0.5366636,0.64115065,0.2791205596923828,train/00335281.jpg,A photorealistic rendering of Simon Cowell with noodle-like arms.
0.32614645,0.9151141,0.25083074569702146,train/00335339.jpg,A CG schoolgirl holds a rifle near utility poles in the Middle East in a cinematic advertisement.
0.26610005,0.9826264,0.2874773406982422,train/00335422.jpg,"A girl with a flower head in a colorful field, reminiscent of an impressionist painting."
0.41743976,0.220254,0.2736761474609375,train/00335449.jpg,A tablet showing a video feed of a baseball game on someone's desk.
0.495115,0.689219,0.27663909912109375,train/00335499.jpg,"A digital painting showing a male polar explorer as a fantasy character, for use in D&D or as concept art, with highly detailed features, created by artists Artgerm, Greg Rutkowski, and Magali Villeneuve, and trending on ArtStation."
0.6582495,0.4978857,0.2972062873840332,train/00335698.jpg,A bear drinking coffee by a campfire.
0.60288835,0.46098074,0.26893091201782227,train/00335760.jpg,A Yorkshire Terrier wearing a space suit with a visible smiling face inside the helmet.
0.20460853,0.40788317,0.24842296600341796,train/00335780.jpg,Gothic-inspired architecture in a fictional South American city reminiscent of Gotham.
0.33527738,0.040023927,0.27180517196655274,train/00335808.jpg,There is a white toilet with red tiled floors
0.43918604,0.6981148,0.2322943115234375,train/00335928.jpg,"A portrait of Khorne, a character from Warhammer 40k, created by artists HR Giger, Greg Rutkowski, Luis Royo, and Wayne Barlowe."
0.56028914,0.2031106,0.2628874206542969,train/00335949.jpg,A room with lots of seats next to an entrance.
0.42914402,0.8101422,0.2663117408752441,train/00335955.jpg,"A steampunk female holding a gun in a highly detailed digital painting by Stanley Lau, Artgerm, Magali Villeneuve, and Alphonse Mucha."
0.61644226,0.41757187,0.2509890556335449,train/00336240.jpg,"St. Bernards in rugby uniforms, pictured playing sports."
0.45269057,0.6449055,0.27339643478393555,train/00336246.jpg,Oil painting of Kurt Cobain as a Renaissance figure.
0.67403346,0.72868747,0.2550109672546387,train/00336264.jpg,A humanoid half robot-half man android rapper Machine Gun Kelly posing like a statue with a blank stare and shiny skin.
0.6556694,0.6367076,0.2707387161254883,train/00336286.jpg,An image of a cowboy turning into blooms with the use of complementary colors.
0.6417708,0.49143967,0.29412672042846677,train/00336393.jpg,An anthropomorphic fox with a fluffy tail depicted in manga-style art.
0.43464345,0.7734201,0.25907623291015625,train/00336717.jpg,AnnaSophia Robb depicted as a Marvel Comics character in a dark and highly detailed digital illustration by Ruan Jia and Mandy Jurgens on ArtStation.
0.14641114,0.5323644,0.24221351623535156,train/00336756.jpg,"An image of black ink drops falling on a white background, forming the Japanese character for ""zen"" with water splashes resembling rain."
0.41564903,0.4599517,0.2667914009094238,train/00336929.jpg,"A 3D low poly metal dragon key with a large red diamond in it, designed as an RPG inventory item."
0.4095237,0.462651,0.28188472747802734,train/00336939.jpg,Watercolor painting of a Roman god monument in stone and marble by Anders Zorn.
0.34862497,0.058628064,0.2603660774230957,train/00337049.jpg,A burgundy and white tiled public men's restroom
0.8485377,0.2928774,0.28459505081176756,train/00337092.jpg,A bird flies over a tower with a green dome.
0.8723599,0.39393675,0.2483019256591797,train/00337178.jpg,The boy is waiting for the plan to depart at the airport. 
0.24683775,0.42688575,0.25945573806762695,train/00337192.jpg,A steampunk hot air balloon used as a living space.
0.31954667,0.05679917,0.2597990036010742,train/00337274.jpg,The bathroom wall is lined with five standing urinals.
0.68433005,0.8579545,0.28699871063232424,train/00337301.jpg,A man and woman bounce in a living room with dark energy floating in the middle and a plant to the side.
0.8149791,0.22948104,0.27992027282714843,train/00337326.jpg,a street that has some motorcycles going down it
0.93798023,0.40983093,0.26507753372192383,train/00337345.jpg,a commercial passenger get with its landing gear down
0.36515832,0.79811466,0.22947708129882813,train/00337352.jpg,Image of an angel warrior queen adorned with diamond armor.
0.5727998,0.2514259,0.27888246536254885,train/00337483.jpg,a couple of people that are in a kitchen
0.46302396,0.70122635,0.26175752639770505,train/00337693.jpg,"A psychedelic portrait of a surreal face with intricate details, painted digitally by Krenz Cushart and Artem Demura, featuring elements of alphonse mucha's style."
0.602579,0.5887685,0.25598917007446287,train/00338120.jpg,A poster featuring a carved ancient skull decorated with pineapple leaves and surrounded by various flowers.
0.47691086,0.6929783,0.2551483726501465,train/00338201.jpg,"The image features an autumn leaf headdress made of fluid oil and acrylic paint, with melting wax and mycelia, in an abstract impressionistic and surrealistic style, resembling the work of Ruan Jia, Gustav Klimt, Cy Twombly, and Irakli Nadar."
0.7336975,0.36115727,0.28277587890625,train/00338210.jpg,A black and white image of a woman catching a bird
0.33504665,0.62105525,0.23189741134643554,train/00338248.jpg,"""Hyperrealistic portrait art featuring Hindu, Power Ranger, Furby, Cowboy, Rat Fink, Barbie, Kewpie, Dragon, Dog God, Troll Doll characters on 35mm film by Lisa Frank and Yayoi Kusama."""
0.40014514,0.6568352,0.24425445556640624,train/00338295.jpg,Daniel Craig as a playable character in Goldeneye 64.
0.09738431,0.29927158,0.24110538482666016,train/00338488.jpg,A jellyfish is seen hanging from a tree branch.
0.7542748,0.48641843,0.2810910034179688,train/00338864.jpg,Several giraffes move through an enclosed area as people observe.
0.5667087,0.2699176,0.2596970748901367,train/00338913.jpg,There is a child eating food at a dining table.
0.23756658,0.5615043,0.24975189208984375,train/00338921.jpg,Image by James Gurney.
0.35748288,0.41518772,0.2698337173461914,train/00338941.jpg,"A movie poster with minimal design featuring crumbled dollar bills, salsa, and two shoes set in the Israeli desert with solid colors."
0.1968885,0.35257736,0.27345394134521483,train/00338985.jpg,"A Chinese monastery in a pink and yellow bamboo forest, with a waterfall of light in the background."
0.4623149,0.81747323,0.2693628311157227,train/00338994.jpg,"Dora the Explorer has been reimagined as a real girl in a happy pose, surrounded by a detailed Pop Surrealist background with muted pastel colors and soft lighting reminiscent of 50's art by various artists."
0.2813573,0.6071484,0.2254388427734375,train/00339200.jpg,A giant amorphous slime creature leaving a trail of green goop behind itself.
0.32233974,0.044136953,0.27879030227661133,train/00339216.jpg,A toilet with an open lid has a push button equipped arm for use by patrons. 
0.61845046,0.7074605,0.28117128372192385,train/00339312.jpg,Purple-skinned male with white hair.
0.18227656,0.43472958,0.2391771697998047,train/00339327.jpg,"Goro Fujita's concept art depicts a distant view of deep, undulating dunes."
0.47663823,0.86209375,0.2833054351806641,train/00339424.jpg,A woman in golden armor with intricate details.
0.5735137,0.4610061,0.26163434982299805,train/00339482.jpg,Oil painting of a llama and a guinea pig by George Stubbs.
0.54674137,0.9024909,0.2778465461730957,train/00339591.jpg,This image features a stylized version of DC Comic's Catwoman with symmetrical eyes standing on a city rooftop.
0.46346596,0.689964,0.27148033142089845,train/00339757.jpg,Erin Moriarty as Lucifer Morningstar in a digital concept art painting by multiple artists.
0.094262235,0.7451769,0.2613119697570801,train/00339782.jpg,"A volcano of ivory vines and crimson rocks erupts, emitting a smoke resembling a demonic eye."
0.09224948,0.3574035,0.2250721549987793,train/00340184.jpg,An enchanted forest with a swamp.
0.5884086,0.64076227,0.28123786926269534,train/00340233.jpg,"The image depicts a massive celestial giant god, armored, with a detailed face and body, in a starry sky setting."
0.5687376,0.41080755,0.25236112594604493,train/00340272.jpg,"A dog walker with multiple dogs, by Piet Mondrian."
0.18011153,0.45309076,0.197889347076416,train/00340428.jpg,"The image is a digital artwork by Denis Sarazhin depicting an apocalyptic architecture island with elements of retro, sci-fi, and cosmic influences, featuring Tron-like neon lighting and a sleet-filled sky."
0.54736924,0.7275603,0.26394144058227537,train/00340967.jpg,"The image is a highly detailed character sheet of a medieval knight wearing silver armor, a green cloak, with brown long hair, black eyes, and a smug look."
0.49173546,0.14065292,0.2455883026123047,train/00340983.jpg,THERE IS A KITCHEN WITH A SINK AND CABINETS 
0.31114817,0.86873186,0.2362985610961914,train/00341020.jpg,"A portrait of a beautiful girl passionately dancing in a neon futuristic night club, with pastel colors and a spotlight illuminating her face, with drips of paint, and following the rule of thirds."
0.16568114,0.44943553,0.23221271514892577,train/00341240.jpg,landscapes of the future
0.41292253,0.6142144,0.2637733840942383,train/00341343.jpg,Walter White from Breaking Bad is depicted in the cartoon style of Regular Show.
0.40418285,0.6212443,0.25581899642944333,train/00341354.jpg,Screenshot of new Overwatch hero.
0.956147,0.42520756,0.24516834259033204,train/00341377.jpg,A sky showing airplane smoke trails with a bird in the foreground 
0.3051657,0.0530901,0.26358858108520505,train/00341730.jpg,A room with three white urinals on the wall.
0.39990124,0.03476179,0.26796554565429687,train/00341800.jpg,"A bathroom with white fixtures, a red tiled floor and a black counter."
0.32311878,0.4008909,0.27298568725585937,train/00342048.jpg,An adventure party rests inside a tavern in an oil painting by Justin Gerard.
0.20450811,0.36781493,0.2895183563232422,train/00342079.jpg,"A village perched on a cliff featuring key anime visuals from Studio Ghibli, with detailed art trending on Artstation."
0.52000624,0.8026413,0.27820587158203125,train/00342115.jpg,"A sci-fi weapon with sharp edges and contour light effect, held by a showgirl sporting a futuristic headset and a full-body suit designed by artgerm, cushart krenz, zeronis, donato giancola and greg rutkowski."
0.33080253,0.48047575,0.2514643669128418,train/00342185.jpg,"Alien warriors attacking a Sumerian god in a UFO with a giant window in a hyper-detailed, photorealistic image by Katsuya Terada."
0.49523956,0.6505645,0.270078125,train/00342191.jpg,A portrait of Abraham Lincoln with sunglasses in intricate detail and elegant style.
0.33707422,0.8834705,0.2439483070373535,train/00342277.jpg,"A semi-realistic digital painting of a geisha flying over a colorful subway train yard with grunge, graffiti, and tags."
0.19345501,0.57493895,0.21846059799194337,train/00342348.jpg,Disney Concept Artist's depiction of the two complementary forces of life.
0.5058876,0.8476392,0.27743452072143554,train/00342390.jpg,A cyberpunk round portal with a floating grace goddess in dramatic lighting and chaotic cables.
0.34119532,0.5323187,0.2555368232727051,train/00342399.jpg,"A stylized portrait featuring a chaotic storm of liquid smoke and bubbly underwater scenery, with shattered glass and radiant light."
0.7092834,0.26054153,0.2537509536743164,train/00342432.jpg,A number of benches at the beach and a boat in the sea
0.70463604,0.2554192,0.2715345001220703,train/00342435.jpg,A number of benches at the beach and a boat in the sea
0.75866246,0.4233846,0.2746130561828613,train/00342521.jpg,Man standing next to goats and a dog in a park. 
0.6687312,0.69251776,0.29061906814575195,train/00342791.jpg,A photo of Liam Hemsworth posing as a half-robot male android with shiny skin and a blank stare.
0.21449427,0.3917269,0.27784751892089843,train/00342858.jpg,An anime landscape with a mystical and fantastical theme.
0.16871028,0.40766558,0.24053340911865234,train/00342908.jpg,An oil painting by Arkhip Kuindzhi of Mt. Elbrus at night with a luminous blue palette.
0.47828668,0.68584836,0.26883113861083985,train/00343121.jpg,"A digital portrait of Pain from Naruto with an intricate and elegant design that portrays symmetry, dark tones and high detail."
0.40163833,0.06141213,0.26508274078369143,train/00343426.jpg,This is a bathroom that is in someones home. 
0.82655567,0.2786481,0.28903310775756835,train/00343447.jpg,there is a woman wearing a pink scarf on a motorcycle
0.58322555,0.7928356,0.25262950897216796,train/00343496.jpg,Illustration of a top secret special operations assassin NASA cyborg being repaired in a military medical bay.
0.6550728,0.36527267,0.30012548446655274,train/00344040.jpg,a orange colored cat peering down on some unknown object
0.2939448,0.7071924,0.2047039031982422,train/00344548.jpg,"An abstract portrait of the Joker with colorful spray paint splatters, set against a city skyline, in a vivid cinematic style."
0.561761,0.6677507,0.27186548233032226,train/00344550.jpg,"An abstract portrait of the Joker with colorful spray paint splatters, set against a city skyline, in a vivid cinematic style."
0.545555,0.7027037,0.28808433532714844,train/00344710.jpg,An angry punk anime portrait shot in close-up.
0.51017773,0.5051215,0.243756046295166,train/00344724.jpg,"The image is a highly detailed digital painting of an owlbear, a creature from the world of Dungeons & Dragons, portrayed in a fantasy portrait style."
0.4498124,0.620865,0.25805202484130857,train/00344875.jpg,"The image is a full body portrait of a highly detailed and intricate four armed giant with a detailed face, depicted in concept art."
0.3217934,0.44776303,0.2704215621948242,train/00344880.jpg,A crumpled red plastic cup on a sidewalk depicted as a classical painting.
0.45856103,0.49810463,0.23530717849731445,train/00344896.jpg,Pikachu painted as The Mona Lisa.
0.7596429,0.41264722,0.2562577819824219,train/00344921.jpg,A shepherd works with a dog to herd five sheep. 
0.94349635,0.40184924,0.2595539665222168,train/00344974.jpg,An old fashioned photo shows a large airplane and a small airplane. 
0.080946244,0.74471134,0.2510960006713867,train/00345035.jpg,"An erupting volcano made of ivory vines and crimson rocks with smoke in the shape of a demonic eye, from World of Warcraft."
0.5229258,0.51610136,0.27350061416625976,train/00345115.jpg,"The image depicts a moose with electrified antlers created by artists Jordan Grimmer and Noah Bradley, and is titled ""Eikthyr."""
0.28025228,0.48985675,0.24790090560913086,train/00345124.jpg,Concept art of a warped table folding in on itself.
0.39605492,0.63453263,0.25252288818359375,train/00345135.jpg,"David Braben portrayed in Hollow Knight as a character, depicted through a concept art illustration."
0.633867,0.3927832,0.2835130310058594,train/00345236.jpg,"The image shows a cat sitting with a book open in front of it, implying a studious or scholarly character."
0.31884772,0.7103592,0.20632234573364258,train/00345288.jpg,Nazuna Nanakusa from Yofukashi no Uta wearing an Evangelion suit in fanart.
0.45068958,0.7197847,0.2503800964355469,train/00345492.jpg,"A highly detailed piece of art by Greg Rutkowski, featuring an admonishing figure standing against a cloudy background."
0.46778738,0.1445576,0.26762563705444337,train/00345541.jpg,A decorated kitchen area with an exterior door.
0.4885667,0.6824041,0.2693551826477051,train/00345574.jpg,Portrait of old man with solemn expression in oil on canvas.
0.49052498,0.6903905,0.2788156318664551,train/00345578.jpg,A digital painting featuring an elf warrior in intricate and elegant shining armor.
0.6330918,0.45517644,0.277341251373291,train/00345628.jpg,A cute humanoid cat soldier wearing a yellow raincoat and carrying a rifle is seen venturing through a dense forest.
0.40651572,0.13941665,0.2373564910888672,train/00345668.jpg,a foot is flushing a toilet in a blue bathroom
0.28051972,0.5071515,0.24761932373046874,train/00345673.jpg,The gent altar piece depicts the creation of the universe.
0.6447758,0.25727367,0.2715659713745117,train/00345809.jpg,People standing in a room looking at a tennis match on a projector screen.
0.39754283,0.83237576,0.24687129974365235,train/00345822.jpg,"A portrait of a teenage princess assassin in a Japanese lo-fi hip-hop cyberpunk style, featuring a mask, painted by various artists and currently trending on Artstation."
0.6228887,0.49295607,0.27683521270751954,train/00346021.jpg,"Geometric symmetrical lemur with galaxy eyes in space, with a nebula in the background."
0.64786726,0.35465634,0.3011655807495117,train/00346143.jpg,A grey cat is laying next to a metal bowl.
0.2834873,0.44088235,0.2715994071960449,train/00346257.jpg,"The image depicts a colorful sci-fi scene with planets, a nebula, and bioluminescent elements, featuring artwork by various artists."
0.64390457,0.5404434,0.3020585823059082,train/00346347.jpg,"An anthropomorphic owl dressed in a grey suit, wearing mechanical sunglasses and a long hat resembling that of a mafia member."
0.3155569,0.43675214,0.2573423385620117,train/00346666.jpg,"The image depicts giant translucent glowing jellyfishes with lots of teeth in a melting horror setting, alongside a round moon and rich clouds, alluding to fighting the horrors of the unknown, and featuring mirrors amidst mist and volumetric light."
0.634547,0.3492189,0.29419803619384766,train/00346722.jpg,a white toilet with a cat on top of it
0.54472697,0.8819861,0.2729109573364258,train/00346729.jpg,"A redheaded bard woman dressed in colorful leather armor, cream blouse, and teal cloak speaks to a crowd in a tavern."
0.53742635,0.8882103,0.2683561134338379,train/00346731.jpg,"A redheaded bard woman dressed in colorful leather armor, cream blouse, and teal cloak speaks to a crowd in a tavern."
0.32864356,0.040005315,0.2733033561706543,train/00346734.jpg,A toilet has a plastic cover over the seat part.
0.50646925,0.72345406,0.23993898391723634,train/00346764.jpg,"A half-masked laboratory engineer man with cybernetic enhancements, in a dystopian scifi outfit."
0.488645,0.81839854,0.27041227340698243,train/00346795.jpg,Portrait of Kerrigan in a cyberpunk cafe.
0.25492433,0.97868145,0.2787586975097656,train/00346843.jpg,"A surreal closeup image of a giant rose flower face with a girl in a suit in the foreground, resembling an impressionist or digital painting by Simon Stalenhag."
0.45036575,0.6906396,0.2543962860107422,train/00347014.jpg,"Portrait of an Eldar from Warhammer 40k by HR Giger, Greg Rutkowski, Luis Royo, and Wayne Barlowe."
0.6429236,0.5274665,0.29044687271118164,train/00347119.jpg,"A Pokemon character standing on its hind legs, with orange fur, long ears, and a fluffy tail."
0.6943348,0.25385818,0.26592864990234377,train/00347290.jpg,A bench sits among some flowers in a garden.
0.4371357,0.7152037,0.25712003707885744,train/00347463.jpg,"A painting of a blacksmith child by Sam Spratt, popular on ArtStation."
0.50356275,0.5797441,0.27129310607910156,train/00347535.jpg,A fortress robot standing in a forest in the Overwatch game.
0.7225957,0.36637524,0.30303579330444336,train/00347721.jpg,A lamb sitting on the handle bars of a Vespa.
0.16326147,0.5811391,0.21482131958007813,train/00347796.jpg,The image has a cyber punk theme with a high contrast and realistic graphic novel style background.
0.3118664,0.6132975,0.25099769592285154,train/00347876.jpg,A person experiencing a negative reaction to psychedelic drugs.
0.65674156,0.2502665,0.25818691253662107,train/00347974.jpg,Man inserting a sausage in to a sandwich at a sidewalk BBQ
0.36042124,0.9351799,0.2661118507385254,train/00347991.jpg,"A young girl in black military crusader armor, with long flowing brown hair and a perfect symmetrical face, is depicted in a full body action shot in a baroque style painting."
0.43488926,0.9165207,0.27980241775512693,train/00348002.jpg,A demon girl with horns in a black dress holding a katana in front of a dystopian purple city.
0.2236583,0.3615399,0.27570581436157227,train/00348122.jpg,Backdrop set for a news show with jumbled buildings from a small town.
0.19866718,0.6136516,0.23592418670654297,train/00348411.jpg,Call of Duty Modern Warfare II poster.
0.496579,0.5472015,0.2691696357727051,train/00348597.jpg,A Minotaur Genie with snakelike limbs wearing an oversized cowboy hat is trapped in a purple and green lava lamp bottle.
0.83246225,0.19460551,0.3000157737731934,train/00348858.jpg,A parked motor cycle with a pack on it
0.3562637,0.41479126,0.2735378646850586,train/00348938.jpg,A stylized poser of a 1969 Ford Mustang GT designed by John DeLorean featuring large LED lights.
0.41560113,0.055694018,0.26478429794311525,train/00349194.jpg,A bathroom with a white bath tub and two sinks.
0.4992554,0.48506233,0.2701591491699219,train/00349383.jpg,A group of people are shown dancing in various comical ways to the beat of an electronic song.
0.4848424,0.16913696,0.25844837188720704,train/00349490.jpg,A stove top with lots of pots and pans.
0.5918716,0.4665997,0.26420772552490235,train/00349528.jpg,"Foxes stand on their hind legs in an enchanting forest, waving goodbye with their forelegs as a purple UFO flies overhead."
0.5640568,0.24909107,0.27369543075561525,train/00349556.jpg,a man wearing an apron in an industrial kitchen reaching for a pot
0.23700164,0.5807763,0.24693304061889648,train/00349783.jpg,The image features a plumbus and a Wiccan symbol.
0.09334051,0.34360966,0.25224899291992187,train/00349799.jpg,"A forest with a sense of enchantment and magic, depicted by Ilya Kuvshinov."
0.38145322,0.05589932,0.25797754287719726,train/00350039.jpg,"A tiny bathroom with a toilet, a small sink, and a shower."
0.4076519,0.7687369,0.25297155380249026,train/00350168.jpg,"An orcish biker character with his girlfriend on a motorcycle, painted in psychedelic colors by Michael Whelan."
0.56650513,0.22839525,0.24798648834228515,train/00350212.jpg,A man is cooking food at an island with wine glasses and bottles with women watching.
0.30997738,0.5192118,0.26637073516845705,train/00350381.jpg,An illustration of the ego by Alex Grey with vivid colors and intricate details.
0.3843509,0.7941433,0.2287360954284668,train/00350396.jpg,"A gothic byzantine empress is depicted in a highly detailed digital painting, part of a trending collection of fantasy portrait concept art by various artists."
0.5613838,0.4874587,0.25876293182373045,train/00350407.jpg,Portrait of an elephant on a green meadow in the style of Carl Barks.
0.64302176,0.35643393,0.294340705871582,train/00350547.jpg,A cat sipping some water from a large bowl.
0.8502828,0.28846726,0.31157573699951174,train/00350736.jpg,A woman posing and riding on a red motorcycle
0.3856858,0.5608788,0.23894418716430665,train/00350740.jpg,"Man dining with a horse in a science fiction-inspired painting by Edward Hopper and James Gilleard, reminiscent of Zdzislaw Beksinski's highly detailed style."
0.63858855,0.5591503,0.2763906669616699,train/00350743.jpg,"Man dining with a horse in a science fiction-inspired painting by Edward Hopper and James Gilleard, reminiscent of Zdzislaw Beksinski's highly detailed style."
0.26470485,0.49798518,0.2591064834594727,train/00350805.jpg,A sci-fi inspired artwork featuring surreal and highly detailed elements.
0.5147149,0.6854183,0.27283206939697263,train/00350906.jpg,"Image of a big boss in fantasy armor with delicate features and navigator gear, depicted in a poster-style with high levels of detail and volumetric lighting, created using Unreal Engine and an 8K resolution."
0.4532951,0.8053956,0.2674957466125488,train/00351038.jpg,"The image depicts a lioness as a regal woman adorned in colorful fabric, captured in a detailed and energetic digital painting."
0.288076,0.39134562,0.2703266143798828,train/00351129.jpg,A Lego set depicting an FBI raid at Mar-a-Lago.
0.18743795,0.4382444,0.23389799118041993,train/00351340.jpg,"A giant concrete building hovers above a crowded city, surrounded by cables, dust, debris, and smoke, in a dystopian scene created with Cinema 4D."
0.44372267,0.8020561,0.26369869232177734,train/00351491.jpg,"A 3D model of Lucy from Fairy Tail, with photorealistic features."
0.41550878,0.8032677,0.2573288917541504,train/00351587.jpg,"The image features an attractive woman with a captivating gaze, portrayed in fan art by various artists."
0.28609076,0.4039029,0.2614363479614258,train/00351591.jpg,A dark fantasy throne room with an obsidian throne and torch lights.
0.23888004,0.9825173,0.2746309280395508,train/00351606.jpg,Girl standing on a cliff surrounded by giant white daisy flowers with a surreal solar eclipse and milky way in the background.
0.23141938,0.9811608,0.26067089080810546,train/00351607.jpg,Girl standing on a cliff surrounded by giant white daisy flowers with a surreal solar eclipse and milky way in the background.
0.6759002,0.7358453,0.2428298568725586,train/00351632.jpg,"A male android named Coach Shawn Flaherty with half robot and half humanoid features stands on display, with a blank stare and different eye colors, emitting sparks from his body."
0.47913447,0.25507623,0.28499895095825195,train/00351846.jpg,A big bowl of assorted fruit on display among a crowd of people.
0.4953731,0.55781525,0.2708114433288574,train/00351979.jpg,"The image depicts a highly detailed, digital painting of an owlish monster in a portrait style, designed as concept art for a Dungeons & Dragons fantasy world."
0.5448645,0.44370982,0.23659042358398438,train/00352140.jpg,A fox themed Captain America in low poly.
0.22763035,0.51467067,0.23529088973999024,train/00352148.jpg,Abstract art depicting drowning.
0.4721232,0.47663864,0.27728389739990233,train/00352163.jpg,A blue-eyed white dragon with wings and a body is depicted flying above the ocean in a painting by Beksinski.
0.272657,0.5507596,0.25435647964477537,train/00352191.jpg,"The painting depicts compressed flowers, morphed earth, ridiculed bandages, changed eye color, and subliminal time travel, with an underlying concept of impossible love and valued at 2 million yen as a museum-quality traditional oil painting with superflat tears."
0.5895067,0.61905295,0.27705844879150393,train/00352241.jpg,"The image is of Michael Jordan as Superman dunking a basketball, created in mixed media with highly detailed attributes and cinematic lighting."
0.56717867,0.8243915,0.2733383560180664,train/00352377.jpg,"A full-body cyberpunk sculpture of a young beautiful dark priestess, half android with a head opening exposing circuitry, adorned with black roses, flowing red silk, and a human skull, with crows flying in the background."
0.9568117,0.42638132,0.23292510986328124,train/00352383.jpg,A small airplane flies in the sky during the daytime. 
0.41470653,0.80153406,0.25445985794067383,train/00352534.jpg,"The image is a portrait of a young gothic maiden with a cyberpunk twist, inspired by the Warhammer world, and illustrated by Gustav Klimt, Range Murata, Ilya Kuvshinov and Sakimichan, with a high level of detail."
0.45779347,0.23013,0.25997459411621093,train/00352666.jpg,An opened box of four chocolate bananas. 
0.55979943,0.78211516,0.25933605194091797,train/00352767.jpg,Medusa kisses Hephaestus in a dark and elegant fantasy digital painting with intricate details.
0.67541456,0.67818177,0.2754457664489746,train/00352966.jpg,A hot anthropomorphic lemon female character wearing a hat is building a sandcastle on the beach at sunset with a picturesque background.
0.36455232,0.39875555,0.2641724967956543,train/00353209.jpg,Illustration of a detailed kitchen with fisheye spiral lines and an octopus shaped by rhads from Lorax movie.
0.73128307,0.39403135,0.2816911315917969,train/00353350.jpg,Huge black and white dog walking with its family
0.3597636,0.377675,0.27955141067504885,train/00353405.jpg,A 3D metal key that is an inventory item in an RPG game for unlocking a cage.
0.3106429,0.06006992,0.25669017791748044,train/00353450.jpg,Portable toilet in a wooden box area of a field.
0.39703345,0.65214294,0.24603992462158203,train/00353521.jpg,"A portrait featuring characters by artists Krenz Cushart, Wes Anderson, Charlie Bowater, and Artgerm."
0.37632254,0.7292955,0.21556421279907226,train/00353552.jpg,A muscular man with a ponytail and five o' clock shadow holds a blaster while wearing an open black vest and cargo pants.
0.41157645,0.8391296,0.26475555419921876,train/00353597.jpg,"A portrait of a stylish anime girl with vibrant cyberpunk elements, depicted in intricate and hyper-realistic digital art."
0.45692033,0.7146446,0.23988489151000977,train/00353692.jpg,Portrait of an Ottoman warrior by Artgem in 1910.
0.37383977,0.82684976,0.23837621688842772,train/00353943.jpg,Close-up of a young princess's face in XVIII century Baroque Rococo style at Versailles.
0.838492,0.19659622,0.29420570373535154,train/00354281.jpg,Black motorcycle parked on the side of a busy street. 
0.639091,0.36554965,0.28652950286865236,train/00354436.jpg,The large adult cats sit calmly on a work desk.
0.4170298,0.52425444,0.26482864379882814,train/00354527.jpg,Cthulu arm wrestling Godzilla in a close-up action first-person perspective.
0.9502819,0.38648903,0.28183248519897464,train/00354585.jpg,A small blue plane sitting on top of a field.
0.7360859,0.18600287,0.2735528373718262,train/00354618.jpg,Some cars are traveling on the streets on a cloudy day. 
0.93574154,0.38283643,0.2701559066772461,train/00354620.jpg,"A white, blue and red jet airliner on runway next to grass."
0.3108833,0.8456328,0.22088193893432617,train/00354748.jpg,A photograph of a giant female biomorphic cyborg surrounded by a crowd of people in a futuristic neon-lit city.
0.2079788,0.40776032,0.25999706268310546,train/00354795.jpg,"Concept art of a Hindu-inspired gazebo for a Russian MMORPG's main menu, with a similar style to Hearthstone."
0.4461038,0.25059,0.27740886688232425,train/00354883.jpg,a painting of green apples and yellow bananas
0.29517695,0.3167427,0.26722177505493167,train/00354949.jpg,"An intricately detailed image featuring Studio Ghibli-inspired fat giraffes, bananas, and solar panels against a lush green island backdrop."
0.5797827,0.57060796,0.2855869483947754,train/00354961.jpg,A cute miniature Funko Pop action figure is depicted melting into a splashy and glossy puddle with drops and drips.
0.60992026,0.47372463,0.27840423583984375,train/00355302.jpg,"The image is a highly detailed digital painting of a bioluminescent fox, created by multiple artists, that has a dark retrowave cinematic style."
0.26302013,0.4522205,0.2506089782714844,train/00355314.jpg,"The image depicts a detailed and decorative planet with a glowing portal, titled ""Pandora Planet"" by Anton Fadeev and Rhads."
0.12907785,0.5684203,0.23294818878173829,train/00355732.jpg,"A lemon army storms a beach on D-Day, depicted on ArtStation."
0.6510277,0.36409104,0.28614885330200196,train/00355788.jpg,A cat that is laying underneath a bike.
0.6540946,0.36155924,0.29405712127685546,train/00355791.jpg,A cat that is laying underneath a bike.
0.7827939,0.2193228,0.28460737228393557,train/00355868.jpg,A large stone building with birds flying around it
0.3989765,0.8938506,0.27648448944091797,train/00355894.jpg,A woman in cyberpunk attire takes a selfie in a detailed sci-fi city.
0.3779471,0.8023664,0.22803520202636718,train/00355992.jpg,"Hyperrealistic full body portrait of a woman monster astronaut in a cyberpunk style with intricate abstract details, by the artist Tooth Wu."
0.39443228,0.5400689,0.25465906143188477,train/00356029.jpg,"The image depicts Moloch, a pure machinery being, illustrated with eerie and sinister elements by Anne Stokes, H R Giger, and Adrian Borda."
0.92296326,0.39940536,0.25100902557373045,train/00356133.jpg,A small airplane is parked on the runway.
0.64177734,0.35336936,0.2874496650695801,train/00356297.jpg,A cat is sitting inside a large bathtub.
0.44140518,0.88942647,0.2784009552001953,train/00356499.jpg,"A digital art collage featuring a brown-skinned woman in a pin-up style, set against a cityscape with vibrant colors and smoke."
0.40178978,0.061315678,0.24894847869873046,train/00356900.jpg,a bathroom with a striped bathroom curtain 
0.3130317,0.43660587,0.27261417388916015,train/00356915.jpg,A painting by Hubert Robert depicting a crashed spaceship.
0.81233793,0.1946727,0.27341413497924805,train/00357178.jpg,A bike parked on a subway bus car.
0.12976663,0.39070648,0.23305044174194336,train/00357280.jpg,"A highly detailed realist painting of a fantasy woodland village at night with a crescent moon, stone paths, a bridge, water stream, toadstools, fireflies, flowers, a waterfall, lanterns, and mist."
0.25611007,0.39933515,0.26568170547485354,train/00357617.jpg,A hexagonal futuristic stadium filled with a cheering crowd and epic lighting.
0.4747344,0.80264837,0.2774019622802734,train/00357626.jpg,An accurate and highly detailed digital painting of the goddess of the forest with only two hands.
0.4447784,0.8485744,0.2798548698425293,train/00357634.jpg,Portrait of a girl wearing biomechanic armor and illuminated with neon lights by Ian Miller.
0.28334257,0.4057245,0.2551220703125,train/00357647.jpg,"A steampunk-inspired lighthouse in a glass jar with a hot air balloon, hourglass, and lantern, surrounded by swirling mist and illuminated by blue moon ray tracing."
0.4239395,0.048577577,0.27272140502929687,train/00357801.jpg,a bathroom covered with beige tiles and a fancy sink
0.50392306,0.797085,0.2739356231689453,train/00357818.jpg,The Indian goddess Chinnamasta is depicted in a hyper-realistic and highly detailed style with a celestial aura and atmospheric back light.
0.48645136,0.5466953,0.26284975051879883,train/00358093.jpg,"A highly detailed image of a Muslim abomination monster with gothic and neo-gothic influences and rich, deep colors."
0.50728095,0.4681879,0.246865177154541,train/00358440.jpg,A Homer Simpson rubber duckie is shown.
0.35242003,0.6233672,0.2474890899658203,train/00358495.jpg,"Ibis-headed Egyptian god, Thoth, on a sandstorm background."
0.3041237,0.95809335,0.2493375778198242,train/00358576.jpg,A young woman with red hair and green eyes is smiling in awe while surrounded by golden fireflies in nature.
0.3336937,0.981231,0.2939057922363281,train/00358578.jpg,A young woman with red hair and green eyes is smiling in awe while surrounded by golden fireflies in nature.
0.11484044,0.30812287,0.27986940383911135,train/00358593.jpg,A giant mushroom oozing purple liquid in a deep forest.
0.27573365,0.61482936,0.22010833740234376,train/00358816.jpg,A small winged creature lands on the very top of the monolith amidst a mix of magical and apocalyptic imagery.
0.84225446,0.20611627,0.2951990699768066,train/00358844.jpg,Two motorcycles parked outside a building on a busy street.
0.49042535,0.79349554,0.27512857437133786,train/00359139.jpg,"Alien queen bust portrait with sparkling eyes, frontal declotage, and flowing hair by multiple artists, featuring intricately detailed fantasy and sci-fi elements."
0.45902634,0.7075274,0.2553021240234375,train/00359175.jpg,"The image is a highly detailed, colorful and realistic concept portrait of a Vermai from Elder Scrolls' Shivering Isles, with dramatic backlighting."
0.42449632,0.5718574,0.2689053153991699,train/00359335.jpg,A photo of a strange and unsettling statue created by Izumi Kato.
0.6120411,0.8157846,0.2621031951904297,train/00359345.jpg,"Cloud Strife and Aerith Gainsborough locked in a passionate kiss, portrayed in the style of Gustav Klimt's oil painting."
0.35052016,0.78813684,0.20065191268920898,train/00359496.jpg,"A highly detailed digital painting of an Inuit empress in a D&D fantasy setting, portrayed in a sharp focus portrait illustration, by Artgerm, Greg Rutkowski, and Magali Villeneuve, currently trending on Artstation as concept art."
0.16542497,0.57117003,0.22443098068237305,train/00359720.jpg,A Blade Runner movie still mixed with Evangelion by Denis Villeneuve.
0.5966552,0.4205109,0.2622857093811035,train/00359750.jpg,"A concept art featuring a golden lake, a cat in the foreground, and a purple tower in the background by Greg Rutkowski."
0.44942543,0.6605127,0.26414018630981445,train/00359903.jpg,"A painting of a character from X-Men in the style of a Square Enix game, created by artist Greg Rutkowski and featured on ArtStation."
0.19412535,0.48204273,0.2260063362121582,train/00360012.jpg,"Realistic image of iridescent holographic multicolored creatures breaking out of a facility, featuring elements of Neo-Gothic and gothic styles, with rich deep colors and various nods to other artists."
0.83392525,0.20475748,0.29699289321899414,train/00360091.jpg,A red motorcycle with three wheels and two seats.
0.14015387,0.3715183,0.24797069549560546,train/00360187.jpg,"A cute bonsai tree depicted in a 3D nature sprite style, rendered with advanced graphics technology and featuring detailed art in the style of Greg Rutkowski."
0.365903,0.04358667,0.26324316024780275,train/00360189.jpg,"A bathroom with tile flooring and walls, and a white toilet."
0.5351407,0.7362515,0.2849763870239258,train/00360507.jpg,A cyborg laboratory operator seen in profile.
0.638448,0.58425915,0.2929888343811035,train/00360577.jpg,Cartoon sculpture toy on display.
0.3862326,0.034510925,0.27644699096679687,train/00360643.jpg,a black and gray tiled bathroom a toilet and mirror
0.3461659,0.8431472,0.24617298126220702,train/00360654.jpg,A woman dives into deep water with abstract art inspired by cubism and James Pollock.
0.16600329,0.5055773,0.23055654525756836,train/00360720.jpg,A matte painting of a colossal robot near a highway.
0.38296846,0.4214709,0.2760646438598633,train/00360722.jpg,A matte painting of a colossal robot near a highway.
0.15081324,0.640434,0.21880874633789063,train/00360740.jpg,"A black and white multi-panel shoujo manga by Naoko Takeuchi and Hayao Miyazaki, featuring Japanese text kanji."
0.39768293,0.042059008,0.26115440368652343,train/00360891.jpg,A clean bathroom with a red shower curtain.
0.09107655,0.44077328,0.2523375129699707,train/00361088.jpg,There is a bonsai tree planted in a pot with an upside-down red samurai helmet and volcanic rocks nearby.
0.21073437,0.33307865,0.2883897399902344,train/00361250.jpg,Dolphins jumping in a bay with a beach and palm trees captured in a Josephine Wall-style painting.
0.56127787,0.50402516,0.25700313568115235,train/00361278.jpg,The image is a highly detailed digital illustration of a black bear adventurer characterized for a D&D game.
0.49584624,0.15449344,0.2521506881713867,train/00361403.jpg,"A kitchen with a stove, a microwave above it and a window."
0.38708472,0.8080844,0.26294946670532227,train/00361461.jpg,"A digital painting of a full body portrait of a mist forest queen, by Ismail Inceoglu."
0.23333602,0.5311823,0.24448469161987305,train/00361626.jpg,"An intricately detailed digital painting depicting the iconic song ""Carry on My Wayward Son"" by Alan Lee on ArtStation."
0.43111888,0.92181474,0.2999268531799316,train/00361713.jpg,A colored sketch of an anime girl with short black hair and glasses.
0.633831,0.4271342,0.2775046920776367,train/00361762.jpg,A portrait of a kitten wearing a black hood on a black background.
0.6551129,0.40821022,0.2910757637023926,train/00361779.jpg,A tabby cat riding a skateboard wearing high top sneakers and sunglasses.
0.7143217,0.30252445,0.2705381774902344,train/00361794.jpg,a man sitting on a patio underneath an umbrella
0.5671675,0.5039504,0.27519563674926756,train/00361820.jpg,Unadorned description: A hedgehog from Pokemon.
0.4207452,0.5207678,0.23223573684692383,train/00361996.jpg,A digital illustration of a tennis ball monster with elements of fantasy and magic by Basil Gogos.
0.40841705,0.7967133,0.25561511993408204,train/00362048.jpg,A portrait of a lioness queen depicted as a woman by various artists.
0.41050485,0.7246765,0.23283262252807618,train/00362112.jpg,"A dark astronaut wearing a flower mask with iridescent eyes, surrounded by bright pastel colors and geometric ornament, in an art brut style."
0.5578051,0.60737497,0.27740165710449216,train/00362151.jpg,Darth Vader vacuuming the house.
0.5551327,0.84369826,0.263826847076416,train/00362167.jpg,"Eva Green as the Indigo Magician, wearing leather clothing and boots, with long straight red hair, a symmetrical face, and gorgeous evil sneer, surrounded by the Indigo occult pattern."
0.099956505,0.33402747,0.2716941261291504,train/00362258.jpg,Enchanted forest from Final Fantasy.
0.6523251,0.72948134,0.2775109672546387,train/00362266.jpg,"A prophet in a red coat peers through a window, symbolizing breaking free from the Matrix."
0.19015147,0.43591696,0.23662588119506836,train/00362296.jpg,"Modern oil painting of Naples, Italy."
0.42463687,0.78419363,0.26957351684570313,train/00362322.jpg,"The image is a highly detailed digital painting of Incan Empress Magaly Solier in a fantasy portrait for concept art, illustrated by Artgerm, Greg Rutkowski, and Magali Villeneuve and currently trending on ArtStation."
0.4075106,0.62709117,0.2610132026672363,train/00362391.jpg,Walter White animated in a Japanese anime style.
0.7983534,0.36336222,0.27537879943847654,train/00362505.jpg,A group of people playing with a Frisbee in a park.
0.17630392,0.44755787,0.2137368392944336,train/00362740.jpg,"A highly ornate futuristic temple with a stargate portal, depicted in a parallax poster composition, as a hyperornate oil painting by Marc Simonetti and Caspar David Friedrich."
0.66845965,0.7104002,0.26053562164306643,train/00362839.jpg,"A male android with shiny skin, half robot and half humanoid, is on display at a museum, posing like a statue with a blank stare."
0.53143317,0.62725353,0.2698123168945312,train/00362970.jpg,Rainbow steampunk full face helmet with slide up visor in concept art render.
0.22655363,0.54337794,0.251768684387207,train/00363033.jpg,"Screenshot of a scene from Martin Scorsese's lost Star Wars film, featuring Robert De Niro and an unsettling, detailed set with cinematic lighting and moody cinematography."
0.48281565,0.14611144,0.26465335845947263,train/00363046.jpg,A model of a kitchen with a sink dishwasher stove refrigerator. 
0.5756803,0.6717668,0.27222654342651365,train/00363087.jpg,"A 3D astronaut made of honeycomb, with intricate details and volumetric illumination, in a cinematic style."
0.23681816,0.4536426,0.24486669540405273,train/00363168.jpg,An artwork depicting a scene of a shipwreck with a large wave crashing down on a boat and its passengers.
0.25974458,0.22414951,0.2581623458862305,train/00363317.jpg,Hands forming trees.
0.2628142,0.5810996,0.23693910598754883,train/00363395.jpg,H.R. Giger's depiction of lovecraftian horror.
0.22417313,0.46229452,0.23801132202148437,train/00363405.jpg,"""A Celtic throne depicted with cinematic lighting in the styles of Alan Lee, Marc Simonetti, and Emil Melmoth."""
0.4126288,0.935329,0.29425859451293945,train/00363435.jpg,An anime maid in armor with long flowing brown hair holds a sword amidst sunrays and clouds in a grimdark fantasy style.
0.4055673,0.7091728,0.23150806427001952,train/00363536.jpg,"The image is a digital painting of the pirate character Jack from the video game Sea of Thieves, created by multiple artists and featuring a smoothed-out face and a cutout vector style."
0.18492413,0.48680168,0.23121347427368164,train/00363552.jpg,"The image is a digital painting of a combination Ford Mustang and Countach car, depicted with high levels of detail and focus, created as a concept art illustration on Artstation by artgerm, Greg Rutkowski, and Alphonse Mucha."
0.48307416,0.15573014,0.26542848587036133,train/00363617.jpg,A small kitchen is in the foreground with a den visible through the door.
0.7093875,0.28860793,0.2709210205078125,train/00363647.jpg,Two men sit on a bench on a sidewalk in a city.
0.5818833,0.6202319,0.27353477478027344,train/00363654.jpg,"The image features a character design of a tribal robot wearing a helmet and a backpack, standing alongside tanks, with other transformer characters in the background."
0.7695027,0.17331651,0.3004775619506836,train/00363734.jpg,A couple of cars parked in a busy street sidewalk.
0.40134242,0.6214327,0.2556823539733887,train/00363793.jpg,A mashup of Rick and Morty characters combined into one person.
0.22898796,0.5279656,0.23829477310180663,train/00363972.jpg,An art piece of a happy birthday created by Benoit B. Mandelbrot and David LaChapelle.
0.4117908,0.25153175,0.2805107879638672,train/00364047.jpg,An asymmetrical clocktower towers over an early 1900s industrial English cityscape at dusk.
0.7979711,0.35655013,0.2724579620361328,train/00364116.jpg,Blurry picture of a boy riding a bike through a grassy field near some cows
0.2163765,0.39165658,0.2663326644897461,train/00364157.jpg,The Seattle skyline captured by James Jean.
0.3993903,0.90600556,0.2745603942871094,train/00364517.jpg,Asian woman wielding bokken in forest depicted in cinematic fantasy poster by Noriyoshi Ohrai and Takehiko Inoue.
0.27752668,0.49825028,0.2653323745727539,train/00365026.jpg,"A digital painting of the sun, incorporating elements of Soviet realism, watercolor, engraving, and manga styles."
0.5282168,0.6882872,0.2647140121459961,train/00365116.jpg,A male cyborg runs in a cyberpunk style depicted in the artwork on Artstation.
0.48577288,0.67663103,0.27928245544433594,train/00365123.jpg,"A gothic-style Byzantine emperor is depicted in a fantasy portrait as a highly detailed digital painting, created by three different artists for a popular online art platform."
0.24766406,0.36410168,0.2779962921142578,train/00365421.jpg,Blue jellyfish flying over New York City skyline at night.
0.47060204,0.8846231,0.28544849395751953,train/00365451.jpg,"A figure of a person with long hair and headphones, depicted in an anime or manga style, against a colorful background."
0.25893876,0.53085333,0.25620264053344727,train/00365553.jpg,A collaborative digital artwork featuring the style of multiple artists.
0.42017767,0.60724777,0.26374418258666993,train/00365615.jpg,A minimalist stylized face icon from the Ren & Stimpy Show by various artists.
0.819333,0.29636702,0.2875902557373047,train/00365641.jpg,A man riding a motor scooter on a wet road.
0.6209239,0.64193743,0.29663557052612305,train/00365743.jpg,"Oil painting by Anders Zorn of a fat guy with glasses holding a glass of champagne, in a classic suit, at a bar setting."
0.39640096,0.65767884,0.25199485778808595,train/00365925.jpg,A portrait painting by Pablo Picasso.
0.26210657,0.48715988,0.24344093322753907,train/00365993.jpg,"The image is a highly detailed digital painting of the sun with elements of watercolor, Soviet realism, engraving, vivid grunge, and manga styles, created by multiple artists and showcased on Artstation for concept art purposes."
0.09178929,0.36511067,0.2241606330871582,train/00366008.jpg,A forest with a magical atmosphere.
0.72330266,0.21678782,0.278290843963623,train/00366240.jpg,A train car that is empty with lots of blue seats.
0.60528415,0.40586764,0.2584815406799316,train/00366280.jpg,A swirling formation of cats.
0.6181612,0.79283065,0.2713010025024414,train/00366355.jpg,The image depicts a whitewinged angel of death wearing a crimson and black robe descending on the innocent in their graves.
0.4106863,0.53964263,0.25122838973999023,train/00366559.jpg,"A screenshot of a mount (Vitreous Stone Drake) from World of Warcraft that resembles a character from Borderlands, with fantasy comic-style artwork by various artists."
0.82788503,0.18636592,0.2881646156311035,train/00366690.jpg,A bike is tethered to a pole in the snow. 
0.29197806,0.50075734,0.27065689086914063,train/00366715.jpg,A painting of the sun with thick lines that combines various artistic styles.
0.47569922,0.63027096,0.2791373062133789,train/00366757.jpg,The image depicts a futuristic concept art of a cyborg resembling Stephen Hawking.
0.81709534,0.44826004,0.24977060317993163,train/00366800.jpg,"A boy and his shadow sit in a field together, seeming to find comfort in their shared sense of loneliness."
0.37807032,0.03870745,0.2721162986755371,train/00366870.jpg,A public bathroom area with orange tile walls.
0.4489824,0.6391383,0.27306667327880857,train/00367081.jpg,"Realistic image of Vincent Price inspired by Neo-Gothic and gothic styles with rich, deep colors, created by multiple artists."
0.31155887,0.75739443,0.22035175323486328,train/00367452.jpg,A damaged cyborg is being repaired in a futuristic military medical bay.
0.531109,0.5174003,0.27632081985473633,train/00367479.jpg,A painting of a griffin in a magical forest by Cindy Avelino and Kalin Popov.
0.48716825,0.15364577,0.2461847496032715,train/00367531.jpg,A small kitchen counter where the space is used effectively
0.42997885,0.84894663,0.2653698539733887,train/00367653.jpg,A portrait of a female pirate in a cyberpunk cafe.
0.54114884,0.12015831,0.2718007850646973,train/00367666.jpg,"A run down building is shown, with dingy white walls."
0.10423599,0.33756602,0.26669370651245117,train/00367802.jpg,A mysterious and enchanted forest with a swamp.
0.16066101,0.3246101,0.27992963790893555,train/00368278.jpg,A garden scene with magical elements.
0.7555547,0.38550347,0.28797473907470705,train/00368299.jpg,A woman is walking her two dogs on the beach.
0.5389989,0.674938,0.2914402770996094,train/00368470.jpg,A portrait of a swirly cyborg with a hood and mechanical part.
0.70247084,0.3629678,0.30171770095825196,train/00368864.jpg,A large teddy bear attached to the roof of an SUV.
0.293876,0.48078457,0.2610369300842285,train/00368982.jpg,Sculpture made from rectangular Tetris pieces in a constructivist style.
0.5173061,0.4479251,0.2267306137084961,train/00369024.jpg,The image depicts a majestic pigeon with asymmetrical features and a street art vibe by Sachin Teng.
0.52355903,0.55022866,0.2857967948913574,train/00369041.jpg,"A chrome dinosaur skeleton toy sculpture made from cables, wires, and tubes in a dark studio."
0.338189,0.43715993,0.26801448822021484,train/00369079.jpg,"A digital painting of a box of popcorn with the moon in the background, featuring intricate details and elegant design elements."
0.61102325,0.8097295,0.25982385635375976,train/00369113.jpg,"Alice plays croquet with the Queen of Hearts in a dark and eerie art style, featuring ornate backgrounds and sinister undertones."
0.41499797,0.1921502,0.25205236434936523,train/00369203.jpg,Bright room with a couch and various different dressers.
0.48858398,0.14998204,0.24757745742797851,train/00369374.jpg,"A kitchen with appliances that include a sink, dishwasher and a refrigerator."
0.39246672,0.39774233,0.28611988067626953,train/00369435.jpg,A surreal fantasy painting of three men carrying a chest in the desert.
0.51714295,0.5422225,0.2738363456726074,train/00369514.jpg,A minion in League of Legends.
0.5557784,0.7274341,0.2512956619262695,train/00369532.jpg,A child sits crying surrounded by other children throwing boomerangs at him in a propaganda-style illustration.
0.67290914,0.71891457,0.2697001075744629,train/00369706.jpg,"A male android, half robot and half humanoid, posing like a statue and on display at a museum, is Daton Fix, an attractive collegiate wrestler from Oklahoma State University."
0.35074106,0.5882343,0.2400570297241211,train/00369808.jpg,A horror movie poster with Sesame Street on fire.
0.42872795,0.69750684,0.23778753280639647,train/00369999.jpg,"Image depicting the Turkic god of the sky, Tengri, with intricate details and dramatic lighting."
0.27509698,0.41836783,0.27073949813842774,train/00370163.jpg,"Colorful, creepy anime painting of LABO scientific research facility's detailed interior."
0.29591691,0.9333371,0.2434871482849121,train/00370243.jpg,"A futuristic break dancer wearing a long dress performs a trail effect slow motion dance in the rain on a dark, glossy street with an explosion in the background."
0.45634955,0.8257391,0.2687778091430664,train/00370418.jpg,A digital painting of a young woman smoking a cigarette with a skeletal motif on her face.
0.6338967,0.856369,0.2759650993347168,train/00370517.jpg,"A female doctor talks to a baby in a hospital, depicted in an anime style by Makoto Shinkai."
0.4775621,0.6254426,0.2655522918701172,train/00370590.jpg,"Symmetrical portrait of a grotesque alien with glowing lights and intricate, elegant design."
0.4297737,0.5995467,0.2589786148071289,train/00370593.jpg,A blueprint of an anthropomorphic anatomical technician and performance-enhanced salesman anatomy.
0.41319937,0.52314764,0.23380247116088868,train/00370616.jpg,"A tennis ball monster in a fantasy digital art, professionally illustrated by Basil Gogos and trending on ArtStation."
0.4268483,0.9292756,0.28976287841796877,train/00370631.jpg,A hyper-realistic image of a futuristic city at night with many skyscrapers and a beautiful girl with blue hair walking away in a red bikini.
0.46642226,0.590046,0.26366418838500977,train/00370769.jpg,"A Fortnite character is wearing a skin inspired by the meme ""Big Chungus."""
0.82169104,0.20608641,0.27820262908935545,train/00370783.jpg,Several old bicycles and motorcycles are parked next to a street.
0.3330505,0.42520124,0.274184455871582,train/00370826.jpg,Mechanical cube with solarpunk theme.
0.39078093,0.721706,0.22448019027709962,train/00370900.jpg,Obese snake oil salesman wearing cowboy gear in front of blank background.
0.6719143,0.70496017,0.2771487808227539,train/00370919.jpg,"The image shows an attractive male android, modeled after the Terminator, posing motionless with a blank stare."
0.4012981,0.5580443,0.25265142440795896,train/00371128.jpg,An old mechanical robot offering a cup of coffee in a full-length portrait.
0.6645753,0.28730994,0.2819137191772461,train/00371370.jpg,A man is watching something on a big screen
0.25740406,0.46943066,0.24824960708618163,train/00371372.jpg,"A dark and glitchy art piece with a space theme, created by Easo Andrews using Unreal Engine."
0.43605468,0.79356766,0.2653225326538086,train/00371383.jpg,"A portrait of a girl wearing jodhpurs, depicted in a painting by Sargent and Leyendecker, with various artists' styles referenced in the background."
0.20632257,0.57833767,0.22901023864746095,train/00371491.jpg,Two complementary forces depicted in an image by Greg Hildebrandt.
0.6588203,0.35671657,0.29130962371826175,train/00371531.jpg,A cat near the back of a car tire.
0.18931356,0.43865156,0.2145458221435547,train/00371772.jpg,"A cyberpunk dystopian city with elements of dreaminess, designed by Death Burger, Moebius, and Gustav Klimt."
0.45672753,0.7859136,0.26842519760131833,train/00371818.jpg,"An illustration of Ariana Marie as a Barbarian celebrating her birthday with intricate and highly detailed digital painting by Artgerm, Greg Rutkowski, and Alphonse Mucha."
0.42092985,0.7113036,0.22636547088623046,train/00371884.jpg,"Ashley Wood painted a portrait of a cyberpunk samurai wearing a mouseketeer helmet as an Overwatch character, with dramatic lighting and bold shapes."
0.6155602,0.5265569,0.27510053634643555,train/00371993.jpg,Baby chick in a prisoner costume.
0.2003036,0.609151,0.2282476806640625,train/00372052.jpg,The image is a basket of toe-monsters created as dark fantasy concept art by Greg Rutkowski.
0.24969462,0.51277244,0.2487456512451172,train/00372099.jpg,Beautiful digital art by artist Lurid depicting various textures and colors with rough strokes.
0.66630584,0.35639423,0.30121067047119143,train/00372142.jpg,A cat is sitting on the dashboard of a car.
0.17636767,0.67177755,0.22682659149169923,train/00372472.jpg,A young adventurer climbing a staircase towards an abstract vortex.
0.595036,0.2623031,0.2665403747558594,train/00372547.jpg,WOMAN SITTING A DESK IN A ROOM WITH LOTS OF ELECTRONICS
0.4792652,0.5336954,0.261198902130127,train/00372681.jpg,"The image features a character design of Victini, a Transformers Rise of the Beasts tank, and other robotic elements, created by various artists and showcased on ArtStation."
0.24338035,0.42723536,0.24919546127319336,train/00372729.jpg,"A levitating spaceship designed by apple flies over a tundra forest in a detailed, sci-fi digital art piece by Greg Rutkowski and Paul Ozzimo."
0.5031476,0.56507725,0.272918758392334,train/00372859.jpg,A cartoon representation of the Last Supper with an RPG character in the Fantasy-style Humblewood art.
0.373419,0.3924951,0.27714847564697265,train/00372897.jpg,A translucent sci-fi dagger.
0.4361836,0.23895417,0.2760341835021973,train/00373024.jpg,A plate that has a sandwich and bowl of soup on it.
0.5043796,0.6516457,0.2844739532470703,train/00373087.jpg,A Roman emperor depicted in a Renaissance artwork.
0.8212775,0.30058783,0.29220680236816404,train/00373167.jpg,An old man is walking with his bike in hand
0.5929149,0.24876595,0.2563701057434082,train/00373276.jpg,A woman sitting at a sewing machine cutting fabric.
0.7029354,0.6494048,0.2764533233642578,train/00373295.jpg,Image of a person standing in heavy rain with a glowing light from the sky shining down on them.
0.5620514,0.88258666,0.2665593719482422,train/00373308.jpg,A blonde woman is sitting in a chair and painting with a red and black color palette in the anime art style of Greg Rutkowski.
0.12680052,0.46347925,0.20082586288452148,train/00373500.jpg,"Jesus ascending into heaven with beautiful landscape and cinematic lighting, styled by Michelangelo as concept art in a matte painting on Artstation."
0.66923034,0.3634342,0.2905276107788086,train/00373611.jpg,The large cat is sitting on the bench on the side of the house where the bike is parked. 
0.5258957,0.4303167,0.2122282028198242,train/00373632.jpg,"A key shot of a cartoon mouse with dramatic lighting and bloom effects, created by Greg Rutkowski in Unreal Engine 5."
0.64693075,0.466555,0.26913856506347655,train/00373672.jpg,A portrait of a border collie with glowing eyes and a dark atmosphere.
0.7157986,0.17745405,0.2667068290710449,train/00373715.jpg,Traffic on a busy street is contrasted with a mountain far away.
0.42928222,0.51681626,0.23335691452026366,train/00373908.jpg,A tennis ball monster shrugging in a fantasy digital art illustration by Basil Gogos.
0.3245147,0.6421867,0.24653396606445313,train/00374132.jpg,A happy user of AI.
0.41088262,0.8847147,0.25665611267089844,train/00374165.jpg,"Hatsune Miku stands in an empty Tokyo street, with gold wire creatively arranged around her like emoji tattoos in a waist-up portrait."
0.40506965,0.8520643,0.26400339126586914,train/00374271.jpg,"A young Hungarian village maid with two braids, depicted in a realistic oil painting by Miriam Escofet."
0.96844876,0.40831417,0.26706146240234374,train/00374280.jpg,A plane on the rise into a part of the sky that is blue with white and dark clouds.
0.5175073,0.5651599,0.27279096603393554,train/00374303.jpg,"The image features Transformer robots, a Medusa-like figure made of swirly tubes, and a superhero with cute google eyes, all captured in a fun, splashy manner."
0.55958694,0.23534684,0.2479102325439453,train/00374413.jpg,The young man is stirring his pot of food with a wooden spoon.
0.33997917,0.88840777,0.24000282287597657,train/00374612.jpg,A brown-haired girl wearing a white blouse and black choker is smoking a cigarette in a colored anime manga sketch by WLOP.
0.5097949,0.5095609,0.2602792739868164,train/00374677.jpg,"The image is of an owlbear, a fantasy creature commonly found in Dungeons and Dragons, depicted in highly detailed digital painting as concept art, created by artists artgerm, greg rutkowski, and magali villeneuve."
0.31956595,0.606723,0.2521968841552734,train/00374684.jpg,"Portrait of Edward Hopper, James Gilleard, and Zdzislaw Beksinski."
0.23551695,0.9795148,0.26294343948364257,train/00374742.jpg,"A giant daisy flower head in the foreground and a girl in a suit in the background, depicted in a surreal and dramatic sunrise scene resembling an impressionist or digital painting by Simon Stalenhag on ArtStation."
0.6010016,0.6174904,0.28682550430297854,train/00374762.jpg,"A modern cybernetic robot made from gold porcelain and black steel, peacefully standing in daylight."
0.46360427,0.61595166,0.2668701934814453,train/00374839.jpg,"A painting of Saint Michael the angel, defending the world from evil."
0.23722582,0.5119161,0.24234848022460936,train/00374848.jpg,"The image features the Milky Way galaxy and artwork from professional artists Victo Ngai, Kilian Eng, and Lois van Baarle in a flat style."
0.25732166,0.54965645,0.2563481903076172,train/00374907.jpg,"An artwork depicting the end of an organism, created by Eiichiro Oda."
0.49724862,0.6780775,0.2756637382507324,train/00375145.jpg,"Fractal cyborg portrait with biomechanical parts, created by Artgerm."
0.5268972,0.25697225,0.2612178421020508,train/00375160.jpg,A man taking a picture of his reflection in the bathroom
0.42237034,0.1442754,0.2727191162109375,train/00375245.jpg,A room with a wooden floor and no furniture in view leads into a hallway that is painted yellow and features a white stove.
0.6192495,0.6206557,0.2881144905090332,train/00375586.jpg,Danny DeVito screaming at a bowl of noodles in a hyperrealistic mixed media artwork.
0.324183,0.039007805,0.2697500228881836,train/00375641.jpg,A white toilet bowl with a plunger standing near it
0.6026315,0.8314645,0.255513973236084,train/00375736.jpg,A biomechanical female robot with large emoji twins in a neon jacuzzi.
0.385777,0.062430535,0.2522579193115234,train/00375899.jpg,The bathroom has a shower and a toilet. 
0.6204433,0.69141895,0.27734962463378904,train/00376111.jpg,An image of xqc smoking a cigar in a 3D scene with ultra-realistic rendering.
0.32263547,0.5621774,0.2698880386352539,train/00376170.jpg,"Album cover featuring ""Person who walks dime and John"" by Akihiko Yoshida."
0.3211277,0.05697827,0.2608834457397461,train/00376226.jpg,a toilet in between two trash cans 
0.20142192,0.67475086,0.22073463439941407,train/00376300.jpg,"Frank Zappa depicted as a wizard, casting fire magic in a collaborative artwork by various artists."
0.5963442,0.65383786,0.28661705017089845,train/00376330.jpg,"The image is a 3D ultra photorealistic robot samurai with neon-colored organic ceramic white carving, set against a beautiful space star planet backdrop."
0.3511669,0.6350943,0.2318928337097168,train/00376484.jpg,Shinzo Abe depicted as Godzilla in a painting by Claude Monet.
0.536869,0.4436133,0.2307632827758789,train/00376520.jpg,"A digital painting of a symmetrical lemur with galaxy eyes, set against a sun-filled background, by artist Artgerm."
0.33130574,0.47316507,0.27357992172241213,train/00376562.jpg,A digital art rendering of Herr Gringleflapper's secret stash box with a psychedelic design and intricate details.
0.08434457,0.36649814,0.23401227951049805,train/00376691.jpg,Enchanted forest by Filip Hodas.
0.466234,0.66040015,0.26675498962402344,train/00376701.jpg,"The image depicts Shiva with his third eye open in a realistic style inspired by artists Claudio Bravo, Craig Mullins, and Peter Jackson."
0.749628,0.16450271,0.290313777923584,train/00376769.jpg,A blue pickup is driving through an intersection.
0.6217494,0.5760115,0.3041997909545898,train/00376830.jpg,A watercolor painting of a golden statue of Jesus in the middle of an ocean with a beam illuminating it.
0.15740032,0.3557283,0.2636819839477539,train/00376985.jpg,Concept art of explorers discovering an overgrown stone cave full of colorful alien plants.
0.5185227,0.50954723,0.2610345458984375,train/00377006.jpg,"The image is a highly detailed digital painting of an owlbear in a fantasy setting, created as concept art and illustrated by Artgerm, Greg Rutkowski and Magali Villeneuve, with a sharp focus."
0.8299179,0.29258016,0.2881163597106934,train/00377021.jpg,A motorcycle rider sits atop his motorcycle and smiles.
0.46960506,0.546268,0.2647731971740723,train/00377038.jpg,"A bust portrait of a hammerhead shark with orange legs and robotic enhancements, featuring exotic alien features."
0.23582387,0.9824007,0.2667866897583008,train/00377305.jpg,"A girl walks on a cliff with a giant white daisy flower covering her head, set against a surreal background of a solar eclipse, the milky way, dramatic light, impressionist painting, clouds, and digital paintings by James Gilleard, Liam Wong, and Jeremy Mann."
0.4934779,0.51737344,0.27416467666625977,train/00377334.jpg,A creature crawls on the ceiling of a dark room.
0.407092,0.05131902,0.2667981147766113,train/00377490.jpg,Some unfinished looking wood is in a white bathroom.
0.41119614,0.4457149,0.2798878288269043,train/00377506.jpg,A mechanical banana with a steampunk design in high detail.
0.57164586,0.25455037,0.2702988624572754,train/00377525.jpg,A couple of women and one man preparing food in a kitchen.
0.6336636,0.57164127,0.2872490501403809,train/00377626.jpg,A poster featuring an ancient skull with pineapple leaves growing out of it surrounded by various butterflies in an Art Nouveau style.
0.26666346,0.41870487,0.26358497619628907,train/00377650.jpg,"An ink drawing of a punk rococo bedroom with a view of space and Star Wars spaceships by Karl Kopinski, Kim Jung Giu, Weta Studio, Lucasfilm, Jesper Ejsing, Norman Rockwell, Greg Rutkowski, and Frank Frazzeta."
0.4193554,0.7992178,0.25963554382324217,train/00377671.jpg,"The image features a female ranger in fantasy clothing with beautiful character design, illustrated by wlop and rendered with hyper-detailed, photorealistic imagery."
0.12428127,0.40189767,0.21697669982910156,train/00377764.jpg,"An overgrown Palace of Versailles with plants growing through floors and walls, vines covering walls, broken giant windows with golden light shining through, and epic details creating a dreamy atmosphere."
0.7160313,0.4764642,0.2592827033996582,train/00377816.jpg,Colorful vector art of a giraffe in minimalist boho style.
0.2220497,0.58517444,0.2396358299255371,train/00377874.jpg,"The artwork titled ""The Pain of Death"" by Greg Rutkowski and Zdzislaw Beksinski."
0.07629713,0.73727,0.237012882232666,train/00378143.jpg,"A volcanic eruption made of ivory vines and crimson rocks emits a smoke in the shape of a demonic eye, with Octane."
0.12612684,0.33090985,0.27571916580200195,train/00378545.jpg,A forest scene with twinkling lights in the background.
0.5130233,0.71005386,0.2624457168579102,train/00378609.jpg,"An upper body portrait of Baron Harkonnen in a leather spacesuit, illustrated by Normal Rockwell and showcased on ArtStation by Greg Rutkowski."
0.22237438,0.58726925,0.2402001953125,train/00378616.jpg,"""Lingue knee"" painting by James Ensor."
0.5554733,0.5091995,0.2662448310852051,train/00378649.jpg,"A close up of a hedgehog's head logo in a pop surrealism style, created digitally by artist Grillo Demo for game art."
0.49385932,0.5371151,0.2720602798461914,train/00378667.jpg,A hypnotoad from Futurama in highly detailed close-up.
0.34383756,0.452607,0.265410213470459,train/00378734.jpg,An oil painting of a thick roll of newspaper against a blue background in impressionist style.
0.43433052,0.6452212,0.2614078140258789,train/00378918.jpg,Steve Carell in Warhammer 40K digital art on Artstation.
0.30224973,0.589455,0.2544260025024414,train/00379049.jpg,Tintin meets Halldor Laxness in a comic strip Herge-style.
0.4177147,0.5439302,0.2548739624023437,train/00379052.jpg,A zoomed in portrait of tin toy kaiju moth dragons wearing armor in a gothic Victorian London setting.
0.394352,0.8191589,0.2491161346435547,train/00379057.jpg,"The image is a tattoo design of a girl's face, wearing a tiger head hat, created by the artist Eliot Kohek."
0.6651678,0.18836935,0.2596497917175293,train/00379083.jpg,A bus turned over on it's side in a horrific crash.
0.3022181,0.42763457,0.2715119743347168,train/00379178.jpg,Concept art of a pink planet with blue galaxy portals and a Dyson sphere.
0.23310529,0.41352573,0.256009521484375,train/00379251.jpg,A cyberpunk tavern with cinematic and moody lighting in a blue and cold atmosphere.
0.45776674,0.66597044,0.2714710235595703,train/00379299.jpg,"A portrait of Rowan Sebastian Atkinson in a Lovecraftian biopunk style, against a fractal background, painted by Tomasz Alen Kopera and Peter Mohrbacher."
0.45460826,0.76940876,0.2517036247253418,train/00379575.jpg,Ana de Armas portrays Wonder Woman in the image.
0.8299538,0.29054186,0.28589084625244143,train/00379584.jpg,A man riding on the back of a motorcycle 
0.72324574,0.7296694,0.27084482192993165,train/00379671.jpg,Portrait of the Nimbus Cloud King standing on a cloud-covered mountain peak wearing a poofy marshmallow coat.
0.27964106,0.65110946,0.23485816955566408,train/00379696.jpg,A digital painting by wlop featuring a key researcher shown with scientific notes and tags.
0.672098,0.7234025,0.2561195755004883,train/00379729.jpg,"Image of a half-robot, half-humanoid male android news reporter, posed like a statue with a blank stare and sparks coming out of his neck."
0.40014175,0.70959413,0.21803125381469726,train/00379984.jpg,"A laughing young man with strong body in a symmetrical, fantasy character concept."
0.40556768,0.68417174,0.234337158203125,train/00380024.jpg,a hyperrealistic portrait of Pinhead from Hellraiser by Santiago Caruso.
0.18786971,0.5779351,0.23056962966918945,train/00380178.jpg,"Minimalist logo for a research lab studying psychology with a filter design, limited palette and vector art."
0.4763506,0.8351311,0.29547119140625,train/00380246.jpg,The image depicts a Black female queen with gold embellishments and ultra-detailed fantasy armor in a vibrant and realistic D&D character portrait.
0.6064126,0.41425908,0.2658228874206543,train/00380465.jpg,"A digital illustration of a cat with a shark tail, created by multiple artists."
0.18480593,0.39345315,0.2579961395263672,train/00380593.jpg,"The image depicts a stunning landscape with rock arcs and lush vegetation, created by a group of concept artists and matte painters."
0.47346252,0.13867323,0.2605830955505371,train/00380705.jpg,A stainless steel refrigerator and a hallway leading to another room.
0.4620342,0.13830903,0.2709415626525879,train/00380707.jpg,A stainless steel refrigerator and a hallway leading to another room.
0.21940868,0.52561206,0.2408646011352539,train/00380732.jpg,A 3D rendering by Vitaly Bulgarov that is ultra-realistic and trending on ArtStation.
0.62857795,0.4159714,0.2754039192199707,train/00380744.jpg,A painting of a tabby cat holding a paintbrush and palette.
0.5322807,0.5970235,0.2749342918395996,train/00380854.jpg,A digital artwork depicting Batman in a confrontation with Alex Jones.
0.3225052,0.89227366,0.23563766479492188,train/00380924.jpg,"A short, plump female knight in a hi-tech botanical world under a blue sky."
0.4358567,0.6985471,0.2445370101928711,train/00381172.jpg,"Ewan McGregor portrayed as a DnD knight in a fantasy tavern, captured in a closeup portrait by Donato Giancola with striking symmetry."
0.68127704,0.47041938,0.26552227020263675,train/00381392.jpg,A flying rabbit.
0.13984355,0.6007908,0.20768842697143555,train/00381400.jpg,"There is no actual description of an image in the given text, only a reference to the artist Craig Mullins."
0.5794615,0.4671005,0.25374900817871093,train/00381452.jpg,A giraffe clipping his toenails in a portrait depiction on canvas.
0.8369748,0.27680323,0.2946877861022949,train/00381497.jpg,A motorcycle and a man are matching in red.
0.11463363,0.52072865,0.19897397994995117,train/00381540.jpg,Galactic control room art by Emmanuel Shiu.
0.46924892,0.82450163,0.2813216209411621,train/00381622.jpg,"A woman wears a half mask with mineral incrustations, resembling the goddess Vishnu in a baroque setting with intricate illustration."
0.24225003,0.5550092,0.24249155044555665,train/00382016.jpg,"The image is a painting featuring works by Diaz Olano, Malczewski, Maxence, Rhads, and Leyendecker with a theme inspired by Dark Souls and Bloodborne."
0.5384468,0.23872364,0.2551362800598145,train/00382086.jpg,A woman standing in front of a wall lined with sinks.
0.46173984,0.69485176,0.270890007019043,train/00382209.jpg,"A 3D model of Kaz Brekker, a character from Six of Crows book series, portrayed in an oil painting style with a beautiful face."
0.5307087,0.8440621,0.2695627784729004,train/00382445.jpg,"The image is a hyperdetailed portrait of a black marble statue of a woman covered in colorful motocross branding, logos, and typography."
0.2317117,0.51455915,0.2376106834411621,train/00382471.jpg,The image features a stylized rocky texture.
0.3716438,0.047447484,0.28079933166503906,train/00382515.jpg,The letter A framed in a green bathroom.
0.53355616,0.56467825,0.27807491302490234,train/00382853.jpg,A portrait of a whimsical and cheerful anthropomorphic robot.
0.22903067,0.46271837,0.23489913940429688,train/00382884.jpg,"A spaceship is depicted flying through dark space in a sci-fi/action shot artwork, featuring elements of horror and cyberpunk."
0.3800149,0.059211724,0.25670299530029295,train/00382901.jpg,A bathroom with sink and a toilet in it.
0.38502234,0.05331492,0.2658259582519531,train/00383067.jpg,a small bathroom with a toilet sink and mirror
0.22916123,0.37694404,0.2784653091430664,train/00383091.jpg,"An open wooden door in a fortress with an airship in the background amidst a jungle, on a portal to an unknown apocalyptic fantasy world, depicted in digital art by Hiremius Bosch."
0.18533172,0.33772364,0.27774261474609374,train/00383195.jpg,"A cluster of organic skyscrapers made of glass and wood, with plants hanging from deep balconies."
0.33399245,0.59486413,0.24591047286987305,train/00383259.jpg,"An awkward couple in a Victorian Gothic style illustrated by Edward Gorey, with influences from Lagerstedt and Tim Burton."
0.6166652,0.58992237,0.28590801239013675,train/00383261.jpg,A ruby skull surrounded by pineapples and intricate art styles from several artists in vibrant colors and 3D.
0.59961617,0.42869976,0.26409355163574216,train/00383264.jpg,"Grey cat wearing a brown trench coat with potions attached to their belt and goggles on their forehead, appearing as an alchemist."
0.4341176,0.7110136,0.2531599044799805,train/00383319.jpg,"A chieftain delivering a speech to an army on a rampart, depicted in cinematic concept art by Craig Mullins, Ruan Jia, and Raphael Lacoste, featured on ArtStation."
0.75548685,0.18316129,0.2860036277770996,train/00383423.jpg,A bus drives down the street in a city. 
0.63543737,0.61967444,0.27613847732543945,train/00383887.jpg,"A neon-green, extremely hairy man is suspected of stealing Christmas in the photo."
0.07924304,0.36458525,0.22782302856445313,train/00383931.jpg,Enchanted forest from Hearthstone.
0.525527,0.778052,0.2625038528442383,train/00383963.jpg,"The image is of Shyvana, a semi-dragon character from League of Legends, wearing light armor and surrounded by natural lighting and hands of fire."
0.24835259,0.9782213,0.2760045623779297,train/00384153.jpg,"A girl stands on a mountain with a giant dahlia flower as her head, surrounded by blue storm clouds in a surreal scene reminiscent of impressionist art."
0.70582366,0.38499793,0.28389328002929687,train/00384326.jpg,Totoro holding an umbrella in the rain.
0.25180477,0.31683612,0.2741315460205078,train/00384421.jpg,A cave obstructed by Snorlax.
0.66355866,0.2559258,0.2839348220825195,train/00384444.jpg,A group of people standing next to each other.
0.60076725,0.24639857,0.29011688232421873,train/00384447.jpg,A group of people standing next to each other.
0.43919957,0.51711625,0.28243064880371094,train/00384451.jpg,Boxing poster featuring Nicolai Tesla and Thomas Edison fighting with AC and DC.
0.50881,0.14714123,0.23331403732299805,train/00384462.jpg,"An empty kitchen, including a refrigerator, sink, and cupboards."
0.20148602,0.42200792,0.23081430435180664,train/00384740.jpg,"The image is a colorful and optimistic art deco cityscape, featuring lush parks, monolith skyscrapers, and intricate art deco motifs, created by artists Ross Tran and Greg Rutkowski on ArtStation."
0.5168797,0.7237308,0.2618839645385742,train/00384745.jpg,"The image features the all-beneficent figure seated on a throne, with art from Rossdraws, Tom Bagshaw, and Ferdinand Knab, and heavenly lighting."
0.18997942,0.35996336,0.2718965721130371,train/00384830.jpg,"A watercolor painting of a classical doric garden in the style of Stardew Valley, created by Dawe Gabriel and Dean Roger."
0.56723773,0.26655415,0.28989830017089846,train/00384939.jpg,A group of men standing in a large kitchen.
0.9730992,0.405238,0.2746500587463379,train/00385071.jpg,A plane flying high over a historically built building.
0.6509031,0.48950833,0.2792581367492676,train/00385141.jpg,Bear enjoying honey from a jar.
0.42522272,0.070623614,0.26336103439331054,train/00385155.jpg,a close up of a bathroom sink with soap and tooth brushes in a cup
0.4380332,0.5195187,0.26804744720458984,train/00385177.jpg,"A professional illustration of a tennis ball monster in a fantasy setting in Scotland, created by Basil Gogos."
0.42560568,0.7048432,0.2438115119934082,train/00385188.jpg,"A playful yet thoughtful black man is depicted in a highly detailed oil painting by various artists, with an orange and green color palette and cinematic composition."
0.40788376,0.87634915,0.26999961853027343,train/00385553.jpg,A matte painting of a geisha during sunset.
0.45935687,0.64782137,0.2737112998962402,train/00385645.jpg,An oil painting of a wizard named Claybore.
0.75687593,0.43386474,0.2689697456359863,train/00385673.jpg,A herd of sheep grazing on a lush green hillside.
0.8010655,0.25414088,0.28181474685668945,train/00385730.jpg,Hands putting motorcycle models onto a birthday cake.
0.108170696,0.33325824,0.26179698944091795,train/00385774.jpg,A tribal village in a forest of giant mushrooms.
0.4555391,0.52740157,0.27008661270141604,train/00385871.jpg,"A depiction of the fictional character Cthulhu, with octopus-like features and large wings, towering over a cityscape with a full moon in the background."
0.67770725,0.54087764,0.2890656852722168,train/00386478.jpg,An anthropomorphic watermelon wearing sunglasses and a leather jacket.
0.63922495,0.4382506,0.28367584228515624,train/00386489.jpg,A black cat wearing a crown and royal robes sits on a throne in an impressionist oil painting created with a palette knife.
0.44440097,0.8117789,0.2587425994873047,train/00386523.jpg,Aerith Gainsborough as War Priestess brandishing a shillelagh in a movie still frame.
0.32990497,0.67978567,0.22897954940795898,train/00386696.jpg,An orc bartender serving drinks.
0.8463893,0.23471409,0.2995600128173828,train/00386728.jpg,Three motor cycles are sitting in the street outside a coffee house as people walk by.
0.98051465,0.39753395,0.29381784439086917,train/00386937.jpg,A yellow and black fighter plane flying in blue sky.
0.15216166,0.33431807,0.27797407150268555,train/00387054.jpg,An image of a peaceful garden with a wooden bridge over a pond surrounded by trees and foliage.
0.56753266,0.2861434,0.290712947845459,train/00387263.jpg,a man sits on a toilet as he plays on a computer 
0.5800223,0.72024274,0.2802275085449219,train/00387375.jpg,A portrait of an adeptus mechanicus from Warhammer 40000 wearing a red hood and robe.
0.2616053,0.44080678,0.2665142631530762,train/00387534.jpg,"The painting depicts the sun and moon above a mystical landscape, with influences from Haeckel and Robert Fludd, and is attributed to artist Ronny Khalil."
0.4949632,0.64128935,0.2853458595275879,train/00387594.jpg,A painting by Hirohiko Araki of Benjamin Netanyahu as a Jojo character striking a stylish pose with elegant background patterns.
0.39776814,0.8346144,0.2565194702148437,train/00387801.jpg,A portrait of a slav heroine wearing an Adidas tracksuit against an urban background by Greg Rutkowski and Wlop.
0.3809039,0.37919226,0.2854508972167969,train/00387929.jpg,A colourful high tech tin toy robot running fast across a trampled path near a flower meadow with a mountain panorama in the background.
0.6225867,0.5607056,0.2857905387878418,train/00388125.jpg,"A man stands by a tower engulfed in flames in a foggy, magical area with devil-like creatures and butterflies fluttering about."
0.56969845,0.7868861,0.2554430389404297,train/00388152.jpg,Mila Kunis is riding a large white tiger in a snowy winter scene.
0.44025785,0.70922315,0.2429342269897461,train/00388300.jpg,"Facial portrait of Paul Giamatti as President James Garfield, painted in oil on canvas by William Sidney Mount in 1868."
0.56418216,0.2916981,0.3009710693359375,train/00388316.jpg,A photograph of a person sitting on a toilet seat.
0.2511712,0.5878437,0.2436837387084961,train/00388662.jpg,New England Patriots logo redesigned by Salvador Dali.
0.34896994,0.044968337,0.2744634246826172,train/00388850.jpg,A tiled bathroom is shown with a compact style toilet.
0.8077756,0.19735554,0.2753059196472168,train/00388877.jpg,Two old-fashioned bicycles parked together on a beach.
0.4108899,0.21763045,0.27941959381103515,train/00389076.jpg,A lamp with a shade sitting on top of an older model television.
0.60966784,0.7639199,0.26031654357910156,train/00389099.jpg,"Full body portrait of a mysterious character with glowing eyes and a long, hooded green cloak made of leaves and vines."
0.5329541,0.68195254,0.2720878219604492,train/00389206.jpg,A man in American assault powered armor depicted in a game-style portrait.
0.9689046,0.38965616,0.2892328834533691,train/00389223.jpg,A group of trick planes flying in sequence in the sky.
0.65530497,0.49958548,0.29246532440185546,train/00389334.jpg,"A humanoid cat soldier wearing a yellow raincoat, carrying a rifle and venturing through a dense forest."
0.7000385,0.18396424,0.2528841209411621,train/00389502.jpg,The bus has the lights on as it travels down the road.
0.16965783,0.40322366,0.2521496772766113,train/00389523.jpg,"An epic landscape with floating rocks, storm clouds, falling stones, and rising mist, while dark monks perform a ritual under magical symbols."
0.5859371,0.5595849,0.2840714454650879,train/00389679.jpg,A hyperrealistic painting of an exotic bird wearing a bugaku tiger mask and gold chains swinging censors with smoke.
0.6314863,0.50665843,0.27537328720092774,train/00389687.jpg,"The image is a portrait of a Shamanpunk Fox Faun with furry ears, snout, collar, and paws, wearing a silken leotard with antlers, and no other discernible background."
0.3199948,0.39242604,0.2633482551574707,train/00389766.jpg,Steampunk airship above clouds.
0.55769217,0.66680264,0.2871307182312012,train/00389810.jpg,A man in powered armor with an American flag is portrayed in a painting by Greg Rutkowski.
0.3590516,0.29843763,0.28518802642822266,train/00389851.jpg,Birdseye view of a furnished retro style room by Norman Rockwell.
0.45225656,0.22388135,0.26699634552001955,train/00389969.jpg,Two trays of supper are kept on a table.
0.71463424,0.37019938,0.30289995193481445,train/00390054.jpg,A dog is standing on the street next to a car.
0.34967867,0.41381234,0.2642506980895996,train/00390069.jpg,"A Messerschmitt M21 bi-plane is depicted with colorful details in dappled light, resembling a crime scene photograph."
0.3965226,0.50591904,0.2713323593139648,train/00390171.jpg,"A symbolic painting of a mecha gundam created by three artists, featured as cover art for MTMTE."
0.37616846,0.55683583,0.24989276885986328,train/00390205.jpg,"A hyper detailed photo of horror Mickey Mouse artwork by Chiara Bautista, Beksinski, Norman Rockwell, Greg Rutkowski, Tom Bagshaw, Weta Studio, and Lucasfilm."
0.34623805,0.65203065,0.235585994720459,train/00390396.jpg,"A Tengu mask made by Shin Hanga, Chie Yoshii and Sean Yoro."
0.23691134,0.55272865,0.24814056396484374,train/00390699.jpg,"An image created in the style of Eiichiro Oda, currently popular on ArtStation, with a ratio of 9:15."
0.6142044,0.47696054,0.27219167709350583,train/00390861.jpg,A digital anthropomorphic medieval fox with a fluffy tail by Kawacy.
0.62120825,0.5112463,0.2868034553527832,train/00390870.jpg,A portrait of a cute and tiny anthropomorphic guinea pig space marine.
0.1827272,0.46118858,0.21595508575439454,train/00390952.jpg,"A sci-fi space base with a floating tetrahedron spacecraft, surrounded by mist and sunrays, depicted in digital art."
0.58464956,0.27154043,0.2890174102783203,train/00390978.jpg,A woman that is standing in front of  a laptop.
0.8179608,0.28325197,0.2862752151489258,train/00391064.jpg,A peson riding a bike down a long narrow road.
0.6477167,0.47997242,0.26188968658447265,train/00391074.jpg,A cute rhinoceros in a meadow with a simple rounded line style.
0.2823609,0.44258854,0.25919767379760744,train/00391079.jpg,A psychedelic landscape filled with astral beings sharing love.
0.6071833,0.8078795,0.25855770111083987,train/00391216.jpg,A young female doctor is conversing with a young man in a hospital ward in an anime scenery by Makoto Shinkai.
0.65587115,0.61318976,0.28381425857543946,train/00391346.jpg,A film still of a cute boy playing the saxophone in a style resembling japan anime cartoons with detailed features.
0.59763426,0.77185297,0.26216501235961914,train/00391362.jpg,"The image depicts a magician in a pointy hat sweeping the floor in an elegant castle, with anime-style key art by Greg Rutkowski and dramatic lighting."
0.43509343,0.80988365,0.26344446182250975,train/00391417.jpg,A painting depicting a woman holding a device that seemingly created a portal to another dimension.
0.25978407,0.4763539,0.2592405891418457,train/00391477.jpg,A peony in a fairy tale world depicted in a collaborative piece by Makoto Shinkai and Thomas Kinkade.
0.25416657,0.47058588,0.25388570785522463,train/00391505.jpg,"The image depicts a dark and mysterious scene with glitch art elements featuring the theme of doubt and interstellar themes, created by Eileen Agar using Unreal Engine."
0.42879423,0.8199531,0.26618629455566406,train/00391534.jpg,"A portrait of a young woman from the Dominican Republic wearing assault powered armor, painted by Greg Rutkowski and rendered in Octane Render."
0.49606326,0.73036814,0.2615490341186523,train/00391577.jpg,"A portrait of a half-human half-fox sorceress, featuring a fox tail and ears, created by artist Greg Rutkowski."
0.11743704,0.4025894,0.22772554397583009,train/00391840.jpg,"Entrance of Valhalla with ornate weapons, surrounded by lush nature, captured in low angle and styled after Greg Rutkowski's work."
0.67922556,0.72657204,0.27168506622314453,train/00391983.jpg,"This image depicts male android and singer Sebastian Yatra with half-human, half-robot features, posing with a blank stare."
0.47586748,0.6143618,0.277564697265625,train/00392005.jpg,Arnold Schwarzenegger dressed as Batman.
0.9798448,0.4092513,0.26762882232666013,train/00392076.jpg,A red tailed airplane flying over snowy mountains
0.55728894,0.24499054,0.2669771385192871,train/00392344.jpg,THERE IS A CHIEF PUTTING FOOD IN BOWLS ON THE TABLE 
0.25784054,0.40394732,0.26709497451782227,train/00392426.jpg,Colorful bonsai styled after Android Jones on Artstation.
0.30341798,0.49450248,0.24864891052246094,train/00392747.jpg,Combat mecha sniper firing on anti-air installment in space.
0.8541062,0.29348153,0.30572540283203126,train/00392780.jpg,A man is riding his 103 labeled bike on the road. 
0.10715632,0.37175795,0.224650821685791,train/00392784.jpg,The image depicts a ramshackle fairytale hut in the intricate forest setting.
0.45161024,0.668111,0.26623270034790036,train/00392970.jpg,"A fantasy painting depicting an anthropomorphic Adam Driver as a D&D character, created by various artists and posted on DeviantArt and ArtStation."
0.5887334,0.7070486,0.2690693473815918,train/00393046.jpg,"Wood-engraving of a muscular man with a rooster's head from Jules Verne's Stardust Crusaders, frontal portrait."
0.84689516,0.3664516,0.28799671173095703,train/00393210.jpg,Three people stand on a grassy hill flying kites.
0.20785886,0.4750864,0.21498519897460938,train/00393220.jpg,"A hyper-detailed 3D rendering of the construction of a unified theory, in surreal concept art style."
0.6705575,0.7517719,0.27045291900634766,train/00393262.jpg,The image is a low angle portrait shot of Luke Skywalker looking up to a stone sculpture of an ancient Jedi master outside the rocky Jedi Temple.
0.27572253,0.508346,0.26390371322631834,train/00393378.jpg,"An abstract art piece with bold colors and shapes, trending on ArtStation."
0.52381855,0.76844716,0.2752201461791992,train/00393502.jpg,"The image is of a person wearing avant-garde fashion with intricate, hypermaximalist details and a smoky skull headpiece, set against an eerie fog and super villain lair background."
0.44556126,0.5565481,0.2589137268066406,train/00393626.jpg,"NES and Commodore 64 game box art depicting a space hero battling a monster, with a retro 1979 aesthetic and art by Artgerm and Keith Parkinson."
0.5648715,0.25991818,0.2726252365112305,train/00393873.jpg,A male cook standing by the kitchen sink.
0.60643244,0.5749141,0.29054473876953124,train/00393999.jpg,A resin sculpture of a Kenku wearing cyber ranger attire.
0.33361557,0.029236661,0.28417678833007814,train/00394056.jpg,A porcelain toilet with toilet lid and seat covered in black.
0.36352983,0.44514096,0.26848894119262695,train/00394133.jpg,"Image depicts a scene from a big budget Hollywood movie with dramatic lighting and chiaroscuro, showing the marriage of reason and squalor."
0.47767612,0.5717854,0.25717958450317385,train/00394186.jpg,The image depicts a tribal lizardman warrior concept inspired by artists Beksinski and Moebius.
0.5896869,0.47460458,0.25687402725219727,train/00394248.jpg,"A cartoon character of a grey hare with long ears, buck teeth, and a sarcastic personality, holding a carrot."
0.6520367,0.36684877,0.2786257553100586,train/00394369.jpg,A cat sits underneath a vehicle in a parking lot.
0.20341814,0.4602166,0.2214803695678711,train/00394392.jpg,An interstellar nursery background featuring a pink and purple Argonne nebula.
0.20193572,0.343579,0.2743904304504394,train/00394413.jpg,A Christmas village at night with scary lighting and silhouette in the distance.
0.3232937,0.685435,0.23184484481811524,train/00394420.jpg,A beautiful 3D image of a mystic robot samurai in organic ceramic white standing on a planet in outer space.
0.6995134,0.15261295,0.27514556884765623,train/00394444.jpg,A picture of a tall building by a street.
0.41097295,0.85920584,0.2553061294555664,train/00394493.jpg,"A 2D digital illustration of a female anime character from Punishing: Gray Raven mobile game, with a dynamic composition and colored Netflix promotional visual."
0.72573125,0.16337787,0.2840652847290039,train/00394712.jpg,A two way intersection both with stop lights.
0.28375193,0.921537,0.2554961776733398,train/00394819.jpg,"A break dancer in a dark futuristic suit with neon lights performs on a rainy street at night, captured in a slow motion film still."
0.27712002,0.51261044,0.2531669425964356,train/00395035.jpg,Baroque oil painting depicting the creation of life.
0.23367329,0.51108855,0.24050069808959962,train/00395104.jpg,Generative sci-fi art by Paul Lehr and Ralph McQuarrie with highly detailed minimalist style.
0.42634013,0.3799566,0.2720783615112305,train/00395161.jpg,Artists painting happily.
0.60607964,0.4421434,0.2692426681518555,train/00395175.jpg,A cat-crocodile hybrid creature is depicted in a photo that is currently popular on ArtStation.
0.3576786,0.049813822,0.2575501823425293,train/00395201.jpg,A toilet has a sink directly above it.
0.5776397,0.5455997,0.2854773712158203,train/00395310.jpg,A monster emerging from a pink pool of sludge labeled data.
0.7090566,0.4058774,0.2736400032043457,train/00395398.jpg,"The german shepherd is guarding the front of the barred door,"
0.122659214,0.5909892,0.22229795455932616,train/00395448.jpg,"A ceramic toy mechabot is falling apart, surrounded by flying parts in a studio set-up, with an explosion drawing."
0.6635807,0.5239136,0.2755358123779297,train/00395597.jpg,A cute stuffed animal holds the moon in its hands under a sky of stars.
0.26040146,0.5088582,0.2413698959350586,train/00395905.jpg,An artwork by Greg Rutkowski featuring a fullbody psychedelic fantasy concept art.
0.29011726,0.5089448,0.26249467849731445,train/00395906.jpg,An artwork by Greg Rutkowski featuring a fullbody psychedelic fantasy concept art.
0.65837204,0.35424536,0.31377899169921875,train/00395944.jpg,a little cat that is sitting in a bowl
0.75299853,0.5687887,0.2858461952209473,train/00396013.jpg,Spherical lava people at an underwater restaurant.
0.51517546,0.87146413,0.2777790641784668,train/00396031.jpg,Two Chinese princesses engaging in kongfu battle illustrated in highly detailed digital painting.
0.83496976,0.19229211,0.2959366989135742,train/00396117.jpg,A motorcycle is parked on the sidewalk outside a tattoo shop.
0.61050195,0.7429821,0.26534309387207033,train/00396288.jpg,"A full body portrait of a mysterious character wearing a long yellow cloak with a golden crown floating above his head and tentacles emerging from the ground, depicted in an ominous, cosmic horror style by James Paick and Jason Chan."
0.7572668,0.43827847,0.26895158767700195,train/00396331.jpg,A herd of sheep grazing in a grass covered field.
0.48231378,0.14199467,0.25805763244628904,train/00396406.jpg,A sink and dishwasher are sitting in a nook.
0.7546376,0.17480025,0.2802182388305664,train/00396686.jpg,A cab parked outside of a store with a bus near it.
0.5673002,0.7080792,0.2741922187805176,train/00396706.jpg,A skeleton in ragged clothes playing the violin in a hyper-realistic digital art with dramatic lighting and contrast.
0.837634,0.2921825,0.2900124740600586,train/00396717.jpg,A man is standing next to his motorcycle on the street.
0.20681588,0.4059248,0.2535892105102539,train/00396748.jpg,A solarpunk city with temples and a giant sphere.
0.52264345,0.59927064,0.28949100494384766,train/00396763.jpg,A low-polygon paper mask.
0.21311228,0.45697695,0.24369977951049804,train/00396805.jpg,"The image depicts the cliffs of Dover, UK, in the style of the Hudson River School of art, painted in oil on canvas without a frame."
0.43157512,0.77342063,0.27268442153930667,train/00396925.jpg,"Portrait of Ana de Armas in digital painting style, by artgerm, greg rutkowski, Alphonse Mucha and WLOP."
0.38111487,0.8698397,0.2487307929992676,train/00397086.jpg,Anime warlord girl.
0.43388134,0.22787711,0.26779233932495117,train/00397095.jpg,a close up of flowers in a vase on a table
0.33871683,0.9315901,0.2516072463989258,train/00397140.jpg,"The image depicts a young girl in black military uniform and crusader armor with long flowing brown hair, standing on a fantasy battlefield in a symmetrical full body action shot."
0.79232395,0.24733394,0.2704808807373047,train/00397167.jpg,People riding bikes on a small wooden pier that stretches far into the water.
0.168378,0.42217988,0.22648151397705077,train/00397216.jpg,"An epic painting of the lost city of Thebes, Egypt with warm colors and a clear blue sky."
0.5649218,0.25152645,0.2725338363647461,train/00397331.jpg,A man filling a water gallon in the kitchen.
0.23252496,0.40276337,0.2577021408081055,train/00397461.jpg,"A cyberpunk digital art of a street in ancient Rome with volumetric lighting, steam and a sunset."
0.6469188,0.8086956,0.26410675048828125,train/00397485.jpg,Two scientists in red hazmat suits standing in a glowing geometric tunnel.
0.38920078,0.68434596,0.2382453727722168,train/00397604.jpg,"A highly detailed digital painting of a character in a scenic environment, portrayed in a semi-realistic style by Ross Tran, Mary Jane Ansell, and Stephan Martiniere."
0.4933244,0.7590961,0.2650860023498535,train/00397626.jpg,"Monet and his wife Madame Monet are depicted in the painting, with Madame Monet wearing a Japanese kimono."
0.08667562,0.7434454,0.25480878829956055,train/00397771.jpg,A volcano made of ivory vines and crimson rocks erupts smoke in the shape of a demonic eye.
0.29128024,0.34488288,0.28079513549804686,train/00398017.jpg,A city with tall buildings and parked card lit up at night.
0.6400715,0.3541663,0.289827880859375,train/00398087.jpg,a little cat with a blue collar standing on a toilet 
0.45371038,0.67282987,0.25749629974365235,train/00398129.jpg,A portrait of a cyborg jacked into their cyberdeck.
0.32106003,0.062605344,0.25119083404541015,train/00398237.jpg,there is a brown box on the toilet
0.3955312,0.49890307,0.2740725898742676,train/00398269.jpg,A photo of a Basilisk created using digital collodion technique.
0.3707776,0.5046691,0.25111276626586915,train/00398337.jpg,"One image of biomechanical fauna featuring gekko soles and gelatinosis glass, with a retro-futuristic flair, by artist Peter Mohrbacher."
0.41018835,0.8436318,0.272796688079834,train/00398365.jpg,Closeup portrait of a petite cyberpunk girl with Japanese heritage in Starfinder style.
0.375808,0.26947546,0.24962442398071288,train/00398477.jpg,An abstract watercolor painting of food on a table cloth with paint brush strokes.
0.42032427,0.65913504,0.25174888610839846,train/00398520.jpg,A renaissance painting of Cristiano Ronaldo playing a modular synthesizer.
0.47802356,0.15778384,0.2702729988098145,train/00398538.jpg,"A kitchen has a stove, a microwave, and a toaster oven."
0.64036256,0.44711345,0.2838827896118164,train/00398625.jpg,"The image is a digital art of a female cat with a ginger hairstyle and a blue flower in her hair, depicted in extreme fisheye and curved perspective."
0.49284247,0.71376276,0.25678550720214843,train/00398806.jpg,Portrait of an orc with long hair in a cinematic style.
0.28043643,0.44427088,0.2630206871032715,train/00398882.jpg,Illustration of a space station orbiting Earth in a science fiction concept art style by Star Wars and Piranesi.
0.49204,0.14743118,0.25419776916503906,train/00399201.jpg,a kitchen with wooden cabinets and a dishwasher.
0.16623837,0.45734984,0.22921953201293946,train/00399244.jpg,Dan Seagrave's artwork depicts the apocalypse at dusk.
0.14905809,0.3457318,0.27484249114990233,train/00399295.jpg,"A ramshackle multistory fairytale hut in the forest, artwork by Marc Simonetti."
0.35959345,0.2222493,0.2894233512878418,train/00399314.jpg,THERE IS AN IMAGE OF A RUSTY BUILDING 
0.23706071,0.34287417,0.2851008987426758,train/00399326.jpg,A hyper-realistic landscape painting with metallic airships and broken dolls scattered about under a blue sky.
0.35616335,0.79692286,0.2265726089477539,train/00399364.jpg,"Concept art painting featuring kaleidoscope patterns of blonde faces, goddesses, and amalgamation flowers by Hsiao-Ron Cheng."
0.69726384,0.2998303,0.27833635330200196,train/00399389.jpg,A man is sitting on a store ledge talking on the phone
0.66381496,0.69681454,0.288630428314209,train/00399395.jpg,A male android bodybuilder named Chris Redfield with shiny skin poses in a robotic manner while maintaining a blank stare.
0.3469876,0.22692662,0.272126293182373,train/00399681.jpg,"A furnished retro-style room with a dim ceiling lamp viewed from below, captured by Millais."
0.47982362,0.16491051,0.2759183120727539,train/00399689.jpg,"A kitchen with numerous things in the room. 
"
0.59944546,0.6452921,0.2635588264465332,train/00399699.jpg,"An android with a gun for a head and swords for arms, designed as a military prototype, photographed in action."
0.7574498,0.24000013,0.2886855316162109,train/00399796.jpg,A group of people gather around on a sidewalk
0.32963538,0.049952094,0.26743751525878906,train/00399864.jpg,The floor of the bathroom is strewn with toilet paper.
0.32309347,0.7253395,0.19931694030761718,train/00400072.jpg,Digital color pen drawing of young Harrison Ford from JoJo's Bizzare Adventure in screentone shading.
0.8219065,0.2052864,0.28211450576782227,train/00400366.jpg,A bicycle and a moped going different directions in a cross walk.
0.20560922,0.45038816,0.22546184539794922,train/00400564.jpg,A painting by John Harris depicting a low earth orbit space city.
0.3378093,0.28482184,0.23735492706298827,train/00400646.jpg,A glass with a can of tonic and a bottle of gin.
0.4262837,0.65161633,0.25546560287475584,train/00400655.jpg,The image depicts Colin Farrell in the style of Serge Marshennikov portraying Gambit.
0.44866917,0.8547527,0.2815675163269043,train/00400785.jpg,A digital painting of a portrait of a metallic-clad girl representing the knights of the Zodiac in a heavily rainning ruin agora of Athens.
0.20068708,0.39460862,0.26619529724121094,train/00400968.jpg,A green mechanical mountain landscape illuminated by a meteor shower with an abstract Miyazaki-inspired cinematic style.
0.13361928,0.33576885,0.26779296875,train/00401280.jpg,A landscape painting of various types of mushrooms growing underground.
0.6975612,0.303462,0.2887834358215332,train/00401335.jpg,A young man sitting on the windowsill of a store front talking on his phone.
0.5058056,0.85144484,0.2985097122192383,train/00401530.jpg,Digitally painted portrait of a white woman wearing a red armored dress with intricate details.
0.5775021,0.8549274,0.2643136405944824,train/00401562.jpg,"A woman is bouncing in a living room surrounded by dark energy and a plant, in a cyber-mystic setting with multiple artists' styles."
0.42999423,0.6282513,0.2660122489929199,train/00401575.jpg,"A portrait of Super Mario in Pixar style by Tristan Eaton, Stanley Artgerm and Tom Bagshaw."
0.45146155,0.63020396,0.2702489852905273,train/00401617.jpg,An image of a portrait of Einstein with a cyberpunk twist.
0.24221653,0.4578039,0.2417222023010254,train/00401647.jpg,"A dark blue alien planet with red narrow lava rivers, captured from orbit."
0.24403495,0.48937392,0.2558004570007324,train/00401878.jpg,"A digital painting of a united Korea, featuring elements of watercolor, soviet realism, engraving, manga, and other styles, created by various artists and displayed on ArtStation."
0.6620147,0.3669334,0.2803211784362793,train/00401945.jpg,"A cat, bicycle, and char inside a fence."
0.64401436,0.29666564,0.2866240692138672,train/00402121.jpg,A man sits on a couch in a sitting room with coffee table with an open laptop on it.
0.20369056,0.45589003,0.2277740478515625,train/00402201.jpg,Sci-fi digital matte painting by Andree Wallin with hyper-realistic details.
0.17449746,0.53771317,0.22800666809082032,train/00402556.jpg,A meditating entity of light depicted in a visually appealing style.
0.5772086,0.5130459,0.2759638977050781,train/00402756.jpg,A horse rearing up in fear.
0.20007472,0.6753002,0.2276749038696289,train/00402792.jpg,"A cellist plays in the rubble of a fallen building in a beautifully lit, concept art style reminiscent of Paul Gauguin."
0.48578912,0.8327524,0.2821843338012695,train/00402858.jpg,A hyperrealist portrait of Jaina Proudmoore on a blue planet with colorful rain by Donato Giancola.
0.7192425,0.49323067,0.2752695083618164,train/00403185.jpg,A knight on a horse in a forest.
0.6020386,0.48475316,0.26754226684570315,train/00403291.jpg,A hamster knight in a windswept field depicted in an epic fantasy digital painting.
0.46410435,0.624791,0.2651840400695801,train/00403455.jpg,"An African boy character from the movie Tank Girl designed by Jamie Hewlett, Sawoozer and Roger Ballen."
0.20160052,0.6485675,0.23447307586669922,train/00403476.jpg,A Jackson Pollock painting of a skull with splattered paint.
0.671752,0.7076222,0.27838447570800784,train/00403558.jpg,"The image is of a male android, half-robot and half-humanoid, resembling Cristiano Ronaldo with shiny skin, posing like a statue with a blank stare."
0.60581225,0.5604168,0.28497018814086916,train/00403580.jpg,A steampunk owl inside a glass jar buried in sand with swirling mist and an hourglass in the background.
0.4806619,0.643992,0.27061990737915037,train/00403609.jpg,A sketch of Jay-Z in dark ink.
0.39062,0.8702169,0.25696697235107424,train/00403696.jpg,Close up portrait of a punk goth alien martian girl in a futuristic city.
0.40203804,0.040491145,0.27840131759643555,train/00403844.jpg,A bathroom with brown tile and a white shower curtain.
0.27108443,0.6103763,0.24749580383300782,train/00404074.jpg,"A Victorian era wet plate sun tarot card featuring ghosts in the background, with influences from the Brothers Quay style."
0.34503156,0.05979445,0.24342119216918945,train/00404324.jpg,A toilet with a toilet basin and urinal 
0.71029615,0.40273365,0.27535200119018555,train/00404351.jpg,A dog holding a corndog.
0.5820926,0.71262264,0.2737550735473633,train/00404361.jpg,"Digital art of an anime boy wearing a tuxedo, with a sunbeam shining behind him."
0.3003671,0.57663226,0.25508731842041016,train/00404514.jpg,"A mixed media image depicting potential flow around a wrist and hand reaching upward, with perfect symmetry, dim lighting and highly detailed attributes."
0.8270551,0.29127726,0.2868962287902832,train/00404581.jpg,A man stands beside his motorcycle in front of a store.
0.37218803,0.48270237,0.2669483184814453,train/00404626.jpg,A highly detailed game icon of a mech tamagotchi in the style of Josan Gonzalez.
0.33046138,0.6475205,0.22648181915283203,train/00404636.jpg,"The image depicts the Notorious B.I.G. as a Chucky Doll in a stylized Pixar animation poster, created by multiple artists and currently trending on ArtStation."
0.41340953,0.49684745,0.26141387939453126,train/00404681.jpg,"A realistic image of a sea monster devouring a boat with rich, dark colors and inspiration from various artists."
0.33597708,0.7740212,0.20376052856445312,train/00404728.jpg,Hatsune Miku as a top gun pilot in vibrant digital art.
0.42386904,0.57943445,0.27000635147094726,train/00404807.jpg,An anime key visual depicting Frodo ascending Mount Doom in an acrylic paint style by JM Animation.
0.6138059,0.5387796,0.2771223831176758,train/00405159.jpg,A bread toast character wearing black eyeglasses.
0.5596795,0.83751786,0.2706035614013672,train/00405182.jpg,"A female fire elemental made of black flames, dressed in a strict business suit, without a face, in a strong dramatic lighting, against a blood red sky."
0.19982241,0.53709424,0.2369990348815918,train/00405188.jpg,Image description: Back to The Future themed artwork.
0.2100962,0.7478189,0.22914871215820312,train/00405200.jpg,Colorful street view from Brussels with a big red robot and various people and creatures walking under neon lights and a rainy mood.
0.69871587,0.25021672,0.274591007232666,train/00405249.jpg,A park bench is beside a stone wall and a flowering bush.
0.45410424,0.7610773,0.2708162879943848,train/00405262.jpg,"Portrait of Lumastina Celerraria, digital art."
0.36506793,0.25806642,0.2894574737548828,train/00405290.jpg,A two-tone green unusual car at an automobile show.
0.23453389,0.44996795,0.23563081741333008,train/00405373.jpg,The image depicts a water drop on a cosmos flower in a fantastical scene with volumetric shadows and cinematic lightning.
0.42245376,0.19513825,0.2978003692626953,train/00405479.jpg,Looking down on a stony surface shows a bowl with an orange in it and what looks like a large piece of red plastic.
0.3210466,0.062365785,0.2482646369934082,train/00405481.jpg,An old toilet is re purposed as a planter
0.68681973,0.3787698,0.2913600730895996,train/00405978.jpg,A young man cuddling a small cat in his hands.
0.63057524,0.58617467,0.30713415145874023,train/00406197.jpg,A cartoon occult sculpture toy displayed.
0.680045,0.31243208,0.28364028930664065,train/00406201.jpg,A man holding up a microphone talking . 
0.5392314,0.9621538,0.29024797439575195,train/00406259.jpg,Three nymphs twirl around a fountain.
0.52896863,0.70384437,0.2663620185852051,train/00406350.jpg,"A portrait of a war cleric in armor, surrounded by a universe-themed background by Noah Bradley."
0.11780898,0.37366208,0.2432935905456543,train/00406494.jpg,"The image features an hillside desert pavilion with metal, glass, and stone material, a rectangular pool, minimal kitchen, sliding glass windows, rust, shadows, and a tall entryway."
0.59818226,0.47573075,0.25763362884521485,train/00406864.jpg,Portrait of an arctic fox in Borderlands-style sci-fi armor.
0.577841,0.7037633,0.27191585540771485,train/00406935.jpg,A box art featuring a cyberdeck character with a sly expression on the streets of future Reno.
0.52066344,0.67588276,0.2883550453186035,train/00406957.jpg,"The image is a highly-detailed digital painting of King Richard the Lionheart depicted in armor, with reddish hair and beard, and portrayed in a fantasy portrait fitting of Dungeons & Dragons."
0.63517785,0.65541553,0.278681640625,train/00407039.jpg,"An illustration of a spaceman drifting through a nebula with a star in the background, featuring intricate detail and an anime style."
0.18200243,0.6741823,0.22389499664306642,train/00407188.jpg,"Concept art of a lovecraftian giant jellyfish with many teeth and large wings, fighting unknown horrors under a round moon and rich clouds."
0.45794865,0.4465735,0.25546655654907224,train/00407375.jpg,A minimal and symmetrical monochrome logo of a goose beak designed by Karl Gerstner.
0.6130916,0.44680583,0.25899085998535154,train/00407390.jpg,A man is turning into a kitten in a scene from American Werewolf in London.
0.48597717,0.6789498,0.27631584167480466,train/00407451.jpg,"A portrait of a man in jodhpurs, depicted as a winter traveler and treasure hunter in a fantasy painting by Sargent and Leyendecker."
0.32009742,0.67857456,0.22146102905273438,train/00407500.jpg,A screenshot of Walter White in Panty & Stocking.
0.5862748,0.8107993,0.26575151443481443,train/00407583.jpg,An illustration of a damaged cyborg being reconstructed in a military medical bay with a cyberpunk and sci-fi feel.
0.4731307,0.65589,0.2823079299926758,train/00407691.jpg,A portrait of a character in a scenic environment.
0.2614596,0.5484532,0.2628164863586426,train/00407832.jpg,An image depicting the end of an organism by Khara Inc.
0.21333928,0.3837138,0.2555873107910156,train/00407860.jpg,A castle is being attacked by humans in a psychedelic art style.
0.6494126,0.20948507,0.2803951263427734,train/00407881.jpg,People waiting at a downtown bus stop in an oil painting by Edward Hopper and James Gilleard.
0.40500003,0.785044,0.24947532653808593,train/00408017.jpg,"A character portrait of Livia Prima in a beautiful dress, created by Magali Villeneuve and Steve Argyle, featured as a fantasy artwork on ArtStation and DeviantArt."
0.350725,0.63120157,0.23711362838745118,train/00408148.jpg,"A hyper-realistic art piece of a power armor with a steampunk/futurist design and a glowing aura, resembling a video game cover."
0.5989588,0.75156045,0.2413555908203125,train/00408280.jpg,"Austrian superhero Captain Vienna stands tall in front of a European cityscape, clad in a red and white costume bearing an eagle emblem."
0.4093235,0.5842851,0.2547343444824219,train/00408439.jpg,A horror movie poster with Charlie Brown.
0.3009387,0.3117472,0.25102785110473635,train/00408446.jpg,Multiple bowl like structures are shown with piping.
0.43890834,0.5444187,0.26511680603027343,train/00408466.jpg,Wilt Chamberlain playing basketball with Looney Toons characters in Space Jam.
0.27637392,0.4349784,0.27064186096191406,train/00408568.jpg,A pyramid structure depicted as a power source.
0.29325244,0.4304627,0.2592025375366211,train/00408569.jpg,A pyramid structure depicted as a power source.
0.779286,0.18653981,0.2635352325439453,train/00408772.jpg,A picture of the electronic set up on a bicycle.
0.50169975,0.6960143,0.2705419731140137,train/00408894.jpg,"A portrait illustration of Roman Reigns with rim and top lighting against a clear blue sky, painted in a soft and intricate style by Krenz Cushart and Wenjun Lin."
0.4546772,0.780338,0.26245540618896485,train/00409065.jpg,Shanina Shaik depicted as Medusa with snakes for hair in a highly detailed digital painting by Chris Achilleos.
0.752983,0.4288938,0.27769357681274415,train/00409079.jpg,a bunch of sheep that are eating on some grass
0.3164836,0.7474011,0.22369537353515626,train/00409484.jpg,"A real-life Dora the Explorer holds an ice cream with a complex Pop Surrealism background, featuring muted pastel colors and soft lighting."
0.13569473,0.34111232,0.2616942596435547,train/00409579.jpg,"An eerie cabin in the middle of the woods, styled after the game Borderlands."
0.4735171,0.6747212,0.27395618438720704,train/00409594.jpg,"Portrait of Perseus, with intricate and elegant details, featuring cinematic lighting and created through digital art."
0.46344733,0.81327856,0.27054527282714846,train/00409641.jpg,"An oil painting of Tracer from Overwatch wearing a large black leather collar and has a detailed, expressive face with makeup on her eyes."
0.32966232,0.6786949,0.21409601211547852,train/00409688.jpg,"The image features a highly detailed and intricate metalhead design by artists Artgerm, Terada Katsuya, and Alphonse Mucha, currently trending on ArtStation."
0.2935348,0.5066419,0.2505600738525391,train/00409846.jpg,"Red cube with a triangular hole, concept art."
0.7149808,0.30948594,0.308767147064209,train/00409935.jpg,A couple of men sitting on top of a bench.
0.96896875,0.4107799,0.2757927703857422,train/00409939.jpg,A fighter jet in the air against a white sky.
0.96595347,0.4151383,0.2620924186706543,train/00410153.jpg,Lone plane flying in a very blue sky with a building below.
0.6876147,0.28812963,0.27448770523071286,train/00410175.jpg,A boy sitting next to a race car cake.
0.6997203,0.5180827,0.3043354988098145,train/00410177.jpg,"An elderly man riding a unicorn in symmetrical balance, captured in-frame."
0.37143043,0.9002089,0.2618431663513184,train/00410276.jpg,"Full body portrait of an anime female in school uniform on a Tokyo balcony, illustrated by multiple artists."
0.5877826,0.5687959,0.2860723495483398,train/00410359.jpg,A demonic crow wearing a devil costume.
0.9653861,0.4239354,0.2648686981201172,train/00410578.jpg,A view from an airplane of mountains with a partial snow-cap 
0.432675,0.51006496,0.2519776153564453,train/00410666.jpg,Dragon in Giger style.
0.5227575,0.69989455,0.27321126937866214,train/00410675.jpg,"The image is a detailed, intricate illustration of a human portrait wearing a carved mineral mask with tiny mineral incrustations, surrounded by elements of baroque and rococo art styles, with a white and orange color scheme and a tarot card featuring ornate artwork by marc simonetti and peter mohrbacher, set against a fractal background and utilizing cinematics lights to create an ethereal, sacred atmosphere."
0.9662675,0.40898472,0.27106689453125,train/00410898.jpg,An airplane in the sky during the day time. 
0.6397373,0.32843655,0.2760322189331055,train/00411009.jpg,Woman seated on steps with dog next to toilet and ladder.
0.5733888,0.58722764,0.27955686569213867,train/00411034.jpg,A photo of LEGO Bionicle smoking a joint surrounded by smoke with colorful hues.
0.4181928,0.06614409,0.2544005584716797,train/00411123.jpg,"A bathroom has a tub, sink, and mirror in it."
0.6532537,0.51218706,0.28863704681396485,train/00411136.jpg,"A watercolor painting of a raccoon wearing a flower crown, depicted in a child's storybook illustration."
0.28282446,0.8713298,0.27617851257324216,train/00411278.jpg,"People wearing paper bags on their heads at a store display featuring artwork by Edward Hopper, James Gilleard, and Zdzislaw Beksinski."
0.9637107,0.42142996,0.24976146697998047,train/00411380.jpg,A  large air plane flying in the blue sky.
0.9692002,0.41351426,0.26196798324584963,train/00411383.jpg,A  large air plane flying in the blue sky.
0.25013125,0.60335326,0.23006288528442384,train/00411505.jpg,Plesiosaurus attacking squid in deep sea.
0.44774106,0.88015705,0.27122941970825193,train/00411553.jpg,Portrait of a fierce woman holding a makeshift weapon.
0.43477163,0.80971557,0.27712392807006836,train/00411581.jpg,"The image is a highly detailed digital painting of a female cyborg with bioluminescent accents and flowing hair, showcasing beautiful eyes and symmetrical features in a portrait style, categorized as concept art and illustrated by a group of artists including Artgerm, Greg Rutkowski, Magali Villeneuve, and Ilya Kuvshinov."
0.4191275,0.65841556,0.25219249725341797,train/00411622.jpg,Charles Xavier from the X-Men depicted in a painting by William Adolphe Bouguereau.
0.26477537,0.45896447,0.2594738388061523,train/00411797.jpg,An illustration of a futuristic alien invasion with destructive themes by artist Mandy Jurgens.
0.8308097,0.25460398,0.29573768615722656,train/00411939.jpg,a number of people riding motorcycles on a city street
0.28619903,0.49542937,0.26058176040649417,train/00412266.jpg,Heart-shaped moon eclipses heart-shaped sun in digital art.
0.41183192,0.72099227,0.23246164321899415,train/00412412.jpg,"A handsome young man wearing a blue tunic and a gold medallion, with dark brown hair in a ponytail, depicted in a steampunk-themed illustration by artists wlop and artgerm."
0.257897,0.5271258,0.2635713768005371,train/00412465.jpg,"Image featuring a compilation of broken pieces of artwork by various artists, showcasing symbolism and surrealism styles, on the ArtStation platform."
0.23557593,0.5184844,0.2472685432434082,train/00412990.jpg,Concept art of the birth of artificial intelligence with highly detailed design.
0.8083857,0.49205056,0.27582529067993167,train/00413135.jpg,An astronaut rides a horse on the moon in a black and white photograph with high contrast and grain.
0.3046169,0.53042954,0.25884666442871096,train/00413397.jpg,"Transformers G1 Shockwave Masterpiece depicted in oil on canvas by J.C. Leyendecker, Edmund Blair Leighton, and Charlie Bowater."
0.61502904,0.47745028,0.27806869506835935,train/00414139.jpg,"A digitally-created fox fursona in a cyberpunk style with striking backlighting, by artist Kawacy."
0.4297966,0.82184464,0.2723363304138184,train/00414162.jpg,A professional digital painting of a beautiful young woman in intricate battle armor.
0.23193702,0.51508,0.24772777557373046,train/00414275.jpg,A gradient gem-shaped logo against a gradient background with flat modern design and a neumorphic effect.
0.4773703,0.9334895,0.29029485702514646,train/00414302.jpg,"A portrait featuring a person with a messy dark brown pixie haircut, large black eyes, and wearing a black tank top, leather jacket, knee-length skirt, and choker."
0.813508,0.27243853,0.27372228622436523,train/00414626.jpg,The guy is riding his motorcycle down the road with the people watching.
0.60770184,0.2621569,0.28107318878173826,train/00415140.jpg,A man handing another man something inside of a room.
0.40252784,0.68086874,0.22924964904785156,train/00415408.jpg,"A portrait of Ozzy Osbourne as Batman, created as concept art with highly detailed illustration by Carel Fabritius."
0.51390636,0.1512669,0.22961523056030272,train/00415443.jpg,"View of new, unused home kitchen with ample counter space and cabinets."
0.5289744,0.75301987,0.2404242706298828,train/00415556.jpg,"The image depicts a powerful figure with wings and robes, holding a sword and surrounded by ethereal veils and feathers."
0.2436521,0.45525414,0.25058597564697266,train/00415743.jpg,This is a pixel art depicting a massive wall that serves as a gateway to the metaverse.
0.31898734,0.42273632,0.2763205528259277,train/00416025.jpg,A baroque oil painting of an anime fighter jet dogfight in a concrete brutalist dark fantasy environment.
0.50391215,0.7087017,0.2559024620056152,train/00416098.jpg,"A full-face close-up of a god who turns his followers into animalistic creatures, with alien ruins in the background, depicted in 3D render neosurrealism concept art."
0.7434908,0.35405305,0.2932450866699219,train/00416174.jpg,a little dog standing on the back of a woman's bike 
0.46617752,0.8673314,0.26373291015625,train/00416193.jpg,"Female knight leading large army in blue and white armor with intricate details, in a coherent symmetrical artwork."
0.43296114,0.79304355,0.27808650970458987,train/00416323.jpg,"A portrait of a Syberian shaman girl, medium shot, featuring stunning details, by popular artists such as Stanley Artgerm Lau and James Jean."
0.42483923,0.1693929,0.2558071517944336,train/00416332.jpg,A bunch of garbage sitting in a cluttered area.
0.4562644,0.6256842,0.2787447929382324,train/00416425.jpg,Christ the Redeemer portrayed as a smiling cartoon/anime character in concept art.
0.44346952,0.5703459,0.2578692817687988,train/00416630.jpg,"A highly detailed digital painting of a killer robot with elements of Soviet realism, engraving, and manga style, showcased as concept art on Artstation and created by multiple artists."
0.71011496,0.3124833,0.2891327667236328,train/00416651.jpg,A woman in a white shirt uses her cell phone on a bench. 
0.54799604,0.21805766,0.2335553741455078,train/00416666.jpg,A person spooning a liquid over the top of a bunt cake that is one a glass serving plate.
0.28802234,0.49711975,0.2637899780273438,train/00416683.jpg,"The image is a stylized, pod racing fanart featuring multiple artists' styles from various platforms."
0.6492575,0.5010285,0.2854374122619629,train/00416703.jpg,A guinea pig wearing a golden crown and surrounded by smaller bowing guinea pigs.
0.33598927,0.5025349,0.2693435478210449,train/00416842.jpg,Two people are engaged in a physical altercation in a digital artwork that features intricate designs and is popular on the website ArtStation.
0.10045191,0.34480453,0.2581821632385254,train/00417114.jpg,Enchanted forest with swamp by John Martin.
0.8316449,0.20633431,0.2849089431762695,train/00417364.jpg,Motorcycles with luggage are parked on a street.
0.2426968,0.65286726,0.23273952484130858,train/00417404.jpg,Wilt Chamberlain playing basketball with Looney Tunes in Space Jam.
0.45053086,0.2362872,0.2618071174621582,train/00417595.jpg,A painting of a still life basket of fruit by Jan Davidsz. de Heem.
0.7041635,0.4027796,0.2954918098449707,train/00417646.jpg,A stuffed animal is sitting on the top of a vehicle.
0.2947945,0.45683682,0.262114200592041,train/00417849.jpg,"The image is a colorful, front-view painting of an ornate window in the art styles of fauvism and art deco."
0.55200976,0.5216115,0.27167362213134766,train/00417857.jpg,"A dark, military-style portrait of a majestic Fat Black Rooster on a royal tarot card background with a blunt brown border and Cannabis trees."
0.3257228,0.036069494,0.2696685791015625,train/00417973.jpg,A toilet with a red seat sitting next to a paper towel dispenser.
0.39173582,0.016186714,0.28516626358032227,train/00418042.jpg,A tiled floor bathroom with a red and black shower curtain.
0.42104504,0.84045005,0.27137121200561526,train/00418115.jpg,A young cyberpunk female with chrome on her face in a close-up portrait.
0.42248923,0.62716734,0.26754018783569333,train/00418277.jpg,An image of Mr. Clean styled similarly to a Stanley Kubrick film.
0.22449398,0.6010328,0.25180381774902344,train/00418299.jpg,Hexagon pattern with tileable texture.
0.48766077,0.698303,0.26574012756347654,train/00418523.jpg,"The image is a digital painting of a blonde young man in 16th century clothing with a sly expression, created as a concept art for Dungeons and Dragons and illustrated by Artgerm, Greg Rutkowski, and Alphonse Mucha on Artstation."
0.69722265,0.25893134,0.28835445404052734,train/00418704.jpg,A green wooden bench in front of a house.
0.47832498,0.7960993,0.2835851287841797,train/00418785.jpg,The image depicts a flower princess created by Anna Dittmann.
0.5948612,0.4161991,0.2522079277038574,train/00418972.jpg,"The image depicts a white fluffy cat sending down the revelation and is an overdetailed artwork by Greg Rutkowski, created under the handle Rhads."
0.20632109,0.52727234,0.2472425651550293,train/00419016.jpg,HBO logo with a futuristic design.
0.44126403,0.7090366,0.24597354888916015,train/00419068.jpg,An old mage portrait in a highly detailed and intricate environment.
0.42063206,0.6962787,0.22877080917358397,train/00419137.jpg,"League of Legends character design of the ""Gentleman from Hell"" by artists Greg Rutkowski, Anato Finnstark, and Piotr Jablonski, with highly detailed and photorealistic features trending on ArtStation."
0.35900658,0.7975693,0.23359373092651367,train/00419235.jpg,"A powerful painting titled ""Abyss"" by Beksinski, Ruan Jia, and Greg Rutkowski depicts a woman peering into the abyss."
0.6770142,0.6165009,0.2936618423461914,train/00419273.jpg,The emperor of mankind is sitting on a toilet bowl made of gold.
0.17725168,0.44669855,0.21596624374389647,train/00419384.jpg,"Futuristic Indian metropolis featuring detailed crystal and gold relics, neon lasers, and a solid cube of light in sharp focus."
0.40527317,0.7869233,0.25544483184814454,train/00419411.jpg,Closeup portrait art of Megumin from Konosuba by Craig Mullins.
0.36127353,0.06391635,0.2489597702026367,train/00419525.jpg,a bathroom with a wooden water box for the toilet
0.65872437,0.12986995,0.27230497360229494,train/00419629.jpg,The church has a tall tower where a clock is displayed. 
0.17975278,0.6203377,0.22159385681152344,train/00419720.jpg,The image depicts Totoro from Studio Ghibli as an intricate and wild concept art illustration in detailed digital art format.
0.09899531,0.5783425,0.22645120620727538,train/00419744.jpg,The image consists of an old gigantic gundam mecha standing above a typical Japanese yard in a small town called Hikone.
0.44921905,0.5427131,0.24498727798461914,train/00420049.jpg,A digital illustration of a female tennis ball monster with a fantasy and magic theme.
0.41336727,0.80868846,0.2540556526184082,train/00420090.jpg,"Portrait of a gothic maiden with cyberpunk elements, inspired by Warhammer and illustrated in highly detailed art by Gustav Klimt and Range Murata on Artstation."
0.3118918,0.5201413,0.25880727767944334,train/00420115.jpg,A full body digital painting of a fantasy scene depicting the theme of death.
0.82153803,0.19616647,0.2891928482055664,train/00420155.jpg,a retail shop filled with all kinds of bicycles and a window
0.46838045,0.49789017,0.27506484985351565,train/00420163.jpg,"A small winged creature lands on the very top of a monolith, while a cowboy plague doctor and kitesail cleric look on."
0.5590128,0.5219487,0.27486753463745117,train/00420168.jpg,"A penguin wearing a ninja mask, with intricate symmetry and detail."
0.22648379,0.57099193,0.25208789825439454,train/00420219.jpg,A close-up fragment of a wine glass in a 19th century classical oil painting.
0.44929498,0.4765522,0.2450331687927246,train/00420240.jpg,"A chrome mechabot dinosaur sculpture made of cables, wires, and tubes in an empty studio."
0.82931423,0.25951952,0.282777042388916,train/00420347.jpg,A group of people on motorcycles sitting in the road.
0.1630093,0.53426844,0.22462841033935546,train/00420522.jpg,"The image features a dynamic hyper turbin SSD with a capacity of 6.0 TB, with realistic and clear details, and an HDR effect."
0.5639819,0.26047593,0.27448637008666993,train/00420546.jpg,a man in a chef hat looks at some food 
0.8552087,0.19047178,0.3125901794433594,train/00420756.jpg,A parked black motorcycle in front of a brown house.
0.53052473,0.69058543,0.27346187591552734,train/00420859.jpg,The image is a digital 3D render of a profile view portrait of an AI robot king with an anime style.
0.5616869,0.7975561,0.2672754859924316,train/00420903.jpg,"A mothman female with white and brown coloring, featuring an insect face and hybrid creature design by Greg Rutkowski."
0.17839816,0.40205988,0.23709184646606446,train/00420964.jpg,A futuristic building in a serene landscape.
0.63347834,0.2218876,0.2636224555969238,train/00421122.jpg,Women weaving tapestry by the river.
0.84296817,0.29209456,0.29894235610961917,train/00421131.jpg,A man sitting on a motorcycle on a sidewalk.
0.53436816,0.50924873,0.28614517211914064,train/00421199.jpg,A matte painting of a unicorn running in the wind.
0.36205128,0.071098946,0.24889518737792968,train/00421203.jpg,Looking through a door and seeing a toilet and sink.
0.16542089,0.37936324,0.23383756637573241,train/00421232.jpg,"An image of a fairy palace surrounded by lush vegetation and purple trees, with castle towers, sunbeams, a gothic cathedral, and a Japanese shrine waterfall."
0.8225461,0.28385743,0.2976142120361328,train/00421303.jpg,"A motorcycle and a girl, with red lanterns hanging."
0.41715872,0.15724756,0.26505882263183594,train/00421334.jpg,A bedroom with wooden floors in an apartment. 
0.71821433,0.46137735,0.28830236434936524,train/00421851.jpg,A lemon in a suit walking down the streets of Los Angeles.
0.33858636,0.44506943,0.264525318145752,train/00422126.jpg,A storyboard ink drawing of Maciej Kuciara's Eldrad Bandits stopping a convoy to rob it in an art deco style.
0.54936093,0.12588242,0.24911077499389647,train/00422606.jpg,A line of unfinished cabinents in a warehouse.
0.6369167,0.40085313,0.2761508750915527,train/00422641.jpg,"The image depicts five males with short and wavy hair, wearing a teal sweater, and having light brown skin and blue hair."
0.80345905,0.22778016,0.26073848724365234,train/00422718.jpg,"A group of bicyclists on the side of a road next to a bus that says ""Every lane is a bike lane"" on it's bumper. "
0.5107172,0.46596947,0.24188922882080077,train/00422730.jpg,A duck painting by Paul Klee.
0.6162866,0.5816011,0.2954424285888672,train/00422795.jpg,"Sonic the Hedgehog fighting a pink rubber monkey in a cyberpunk, post-apocalyptic Tokyo setting, depicted in a highly detailed digital painting by Bill Sienkiewicz."
0.36280316,0.6168447,0.23155227661132813,train/00423005.jpg,A heavy metal rockstar is seen invoking satan during a concert in an illustration.
0.5367622,0.6328633,0.2788196563720703,train/00423077.jpg,"Photo of a humanoid labrador with human eyes, ears, nose and skin in a portrait style."
0.4587643,0.7696031,0.2671199417114258,train/00423126.jpg,"Jessica Alba as Aika Agent posing for Dreamworks Animation Studios in the art style of Hirokazu Yokohara, Mai Yoneyama, and Matsunaga Takafumi."
0.52784735,0.25973895,0.2617753219604492,train/00423237.jpg,A beautiful bathroom sink with a person taking a photo in the mirror.
0.5236079,0.65604454,0.2718704414367676,train/00423367.jpg,"A mayan cyberpunk robot is seen walking through a city street with a clear face, inspired by the works of J.C. Leyendecker, Simon Stalenhag, Studio Ghibli and Beksinski."
0.59200954,0.8153495,0.27209081649780276,train/00423461.jpg,A female cyborg is being repaired in a futuristic military medical bay.
0.82111174,0.27210316,0.28958118438720704,train/00423561.jpg,A couple of people riding a motorcycle and waving
0.6746288,0.5094613,0.2997297286987305,train/00423582.jpg,A lop eared bunny rabbit sits in grass surrounded by daffodils and tulips in a detailed painting.
0.32593098,0.8145673,0.20845624923706055,train/00423644.jpg,Closeup headshot of Harley Quinn in a rainy night club setting.
0.43625823,0.8889738,0.26807466506958005,train/00423645.jpg,Closeup headshot of Harley Quinn in a rainy night club setting.
0.21503484,0.57640034,0.23443265914916991,train/00423658.jpg,"The image depicts the concept of complementary forces in life, by Akira Toriyama."
0.38735014,0.049531315,0.26870012283325195,train/00423782.jpg,A white bath tub sitting in a room next to a toilet.
0.2054972,0.40934527,0.24607837677001954,train/00423856.jpg,"The image features gothic architecture illuminated by starlight with a beautiful and opulent appearance, resembling a matte painting with shimmering details."
0.8132046,0.36795542,0.25181270599365235,train/00423901.jpg,Boys doing stunts in an area designed for skate boarding
0.4294993,0.5836584,0.26054412841796876,train/00423990.jpg,A print of a Kenku priest created by Alien Isolation in 1989.
0.36447546,0.6849729,0.22105613708496094,train/00424096.jpg,Saul Goodman/Jimmy McGill depicted in a traditional Japanese ukiyo-e art style from the Edo period.
0.47811207,0.15829118,0.26423675537109376,train/00424138.jpg,This is a picture of a kitchen with a chrome stove.  
0.33374885,0.81105393,0.2290574836730957,train/00424204.jpg,"A skeletal angel of death wearing a gigantic black silk gown walks among houses in a village, causing fear and panic amidst a dark and foggy atmosphere."
0.29541758,0.39229596,0.2691259765625,train/00424270.jpg,A mysterious door at the end of a dark hallway with a neon sign in rhads style.
0.18523917,0.6255282,0.2238968276977539,train/00424616.jpg,A still from the flash animated movie by Jumpei Mizusaki.
0.2842765,0.49981496,0.26691722869873047,train/00424645.jpg,"CGI movie scene depicting the Binding of Isaac with highly detailed and photorealistic skin, set in a beautiful ambience with global illumination and god rays."
0.1495414,0.4150089,0.22238855361938475,train/00424760.jpg,"A digital painting of a mountainous landscape with a paisley-filled sky and stars, illustrated by Benjamin Lacombe and James Gilleard."
0.4830297,0.83779156,0.27727603912353516,train/00424878.jpg,Portrait of a Brazilian Supermodel with intricate flower designs on their face and an Art Nouveau-inspired background.
0.4335528,0.506814,0.2807167434692383,train/00424914.jpg,A realist painting of birds performing an enchanted summoning ritual while wearing cloaks.
0.39793158,0.8173244,0.2663014602661133,train/00424948.jpg,"A young witch wearing checked stockings, a short dress and a huge hat, depicted in a highly detailed digital painting by miaormoa."
0.45691967,0.57901525,0.2694284057617187,train/00425154.jpg,"The image depicts the Emerald Herald in a rose garden, created by Akihiko Yoshida for a tankoban manga, with a color page featuring detailed artwork."
0.4293789,0.07263475,0.2661197853088379,train/00425222.jpg,A row of sinks and mirrors in a rest room
0.35563672,0.7931775,0.21036638259887697,train/00425292.jpg,A portrait of a lioness queen depicted as a woman.
0.24170926,0.46908334,0.25599849700927735,train/00425631.jpg,"Digital painting of Soviet realism inspired concept art featuring watercolor and engraving elements by various artists, optimized for Unreal Engine 5."
0.38370326,0.7409037,0.22076642990112305,train/00425659.jpg,"Image of RuPaul dressed in a dragon costume standing in front of a colorful backdrop, with text reading ""RuPaul's Dragon Race."""
0.7395006,0.56909037,0.27600292205810545,train/00425761.jpg,"A DJ plays pizza on a turntable, accompanied by a laser show against the night sky backdrop."
0.3558741,0.68126327,0.2195396041870117,train/00426024.jpg,Danny Devito striking a pose as Wolverine.
0.34268293,0.7212201,0.20686405181884765,train/00426052.jpg,A stunning portrait of DC's Green Lantern in vibrant colors and dynamic lighting by artist Greg Rutkowski.
0.42423156,0.23621476,0.2831864929199219,train/00426098.jpg,The small scissors are on top of a wallet which is on a flowered tablecloth. 
0.4224355,0.9516319,0.3129479217529297,train/00426178.jpg,Anime girl eating a bar of soap.
0.5989875,0.46630034,0.2743556594848633,train/00426225.jpg,A digital furry art piece featuring an otter fursona by Don Bluth.
0.18428807,0.4091898,0.23878604888916016,train/00426317.jpg,A beautiful cityscape of Tokyo at sunset with a highly cinematic and detailed composition.
0.72719467,0.17183328,0.2658338928222656,train/00426359.jpg,A white car near a green and yellow parking meter.
0.41366518,0.8811449,0.280791187286377,train/00426543.jpg,A pin-up style Japanese girl wearing LV jewelry surrounded by a detailed and intricate fantasy background.
0.537721,0.729917,0.25925138473510745,train/00426694.jpg,"The image features a red-haired character wearing Warframe armor resembling an Egyptian pharaoh, possessing a regal and attractive appearance with ornate details and sultry allure."
0.35451686,0.74358594,0.23661195755004882,train/00426716.jpg,Illustration of a damaged cyborg being repaired in a military medical bay with an astronaut soldier watching.
0.104676105,0.32896298,0.2637515640258789,train/00426739.jpg,"A forest with tall trunks trees, hanging vines and moss."
0.22873153,0.67896557,0.23758129119873048,train/00426796.jpg,A bald man carrying two turbine engines with fire spitting out.
0.80601114,0.2581026,0.27846607208251956,train/00426955.jpg,a bunch of people are doing tricks on a single motorcycle
0.40657547,0.92315036,0.27645856857299805,train/00426965.jpg,"Description: A full-body anime girl with gold hair, blue eyes, and a cute outfit stands in an urban setting, captured in cinematic wallpaper."
0.61565906,0.35538405,0.27326370239257813,train/00427196.jpg,Older cat is sitting on a toilet inside of the bathroom.
0.73350996,0.3906095,0.2942629241943359,train/00427283.jpg,An elephant walking down a street next to a crowd of people.
0.9688202,0.3967605,0.2861396026611328,train/00427392.jpg,A commercial jet with its wheels down in a blue sky
0.45271882,0.65037477,0.2601358604431152,train/00427466.jpg,"The image is a movie poster illustration of John Oliver as Dexter in Dexter, created with ink and marker art."
0.4713245,0.15029952,0.27342971801757815,train/00427505.jpg,A kitchen with metallic appliances and wooden cabinets.
0.43415728,0.8210827,0.26617122650146485,train/00427534.jpg,"A detailed full body image of a goddess in a dynamic pose with intricate details and elegant aesthetic, resembling a cosplay."
0.43245637,0.061533105,0.27790868759155274,train/00427550.jpg,A bathroom sink that is under a mirror.
0.50462055,0.7251649,0.25115261077880857,train/00427884.jpg,The image is a profile portrait of a masked laboratory engineer with cyborg enhancements and a dystopian outfit in a dieselpunk style.
0.49336764,0.88773406,0.2729269790649414,train/00427899.jpg,A modern warrior woman on a mechanical futuristic dragon flying over post-apocalyptic skyscraper buildings.
0.18510109,0.45320857,0.22074541091918945,train/00427964.jpg,The image depicts hyperrealistic artwork showcasing sustainability and science through water and microbiome technologies in a cyberpunk nature setting.
0.3868928,0.48971432,0.25832313537597656,train/00427998.jpg,"An anime key visual featuring seven deities sitting at a marble table with a holy golden aura, painted in the style of Jamie Wyeth, James Gilleard, Edward Hopper, and Greg Rutkowski."
0.19251473,0.52419275,0.2484317970275879,train/00428048.jpg,"An image of improvised weapons made out of random materials, such as pipes and metal scraps."
0.34896672,0.4207125,0.2626288223266602,train/00428091.jpg,A futuristic surgical machine with robotic and 3D printing capabilities showcased in detailed digital art by several artists on Artstation.
0.96956277,0.4179378,0.2667067337036133,train/00428198.jpg,a couple of fighter jets flying through the blue sky 
0.34868854,0.8268606,0.24116207122802735,train/00428236.jpg,A woman is holding a portal to another universe in a fantasy style.
0.3236583,0.34445938,0.2676845169067383,train/00428377.jpg,"A closeup film still of a courtyard interior with a window view, featuring a beautiful projection of Totoro in the background."
0.34721377,0.674346,0.22098630905151367,train/00428496.jpg,Mario portrayed with the same artistic style as Mona Lisa.
0.42515635,0.07793158,0.2421955108642578,train/00428571.jpg,a bath room with a sink and a large mirror 
0.7630257,0.42024076,0.27180572509765627,train/00428802.jpg,A dog out in a field with a herd of sheep.
0.37932917,0.6260468,0.2585518264770508,train/00428830.jpg,Portrait painting by Edward Hopper and James Gilleard with high level of detail.
0.43647474,0.0877515,0.24935853958129883,train/00428862.jpg,A clean sink with mouthwash and toothbrushes on it.
0.33145264,0.047522932,0.2641148567199707,train/00429241.jpg,A very clean toilet with the lid up next to toilet paper. 
0.54968315,0.56560975,0.28623624801635744,train/00429357.jpg,A portrait of Alf in a Pixar style.
0.8176066,0.28756583,0.28194757461547854,train/00429643.jpg,A female on with a helmet is sitting on a motorcycle.
0.23484541,0.35563165,0.27251955032348635,train/00429802.jpg,"A medium shot of purple Slaanesh demons walking in a deserted medieval Italian town, depicted in an atmospheric fantasy matte painting by Eytan Zana, Ruan Jia, and Boris Vallejo."
